# Time	forces(pressure, viscous) moment(pressure, viscous)
1	(((1.02776e-06 4.18732e-10 -2.58627e-15) (1.09024e-05 1.13007e-09 4.29753e-11)) ((3.31461e-12 -3.52207e-11 -3.81099e-16) (1.01642e-11 -1.85993e-12 -1.49881e-10)))
2	(((1.24337e-06 1.67875e-09 -2.18706e-15) (6.91631e-06 9.31548e-10 2.18257e-10)) ((5.78359e-12 -2.95631e-11 -3.02828e-16) (1.05494e-11 2.50613e-13 -5.3373e-10)))
3	(((7.0615e-07 2.27462e-09 1.78899e-15) (5.04113e-06 8.65725e-10 2.93005e-10)) ((5.07251e-12 -7.74999e-12 -3.95112e-16) (8.46153e-12 8.73593e-13 -9.16273e-10)))
4	(((1.09041e-07 2.30691e-09 4.49269e-15) (3.99819e-06 1.01332e-09 3.20086e-10)) ((4.63068e-12 8.21198e-12 -7.19756e-16) (5.7016e-12 -1.87967e-12 -1.25024e-09)))
5	(((-6.15964e-08 1.20986e-09 4.4129e-15) (3.36537e-06 1.21293e-09 2.87809e-10)) ((4.03422e-12 1.12796e-11 -1.25143e-15) (4.59975e-12 -6.1304e-12 -1.45929e-09)))
6	(((1.62212e-07 -3.93589e-10 1.66318e-15) (2.93325e-06 1.1945e-09 2.77852e-10)) ((-8.12601e-13 7.40684e-12 -1.50127e-15) (4.44346e-12 -8.14235e-12 -1.57338e-09)))
7	(((4.48841e-07 -1.29773e-09 -7.19001e-16) (2.59477e-06 1.04156e-09 2.82159e-10)) ((-6.12927e-12 1.89081e-12 -1.33585e-15) (3.42053e-12 -7.91726e-12 -1.62129e-09)))
8	(((5.34803e-07 3.31413e-10 -3.70341e-16) (2.31181e-06 9.29277e-10 2.79517e-10)) ((-7.66448e-12 -2.34217e-12 -8.40941e-16) (2.23592e-12 -6.16192e-12 -1.62246e-09)))
9	(((4.23381e-07 2.6198e-09 1.5695e-15) (2.07715e-06 8.30932e-10 2.44155e-10)) ((-5.90794e-12 -3.91977e-12 -2.79395e-16) (1.3897e-12 -4.13706e-12 -1.59281e-09)))
10	(((2.77451e-07 3.85355e-09 3.4334e-15) (1.88788e-06 7.87784e-10 1.8194e-10)) ((-4.70018e-12 -1.69943e-12 6.79872e-17) (9.37616e-13 -3.45945e-12 -1.5439e-09)))
11	(((2.20723e-07 3.07027e-09 3.82724e-15) (1.73615e-06 7.43949e-10 1.50742e-10)) ((-5.15053e-12 1.60524e-12 1.59669e-16) (1.00987e-12 -3.23042e-12 -1.48768e-09)))
12	(((2.60538e-07 1.22781e-09 3.04358e-15) (1.60924e-06 6.55162e-10 1.37899e-10)) ((-6.38329e-12 3.41046e-12 1.40541e-16) (1.06903e-12 -2.50783e-12 -1.43016e-09)))
13	(((3.24807e-07 2.27685e-10 2.17072e-15) (1.49662e-06 5.37211e-10 1.30707e-10)) ((-7.62178e-12 3.20601e-12 1.82671e-16) (1.76865e-12 -1.56041e-12 -1.37181e-09)))
14	(((3.49279e-07 9.07918e-10 1.9767e-15) (1.39393e-06 4.44961e-10 1.17091e-10)) ((-8.48222e-12 1.25377e-12 3.02855e-16) (2.13073e-12 -4.30409e-13 -1.31244e-09)))
15	(((3.27424e-07 2.37918e-09 2.3267e-15) (1.30145e-06 4.18996e-10 9.84555e-11)) ((-9.16494e-12 -7.04587e-13 4.4783e-16) (2.11153e-12 6.012e-13 -1.25291e-09)))
16	(((2.9253e-07 3.39402e-09 2.75737e-15) (1.21994e-06 3.95961e-10 8.61694e-11)) ((-9.6212e-12 -1.32687e-12 5.34661e-16) (1.95457e-12 1.25349e-12 -1.19416e-09)))
17	(((2.74644e-07 3.33925e-09 2.87151e-15) (1.14837e-06 3.33366e-10 7.05479e-11)) ((-1.04526e-11 -8.58373e-13 5.37866e-16) (1.67596e-12 1.71613e-12 -1.13767e-09)))
18	(((2.78416e-07 2.42372e-09 2.65709e-15) (1.08441e-06 2.26594e-10 6.30378e-11)) ((-1.17845e-11 -4.1998e-13 5.13952e-16) (1.78699e-12 1.95546e-12 -1.08392e-09)))
19	(((2.89634e-07 1.65485e-09 2.30772e-15) (1.02593e-06 1.22715e-10 5.05677e-11)) ((-1.35408e-11 -5.1333e-13 5.09498e-16) (1.96147e-12 2.36163e-12 -1.03315e-09)))
20	(((2.94015e-07 1.76661e-09 2.02389e-15) (9.71852e-07 5.65176e-11 4.10555e-11)) ((-1.52231e-11 -1.06851e-12 5.40259e-16) (1.96041e-12 2.80809e-12 -9.8541e-10)))
21	(((2.88699e-07 2.53476e-09 1.8948e-15) (9.21967e-07 2.19283e-11 3.0899e-11)) ((-1.61527e-11 -1.90287e-12 5.69389e-16) (1.64489e-12 3.33654e-12 -9.40358e-10)))
22	(((2.798e-07 3.32487e-09 1.86052e-15) (8.76292e-07 5.21906e-12 2.65395e-11)) ((-1.59032e-11 -2.4638e-12 5.78043e-16) (1.13332e-12 3.6648e-12 -8.97355e-10)))
23	(((2.73904e-07 3.59976e-09 1.80532e-15) (8.34555e-07 -7.07598e-12 2.46091e-11)) ((-1.48827e-11 -2.40903e-12 5.62421e-16) (8.66601e-13 3.98499e-12 -8.5603e-10)))
24	(((2.72351e-07 3.49348e-09 1.62037e-15) (7.96173e-07 -2.77489e-11 2.04445e-11)) ((-1.42616e-11 -2.12899e-12 5.42495e-16) (7.76702e-13 4.10432e-12 -8.17026e-10)))
25	(((2.72627e-07 3.38862e-09 1.40449e-15) (7.60554e-07 -5.49864e-11 1.69569e-11)) ((-1.40477e-11 -2.15198e-12 5.18132e-16) (4.82279e-13 4.25557e-12 -7.80465e-10)))
26	(((2.7203e-07 3.37697e-09 1.35681e-15) (7.27311e-07 -7.85656e-11 1.64466e-11)) ((-1.39715e-11 -2.45906e-12 5.03574e-16) (2.0893e-13 4.39459e-12 -7.46278e-10)))
27	(((2.69777e-07 3.59073e-09 1.32331e-15) (6.96264e-07 -9.20292e-11 1.60363e-11)) ((-1.3769e-11 -3.00492e-12 4.91353e-16) (-4.47352e-14 4.52345e-12 -7.14169e-10)))
28	(((2.6691e-07 3.8178e-09 1.2676e-15) (6.67316e-07 -1.01431e-10 1.52506e-11)) ((-1.33281e-11 -3.47251e-12 4.78567e-16) (-2.20261e-13 4.63923e-12 -6.83938e-10)))
29	(((2.64553e-07 3.94238e-09 1.21322e-15) (6.40314e-07 -1.13805e-10 1.56503e-11)) ((-1.23413e-11 -3.67971e-12 4.60509e-16) (-4.61784e-13 4.74537e-12 -6.55367e-10)))
30	(((2.62878e-07 3.85372e-09 1.17241e-15) (6.15052e-07 -1.30173e-10 1.31462e-11)) ((-1.17039e-11 -3.61241e-12 4.45417e-16) (-5.95757e-13 4.78982e-12 -6.28262e-10)))
31	(((2.61495e-07 3.75116e-09 1.05172e-15) (5.9133e-07 -1.497e-10 1.26155e-11)) ((-1.10318e-11 -3.65954e-12 4.29743e-16) (-7.26667e-13 4.844e-12 -6.02581e-10)))
32	(((2.6006e-07 3.70134e-09 1.0016e-15) (5.68997e-07 -1.71662e-10 1.39297e-11)) ((-1.04129e-11 -3.69301e-12 4.18408e-16) (-9.57472e-13 4.9146e-12 -5.78342e-10)))
33	(((2.58502e-07 3.72322e-09 9.33756e-16) (5.47957e-07 -1.94919e-10 1.12962e-11)) ((-1.0016e-11 -3.86756e-12 4.10836e-16) (-1.11558e-12 4.95466e-12 -5.55455e-10)))
34	(((2.56966e-07 3.72859e-09 8.94036e-16) (5.28128e-07 -2.16941e-10 9.68613e-12)) ((-9.69609e-12 -4.0446e-12 4.01282e-16) (-1.10885e-12 4.9332e-12 -5.33857e-10)))
35	(((2.55514e-07 3.64409e-09 8.58506e-16) (5.09433e-07 -2.38274e-10 7.22356e-12)) ((-9.17622e-12 -4.30076e-12 3.952e-16) (-1.05996e-12 4.96292e-12 -5.13332e-10)))
36	(((2.54142e-07 3.54394e-09 8.29877e-16) (4.91777e-07 -2.56955e-10 6.56105e-12)) ((-8.38199e-12 -4.61074e-12 3.82062e-16) (-1.15074e-12 4.93336e-12 -4.93899e-10)))
37	(((2.52789e-07 3.4547e-09 7.79838e-16) (4.75079e-07 -2.76064e-10 6.28538e-12)) ((-7.69711e-12 -4.77834e-12 3.72387e-16) (-1.23471e-12 4.90931e-12 -4.75495e-10)))
38	(((2.51463e-07 3.36862e-09 7.53915e-16) (4.59264e-07 -2.96453e-10 6.29897e-12)) ((-7.26956e-12 -4.83029e-12 3.60451e-16) (-1.24901e-12 4.84559e-12 -4.58093e-10)))
39	(((2.50131e-07 3.26776e-09 6.98063e-16) (4.44276e-07 -3.14903e-10 6.71258e-12)) ((-6.81546e-12 -4.85267e-12 3.54944e-16) (-1.26261e-12 4.7929e-12 -4.41577e-10)))
40	(((2.4884e-07 3.24566e-09 6.96109e-16) (4.30063e-07 -3.32686e-10 6.84369e-12)) ((-6.52403e-12 -4.91973e-12 3.44267e-16) (-1.26394e-12 4.71479e-12 -4.25895e-10)))
41	(((2.47557e-07 3.21707e-09 6.76582e-16) (4.1658e-07 -3.5215e-10 6.37179e-12)) ((-5.87418e-12 -4.95648e-12 3.37301e-16) (-1.29209e-12 4.63602e-12 -4.10979e-10)))
42	(((2.46355e-07 3.22218e-09 6.45654e-16) (4.03774e-07 -3.73265e-10 6.20208e-12)) ((-5.39727e-12 -5.00776e-12 3.27549e-16) (-1.31168e-12 4.56858e-12 -3.96778e-10)))
43	(((2.45063e-07 3.17911e-09 6.09366e-16) (3.91603e-07 -3.94887e-10 5.74218e-12)) ((-4.83927e-12 -4.98869e-12 3.22973e-16) (-1.32151e-12 4.51361e-12 -3.83201e-10)))
44	(((2.43909e-07 3.25021e-09 5.74053e-16) (3.80024e-07 -4.13649e-10 6.30669e-12)) ((-4.55081e-12 -4.85763e-12 3.12927e-16) (-1.31176e-12 4.42497e-12 -3.70311e-10)))
45	(((2.42714e-07 3.21725e-09 5.2531e-16) (3.69003e-07 -4.29297e-10 6.59649e-12)) ((-4.30697e-12 -4.76695e-12 3.11971e-16) (-1.28837e-12 4.32243e-12 -3.58031e-10)))
46	(((2.41578e-07 3.26037e-09 4.84911e-16) (3.58506e-07 -4.41823e-10 7.03563e-12)) ((-4.09469e-12 -4.70096e-12 3.03261e-16) (-1.27731e-12 4.21893e-12 -3.46342e-10)))
47	(((2.40456e-07 3.30684e-09 4.56481e-16) (3.48505e-07 -4.53194e-10 7.07049e-12)) ((-3.69012e-12 -4.55997e-12 3.01197e-16) (-1.29093e-12 4.09053e-12 -3.35159e-10)))
48	(((2.39419e-07 3.32552e-09 4.6383e-16) (3.38971e-07 -4.64706e-10 6.01295e-12)) ((-3.73226e-12 -4.53631e-12 2.93856e-16) (-1.23321e-12 3.99224e-12 -3.24464e-10)))
49	(((2.38402e-07 3.334e-09 4.45895e-16) (3.29876e-07 -4.77274e-10 5.20592e-12)) ((-3.493e-12 -4.45506e-12 2.90078e-16) (-1.23131e-12 3.90549e-12 -3.14227e-10)))
50	(((2.3742e-07 3.38864e-09 4.44032e-16) (3.21197e-07 -4.89928e-10 4.7563e-12)) ((-3.25116e-12 -4.36942e-12 2.83954e-16) (-1.22622e-12 3.82506e-12 -3.04391e-10)))
51	(((2.36439e-07 3.43469e-09 4.1962e-16) (3.1291e-07 -5.02088e-10 4.09912e-12)) ((-3.05626e-12 -4.26896e-12 2.79606e-16) (-1.18118e-12 3.73474e-12 -2.94939e-10)))
52	(((2.35504e-07 3.46055e-09 4.32765e-16) (3.04992e-07 -5.14176e-10 4.8618e-12)) ((-2.87469e-12 -4.14128e-12 2.72945e-16) (-1.18425e-12 3.63513e-12 -2.85887e-10)))
53	(((2.34582e-07 3.47373e-09 4.25649e-16) (2.97425e-07 -5.25725e-10 5.28983e-12)) ((-2.48053e-12 -4.00981e-12 2.67845e-16) (-1.19324e-12 3.52753e-12 -2.77232e-10)))
54	(((2.33674e-07 3.45155e-09 4.03056e-16) (2.90189e-07 -5.36829e-10 5.48518e-12)) ((-2.3522e-12 -3.93972e-12 2.61373e-16) (-1.12724e-12 3.41444e-12 -2.68976e-10)))
55	(((2.32794e-07 3.4129e-09 4.12698e-16) (2.83269e-07 -5.47125e-10 5.51269e-12)) ((-2.21886e-12 -3.95015e-12 2.55769e-16) (-1.07977e-12 3.33435e-12 -2.61109e-10)))
56	(((2.31927e-07 3.41807e-09 3.92036e-16) (2.7665e-07 -5.56813e-10 5.94415e-12)) ((-1.87088e-12 -3.84144e-12 2.49642e-16) (-1.05809e-12 3.24074e-12 -2.53578e-10)))
57	(((2.31086e-07 3.38893e-09 3.96484e-16) (2.70317e-07 -5.65706e-10 5.80091e-12)) ((-1.75554e-12 -3.77562e-12 2.43965e-16) (-1.01708e-12 3.14968e-12 -2.46366e-10)))
58	(((2.30293e-07 3.34136e-09 4.07428e-16) (2.64255e-07 -5.74622e-10 5.94823e-12)) ((-1.57817e-12 -3.72724e-12 2.38018e-16) (-1.02709e-12 3.06279e-12 -2.39456e-10)))
59	(((2.29554e-07 3.32547e-09 4.06525e-16) (2.58449e-07 -5.83245e-10 5.96377e-12)) ((-1.35297e-12 -3.68376e-12 2.31939e-16) (-1.03181e-12 2.98254e-12 -2.32818e-10)))
60	(((2.28858e-07 3.23675e-09 4.033e-16) (2.52888e-07 -5.9127e-10 5.399e-12)) ((-1.30296e-12 -3.6663e-12 2.27036e-16) (-1.00723e-12 2.91288e-12 -2.26422e-10)))
61	(((2.28149e-07 3.16781e-09 3.99318e-16) (2.47559e-07 -5.99457e-10 4.87679e-12)) ((-1.22618e-12 -3.68624e-12 2.22364e-16) (-9.88221e-13 2.85282e-12 -2.20277e-10)))
62	(((2.27495e-07 3.12818e-09 3.96885e-16) (2.42452e-07 -6.06827e-10 5.51377e-12)) ((-1.06788e-12 -3.56838e-12 2.16429e-16) (-9.40408e-13 2.77632e-12 -2.14393e-10)))
63	(((2.26811e-07 3.07259e-09 3.92849e-16) (2.37556e-07 -6.13574e-10 4.74841e-12)) ((-1.02269e-12 -3.56572e-12 2.13008e-16) (-8.74404e-13 2.7132e-12 -2.0874e-10)))
64	(((2.26222e-07 3.02414e-09 4.00029e-16) (2.32861e-07 -6.1917e-10 4.07357e-12)) ((-9.80578e-13 -3.47044e-12 2.08937e-16) (-8.22588e-13 2.64434e-12 -2.0332e-10)))
65	(((2.25589e-07 3.01586e-09 4.11351e-16) (2.28357e-07 -6.24898e-10 4.55691e-12)) ((-7.87532e-13 -3.45688e-12 2.04462e-16) (-8.08334e-13 2.56065e-12 -1.98063e-10)))
66	(((2.25011e-07 2.96972e-09 4.33677e-16) (2.24036e-07 -6.29555e-10 4.97256e-12)) ((-7.42712e-13 -3.34765e-12 2.00473e-16) (-7.92048e-13 2.48218e-12 -1.9297e-10)))
67	(((2.24369e-07 2.92985e-09 4.37018e-16) (2.19891e-07 -6.33652e-10 4.7936e-12)) ((-8.26748e-13 -3.32125e-12 1.96795e-16) (-7.46847e-13 2.41467e-12 -1.88018e-10)))
68	(((2.2387e-07 2.84065e-09 4.3105e-16) (2.15913e-07 -6.37219e-10 4.4867e-12)) ((-7.57089e-13 -3.29192e-12 1.92874e-16) (-7.22677e-13 2.34878e-12 -1.83226e-10)))
69	(((2.23361e-07 2.86227e-09 4.38153e-16) (2.12097e-07 -6.39784e-10 4.52897e-12)) ((-7.08056e-13 -3.24613e-12 1.88241e-16) (-6.91083e-13 2.27969e-12 -1.78606e-10)))
70	(((2.22906e-07 2.77692e-09 4.44434e-16) (2.08434e-07 -6.42609e-10 4.51802e-12)) ((-6.37608e-13 -3.18787e-12 1.81105e-16) (-6.64392e-13 2.21368e-12 -1.74115e-10)))
71	(((2.22347e-07 2.75169e-09 4.3954e-16) (2.04917e-07 -6.44572e-10 4.62601e-12)) ((-6.2715e-13 -3.1454e-12 1.78867e-16) (-6.20333e-13 2.15381e-12 -1.69837e-10)))
72	(((2.21836e-07 2.67824e-09 4.4644e-16) (2.0154e-07 -6.46925e-10 5.12674e-12)) ((-5.34192e-13 -3.05546e-12 1.77297e-16) (-5.82896e-13 2.09729e-12 -1.65755e-10)))
73	(((2.21304e-07 2.68407e-09 4.35117e-16) (1.98298e-07 -6.49217e-10 5.33589e-12)) ((-5.80798e-13 -3.02219e-12 1.73518e-16) (-5.36163e-13 2.04102e-12 -1.61808e-10)))
74	(((2.20892e-07 2.67086e-09 4.4021e-16) (1.95184e-07 -6.49827e-10 5.51322e-12)) ((-4.6298e-13 -2.94014e-12 1.70543e-16) (-5.34514e-13 1.98769e-12 -1.58002e-10)))
75	(((2.2044e-07 2.68045e-09 4.44026e-16) (1.92194e-07 -6.49497e-10 5.1208e-12)) ((-4.32022e-13 -2.93732e-12 1.67084e-16) (-4.86953e-13 1.92843e-12 -1.54297e-10)))
76	(((2.20032e-07 2.62071e-09 4.47998e-16) (1.89319e-07 -6.4829e-10 4.94767e-12)) ((-2.57269e-13 -2.90609e-12 1.65181e-16) (-4.79024e-13 1.8622e-12 -1.50705e-10)))
77	(((2.19544e-07 2.63762e-09 4.62539e-16) (1.86556e-07 -6.46368e-10 4.95971e-12)) ((-3.2802e-13 -2.82093e-12 1.62484e-16) (-4.29092e-13 1.80051e-12 -1.47246e-10)))
78	(((2.19092e-07 2.60821e-09 4.68964e-16) (1.83901e-07 -6.4339e-10 5.05527e-12)) ((-1.96153e-13 -2.7602e-12 1.59466e-16) (-4.33001e-13 1.7515e-12 -1.43924e-10)))
79	(((2.18605e-07 2.60492e-09 4.70774e-16) (1.81349e-07 -6.39226e-10 4.42068e-12)) ((-1.67842e-13 -2.8109e-12 1.5672e-16) (-3.90415e-13 1.71159e-12 -1.40728e-10)))
80	(((2.18229e-07 2.52682e-09 4.66429e-16) (1.78895e-07 -6.3446e-10 4.35727e-12)) ((-4.68589e-14 -2.74338e-12 1.5573e-16) (-3.79122e-13 1.65737e-12 -1.37666e-10)))
81	(((2.17866e-07 2.48662e-09 4.77009e-16) (1.76536e-07 -6.29965e-10 4.90908e-12)) ((-4.05161e-14 -2.69776e-12 1.52102e-16) (-3.64227e-13 1.61021e-12 -1.34714e-10)))
82	(((2.17486e-07 2.43635e-09 4.66243e-16) (1.74266e-07 -6.24262e-10 4.87895e-12)) ((6.74708e-14 -2.68398e-12 1.49845e-16) (-3.65954e-13 1.57105e-12 -1.31874e-10)))
83	(((2.17053e-07 2.42929e-09 4.67772e-16) (1.72083e-07 -6.17915e-10 5.12112e-12)) ((1.62217e-13 -2.66594e-12 1.46849e-16) (-3.57145e-13 1.54271e-12 -1.29133e-10)))
84	(((2.16664e-07 2.38181e-09 4.59929e-16) (1.69981e-07 -6.10665e-10 6.16602e-12)) ((2.3034e-13 -2.61649e-12 1.45173e-16) (-3.4591e-13 1.51789e-12 -1.26513e-10)))
85	(((2.16257e-07 2.39645e-09 4.48525e-16) (1.67959e-07 -6.02729e-10 6.04807e-12)) ((2.34915e-13 -2.63819e-12 1.43442e-16) (-3.48018e-13 1.49917e-12 -1.24023e-10)))
86	(((2.15992e-07 2.39694e-09 4.54714e-16) (1.66013e-07 -5.9462e-10 6.44317e-12)) ((2.22817e-13 -2.58729e-12 1.39907e-16) (-3.42907e-13 1.46495e-12 -1.2164e-10)))
87	(((2.15619e-07 2.44088e-09 4.61891e-16) (1.64139e-07 -5.85301e-10 6.8317e-12)) ((2.22081e-13 -2.60152e-12 1.38561e-16) (-3.27004e-13 1.43336e-12 -1.19395e-10)))
88	(((2.15265e-07 2.44662e-09 4.48788e-16) (1.62333e-07 -5.75538e-10 6.47209e-12)) ((3.26842e-13 -2.56744e-12 1.36451e-16) (-3.41906e-13 1.39964e-12 -1.17277e-10)))
89	(((2.14906e-07 2.42122e-09 4.58929e-16) (1.60593e-07 -5.65657e-10 6.59774e-12)) ((4.13391e-13 -2.57358e-12 1.34127e-16) (-3.80155e-13 1.3671e-12 -1.15274e-10)))
90	(((2.14513e-07 2.41768e-09 4.62121e-16) (1.58918e-07 -5.54511e-10 7.0001e-12)) ((3.89373e-13 -2.53366e-12 1.34143e-16) (-3.81154e-13 1.33334e-12 -1.13389e-10)))
91	(((2.14236e-07 2.39859e-09 4.52653e-16) (1.57304e-07 -5.43111e-10 6.57845e-12)) ((4.12908e-13 -2.55496e-12 1.33099e-16) (-3.89866e-13 1.31728e-12 -1.1159e-10)))
92	(((2.13933e-07 2.42755e-09 4.45206e-16) (1.5575e-07 -5.31133e-10 6.766e-12)) ((4.48137e-13 -2.53498e-12 1.32255e-16) (-3.89808e-13 1.295e-12 -1.09877e-10)))
93	(((2.13646e-07 2.40247e-09 4.5369e-16) (1.54251e-07 -5.19026e-10 7.08408e-12)) ((5.1353e-13 -2.53313e-12 1.31947e-16) (-3.77614e-13 1.28226e-12 -1.08256e-10)))
94	(((2.13327e-07 2.39342e-09 4.45717e-16) (1.52805e-07 -5.06998e-10 7.19487e-12)) ((5.91236e-13 -2.46743e-12 1.30198e-16) (-3.48869e-13 1.26312e-12 -1.06718e-10)))
95	(((2.12955e-07 2.41737e-09 4.39736e-16) (1.51413e-07 -4.94669e-10 6.48554e-12)) ((6.24955e-13 -2.46606e-12 1.28506e-16) (-3.23514e-13 1.26378e-12 -1.05256e-10)))
96	(((2.12658e-07 2.4464e-09 4.48621e-16) (1.50069e-07 -4.8168e-10 6.21888e-12)) ((6.08064e-13 -2.4485e-12 1.26038e-16) (-3.24149e-13 1.26433e-12 -1.03869e-10)))
97	(((2.12362e-07 2.48406e-09 4.5531e-16) (1.48773e-07 -4.6823e-10 6.07632e-12)) ((6.43185e-13 -2.4445e-12 1.23448e-16) (-3.18282e-13 1.2584e-12 -1.02523e-10)))
98	(((2.1211e-07 2.49969e-09 4.58311e-16) (1.47522e-07 -4.54608e-10 6.31132e-12)) ((7.23786e-13 -2.41079e-12 1.19948e-16) (-3.33442e-13 1.24065e-12 -1.01214e-10)))
99	(((2.11833e-07 2.48642e-09 4.46802e-16) (1.46314e-07 -4.4085e-10 6.09189e-12)) ((7.02883e-13 -2.41651e-12 1.17719e-16) (-3.14506e-13 1.23128e-12 -9.99525e-11)))
100	(((2.11469e-07 2.4712e-09 4.5105e-16) (1.45148e-07 -4.26835e-10 6.42265e-12)) ((6.71933e-13 -2.35159e-12 1.16596e-16) (-2.95021e-13 1.21299e-12 -9.8741e-11)))
101	(((2.11165e-07 2.44311e-09 4.49563e-16) (1.44022e-07 -4.13057e-10 6.37481e-12)) ((6.96999e-13 -2.35591e-12 1.14163e-16) (-2.86145e-13 1.20567e-12 -9.75749e-11)))
102	(((2.10871e-07 2.45127e-09 4.47081e-16) (1.42936e-07 -3.99286e-10 6.713e-12)) ((6.80331e-13 -2.29748e-12 1.13013e-16) (-2.83088e-13 1.18376e-12 -9.64616e-11)))
103	(((2.10606e-07 2.45936e-09 4.43561e-16) (1.41885e-07 -3.85852e-10 6.93462e-12)) ((6.96629e-13 -2.28889e-12 1.11266e-16) (-2.85212e-13 1.16987e-12 -9.53816e-11)))
104	(((2.10371e-07 2.45088e-09 4.37115e-16) (1.4087e-07 -3.72085e-10 7.28628e-12)) ((7.22149e-13 -2.22755e-12 1.09932e-16) (-2.86262e-13 1.14807e-12 -9.43636e-11)))
105	(((2.10038e-07 2.44447e-09 4.28283e-16) (1.39888e-07 -3.58843e-10 7.45795e-12)) ((7.3483e-13 -2.22514e-12 1.08422e-16) (-2.84797e-13 1.1369e-12 -9.33673e-11)))
106	(((2.09726e-07 2.45723e-09 4.18789e-16) (1.38939e-07 -3.45552e-10 7.6442e-12)) ((7.35781e-13 -2.20066e-12 1.07489e-16) (-2.79886e-13 1.12361e-12 -9.23837e-11)))
107	(((2.095e-07 2.45415e-09 4.07563e-16) (1.38022e-07 -3.32255e-10 7.7587e-12)) ((7.1917e-13 -2.18024e-12 1.06018e-16) (-2.74572e-13 1.11134e-12 -9.14194e-11)))
108	(((2.09231e-07 2.47288e-09 4.01829e-16) (1.37134e-07 -3.18758e-10 8.14134e-12)) ((7.37e-13 -2.1451e-12 1.05288e-16) (-2.78448e-13 1.09492e-12 -9.04725e-11)))
109	(((2.08922e-07 2.46714e-09 4.08016e-16) (1.36276e-07 -3.05575e-10 8.55398e-12)) ((7.41153e-13 -2.11021e-12 1.04371e-16) (-2.77726e-13 1.08502e-12 -8.95496e-11)))
110	(((2.08645e-07 2.44933e-09 3.98281e-16) (1.35445e-07 -2.92783e-10 8.56733e-12)) ((7.63897e-13 -2.07141e-12 1.03169e-16) (-2.79544e-13 1.07387e-12 -8.86508e-11)))
111	(((2.08373e-07 2.45185e-09 3.97845e-16) (1.34641e-07 -2.80549e-10 8.71212e-12)) ((7.65321e-13 -2.06164e-12 1.02128e-16) (-2.70561e-13 1.06351e-12 -8.77584e-11)))
112	(((2.08145e-07 2.4587e-09 3.98004e-16) (1.33863e-07 -2.68265e-10 9.04279e-12)) ((7.55772e-13 -2.01489e-12 1.01061e-16) (-2.58255e-13 1.04589e-12 -8.68798e-11)))
113	(((2.07907e-07 2.45193e-09 3.94403e-16) (1.3311e-07 -2.56154e-10 9.13056e-12)) ((7.3252e-13 -2.00011e-12 9.93524e-17) (-2.46781e-13 1.03338e-12 -8.60112e-11)))
114	(((2.07613e-07 2.44356e-09 3.98698e-16) (1.32381e-07 -2.44037e-10 9.43627e-12)) ((7.27405e-13 -1.94849e-12 9.84179e-17) (-2.35494e-13 1.0178e-12 -8.51624e-11)))
115	(((2.07332e-07 2.41549e-09 3.98825e-16) (1.31674e-07 -2.33015e-10 9.66875e-12)) ((7.71538e-13 -1.92534e-12 9.66978e-17) (-2.39672e-13 1.00697e-12 -8.43226e-11)))
116	(((2.07075e-07 2.42705e-09 3.89666e-16) (1.30991e-07 -2.22137e-10 9.8028e-12)) ((7.89218e-13 -1.87778e-12 9.64187e-17) (-2.42744e-13 9.89565e-13 -8.34914e-11)))
117	(((2.06863e-07 2.43843e-09 3.83467e-16) (1.30328e-07 -2.11251e-10 9.69592e-12)) ((7.66481e-13 -1.86348e-12 9.58665e-17) (-2.33388e-13 9.84955e-13 -8.26589e-11)))
118	(((2.06671e-07 2.43024e-09 3.78541e-16) (1.29684e-07 -2.00426e-10 9.85519e-12)) ((7.48331e-13 -1.83007e-12 9.45828e-17) (-2.27282e-13 9.71133e-13 -8.18369e-11)))
119	(((2.06366e-07 2.40536e-09 3.72302e-16) (1.2906e-07 -1.8987e-10 9.93142e-12)) ((7.08334e-13 -1.80457e-12 9.28525e-17) (-2.16866e-13 9.58243e-13 -8.10195e-11)))
120	(((2.0608e-07 2.39864e-09 3.77518e-16) (1.28455e-07 -1.7934e-10 1.0039e-11)) ((7.19472e-13 -1.80538e-12 9.22561e-17) (-2.11753e-13 9.49863e-13 -8.02201e-11)))
121	(((2.0592e-07 2.43446e-09 3.75574e-16) (1.27869e-07 -1.68942e-10 1.04025e-11)) ((7.16502e-13 -1.77154e-12 9.15758e-17) (-1.99529e-13 9.30705e-13 -7.94169e-11)))
122	(((2.05706e-07 2.42137e-09 3.77972e-16) (1.27301e-07 -1.58863e-10 1.0264e-11)) ((7.75169e-13 -1.78718e-12 9.04234e-17) (-2.12685e-13 9.30302e-13 -7.8623e-11)))
123	(((2.0552e-07 2.40723e-09 3.71366e-16) (1.26749e-07 -1.48462e-10 1.009e-11)) ((7.77649e-13 -1.78245e-12 8.91519e-17) (-2.18624e-13 9.25719e-13 -7.78329e-11)))
124	(((2.05351e-07 2.43523e-09 3.71589e-16) (1.26212e-07 -1.3833e-10 1.00518e-11)) ((7.78954e-13 -1.79188e-12 8.85784e-17) (-2.28148e-13 9.23006e-13 -7.70358e-11)))
125	(((2.04996e-07 2.37598e-09 3.6953e-16) (1.25691e-07 -1.28659e-10 1.00301e-11)) ((7.2551e-13 -1.77797e-12 8.65313e-17) (-2.40143e-13 9.20106e-13 -7.6254e-11)))
126	(((2.04716e-07 2.34933e-09 3.78717e-16) (1.25186e-07 -1.19334e-10 9.94193e-12)) ((7.32167e-13 -1.78086e-12 8.55063e-17) (-2.42474e-13 9.18013e-13 -7.54877e-11)))
127	(((2.04597e-07 2.37928e-09 3.77479e-16) (1.24696e-07 -1.09941e-10 9.8592e-12)) ((7.35215e-13 -1.75366e-12 8.55225e-17) (-2.44623e-13 9.13651e-13 -7.47168e-11)))
128	(((2.04455e-07 2.35959e-09 3.76537e-16) (1.2422e-07 -1.01042e-10 9.75467e-12)) ((7.80794e-13 -1.77031e-12 8.48211e-17) (-2.55042e-13 9.12341e-13 -7.39622e-11)))
129	(((2.04242e-07 2.33654e-09 3.72615e-16) (1.23756e-07 -9.24688e-11 9.94077e-12)) ((7.93997e-13 -1.73997e-12 8.4264e-17) (-2.58189e-13 9.02077e-13 -7.3215e-11)))
130	(((2.03975e-07 2.33034e-09 3.71768e-16) (1.23306e-07 -8.44533e-11 9.99926e-12)) ((7.94966e-13 -1.73872e-12 8.33749e-17) (-2.57783e-13 8.96222e-13 -7.24797e-11)))
131	(((2.03712e-07 2.29912e-09 3.70808e-16) (1.22869e-07 -7.66915e-11 1.02675e-11)) ((7.6942e-13 -1.71617e-12 8.26049e-17) (-2.59873e-13 8.83899e-13 -7.17567e-11)))
132	(((2.03499e-07 2.28317e-09 3.69214e-16) (1.22445e-07 -6.95346e-11 1.0226e-11)) ((7.71533e-13 -1.72556e-12 8.18575e-17) (-2.57285e-13 8.78728e-13 -7.10439e-11)))
133	(((2.03448e-07 2.31826e-09 3.68786e-16) (1.22032e-07 -6.19889e-11 1.06547e-11)) ((7.44568e-13 -1.68379e-12 8.23034e-17) (-2.53362e-13 8.64941e-13 -7.03336e-11)))
134	(((2.03293e-07 2.28813e-09 3.65291e-16) (1.21631e-07 -5.4974e-11 1.05618e-11)) ((8.02525e-13 -1.70654e-12 8.20647e-17) (-2.56219e-13 8.65708e-13 -6.96435e-11)))
135	(((2.03023e-07 2.24014e-09 3.59791e-16) (1.2124e-07 -4.81258e-11 1.05715e-11)) ((8.42815e-13 -1.69646e-12 8.09227e-17) (-2.65947e-13 8.62871e-13 -6.89648e-11)))
136	(((2.02735e-07 2.20972e-09 3.5997e-16) (1.20859e-07 -4.1721e-11 1.05167e-11)) ((8.63183e-13 -1.7149e-12 7.98551e-17) (-2.66955e-13 8.61205e-13 -6.82935e-11)))
137	(((2.02558e-07 2.2069e-09 3.56002e-16) (1.20489e-07 -3.53219e-11 1.0737e-11)) ((8.09761e-13 -1.66507e-12 7.97002e-17) (-2.5789e-13 8.49458e-13 -6.76218e-11)))
138	(((2.02463e-07 2.20543e-09 3.57904e-16) (1.2013e-07 -2.93359e-11 1.06452e-11)) ((8.46729e-13 -1.69878e-12 7.98737e-17) (-2.58803e-13 8.50456e-13 -6.69597e-11)))
139	(((2.02324e-07 2.18129e-09 3.55079e-16) (1.1978e-07 -2.34725e-11 1.08897e-11)) ((8.48777e-13 -1.68577e-12 7.9785e-17) (-2.48121e-13 8.41557e-13 -6.63056e-11)))
140	(((2.02129e-07 2.15706e-09 3.53718e-16) (1.19438e-07 -1.81944e-11 1.10699e-11)) ((8.68511e-13 -1.7086e-12 7.93288e-17) (-2.31266e-13 8.33495e-13 -6.56571e-11)))
141	(((2.01921e-07 2.14955e-09 3.52033e-16) (1.19105e-07 -1.31573e-11 1.15263e-11)) ((8.53575e-13 -1.66861e-12 7.878e-17) (-2.13977e-13 8.17315e-13 -6.50157e-11)))
142	(((2.01704e-07 2.13637e-09 3.54433e-16) (1.18782e-07 -8.57583e-12 1.15155e-11)) ((8.91987e-13 -1.69522e-12 7.85344e-17) (-2.09807e-13 8.15682e-13 -6.43854e-11)))
143	(((2.0152e-07 2.11065e-09 3.51049e-16) (1.18468e-07 -4.01921e-12 1.14816e-11)) ((8.92494e-13 -1.68969e-12 7.83964e-17) (-2.12214e-13 8.12404e-13 -6.37666e-11)))
144	(((2.014e-07 2.08374e-09 3.54991e-16) (1.18161e-07 1.66068e-13 1.14763e-11)) ((9.23372e-13 -1.70516e-12 7.80204e-17) (-2.1875e-13 8.1265e-13 -6.31449e-11)))
145	(((2.0132e-07 2.0914e-09 3.5145e-16) (1.17862e-07 4.34828e-12 1.15859e-11)) ((9.00125e-13 -1.68565e-12 7.80811e-17) (-2.14318e-13 8.07474e-13 -6.25199e-11)))
146	(((2.01108e-07 2.06417e-09 3.55523e-16) (1.1757e-07 8.30035e-12 1.16946e-11)) ((9.02153e-13 -1.69115e-12 7.78006e-17) (-2.11442e-13 8.04305e-13 -6.19144e-11)))
147	(((2.00873e-07 2.03895e-09 3.56256e-16) (1.17286e-07 1.20062e-11 1.17712e-11)) ((8.9857e-13 -1.67721e-12 7.71684e-17) (-2.11045e-13 7.99289e-13 -6.1317e-11)))
148	(((2.00704e-07 2.03501e-09 3.57005e-16) (1.17009e-07 1.54776e-11 1.14533e-11)) ((9.27559e-13 -1.68091e-12 7.68029e-17) (-2.01573e-13 8.04308e-13 -6.0722e-11)))
149	(((2.0059e-07 2.01209e-09 3.5515e-16) (1.1674e-07 1.88749e-11 1.16582e-11)) ((9.09437e-13 -1.65989e-12 7.64821e-17) (-2.0342e-13 7.94096e-13 -6.01272e-11)))
150	(((2.0051e-07 1.99518e-09 3.53812e-16) (1.16477e-07 2.20835e-11 1.16736e-11)) ((9.42702e-13 -1.6665e-12 7.6435e-17) (-2.03861e-13 7.92243e-13 -5.95386e-11)))
151	(((2.00354e-07 1.9848e-09 3.54178e-16) (1.1622e-07 2.50606e-11 1.17639e-11)) ((9.48862e-13 -1.65599e-12 7.60441e-17) (-2.02627e-13 7.88453e-13 -5.89611e-11)))
152	(((2.00144e-07 1.97055e-09 3.52151e-16) (1.15969e-07 2.78345e-11 1.17238e-11)) ((9.73737e-13 -1.65091e-12 7.5612e-17) (-2.0245e-13 7.8442e-13 -5.83951e-11)))
153	(((1.99943e-07 1.94629e-09 3.54731e-16) (1.15725e-07 3.04537e-11 1.19468e-11)) ((9.67647e-13 -1.62361e-12 7.47848e-17) (-2.03851e-13 7.76968e-13 -5.78319e-11)))
154	(((1.9987e-07 1.95676e-09 3.55468e-16) (1.15488e-07 3.29331e-11 1.18034e-11)) ((9.79224e-13 -1.62211e-12 7.49009e-17) (-2.07863e-13 7.79026e-13 -5.72692e-11)))
155	(((1.99752e-07 1.91634e-09 3.54128e-16) (1.15256e-07 3.53547e-11 1.1916e-11)) ((9.48017e-13 -1.60287e-12 7.46448e-17) (-2.07375e-13 7.75907e-13 -5.67217e-11)))
156	(((1.99608e-07 1.87481e-09 3.51547e-16) (1.15028e-07 3.734e-11 1.18765e-11)) ((9.78832e-13 -1.61312e-12 7.40701e-17) (-2.07047e-13 7.74261e-13 -5.61788e-11)))
157	(((1.99414e-07 1.85362e-09 3.48013e-16) (1.14806e-07 3.9141e-11 1.19254e-11)) ((9.77342e-13 -1.59672e-12 7.34716e-17) (-2.03721e-13 7.68774e-13 -5.56402e-11)))
158	(((1.9927e-07 1.86655e-09 3.50624e-16) (1.14589e-07 4.09186e-11 1.18554e-11)) ((1.00488e-12 -1.59764e-12 7.32246e-17) (-2.01569e-13 7.66895e-13 -5.51031e-11)))
159	(((1.99129e-07 1.84635e-09 3.46683e-16) (1.14378e-07 4.27462e-11 1.20865e-11)) ((9.7909e-13 -1.57881e-12 7.28361e-17) (-1.83255e-13 7.54393e-13 -5.45706e-11)))
160	(((1.99044e-07 1.82912e-09 3.46012e-16) (1.14172e-07 4.44333e-11 1.1972e-11)) ((9.97573e-13 -1.58227e-12 7.3031e-17) (-1.89142e-13 7.55404e-13 -5.40443e-11)))
161	(((1.98949e-07 1.81047e-09 3.4059e-16) (1.1397e-07 4.59857e-11 1.20226e-11)) ((9.96434e-13 -1.56479e-12 7.28877e-17) (-1.86646e-13 7.51794e-13 -5.35286e-11)))
162	(((1.98808e-07 1.79622e-09 3.42115e-16) (1.13773e-07 4.72599e-11 1.20331e-11)) ((1.02989e-12 -1.57645e-12 7.245e-17) (-1.88067e-13 7.50883e-13 -5.30154e-11)))
163	(((1.98628e-07 1.78404e-09 3.40601e-16) (1.1358e-07 4.85663e-11 1.21508e-11)) ((1.00703e-12 -1.55167e-12 7.20039e-17) (-1.80866e-13 7.45163e-13 -5.25101e-11)))
164	(((1.98488e-07 1.77225e-09 3.38262e-16) (1.13392e-07 4.97617e-11 1.20583e-11)) ((1.01534e-12 -1.55723e-12 7.18024e-17) (-1.73101e-13 7.45912e-13 -5.20077e-11)))
165	(((1.984e-07 1.77069e-09 3.367e-16) (1.13208e-07 5.09736e-11 1.21669e-11)) ((9.89246e-13 -1.53673e-12 7.17112e-17) (-1.62401e-13 7.42619e-13 -5.15102e-11)))
166	(((1.98307e-07 1.73954e-09 3.34384e-16) (1.13029e-07 5.18991e-11 1.23456e-11)) ((1.01274e-12 -1.55033e-12 7.1461e-17) (-1.70603e-13 7.3586e-13 -5.1021e-11)))
167	(((1.98186e-07 1.71857e-09 3.31681e-16) (1.12852e-07 5.26881e-11 1.23835e-11)) ((1.01062e-12 -1.54468e-12 7.11311e-17) (-1.68522e-13 7.32411e-13 -5.05395e-11)))
168	(((1.98063e-07 1.72317e-09 3.3232e-16) (1.1268e-07 5.3418e-11 1.22178e-11)) ((1.03592e-12 -1.55963e-12 7.12141e-17) (-1.76189e-13 7.35369e-13 -5.00605e-11)))
169	(((1.97891e-07 1.69882e-09 3.29208e-16) (1.12512e-07 5.40279e-11 1.20879e-11)) ((1.01339e-12 -1.5493e-12 7.06632e-17) (-1.75924e-13 7.35508e-13 -4.95892e-11)))
170	(((1.97762e-07 1.67755e-09 3.30287e-16) (1.12348e-07 5.45705e-11 1.203e-11)) ((1.03505e-12 -1.56034e-12 7.04352e-17) (-1.78348e-13 7.35526e-13 -4.91212e-11)))
171	(((1.97693e-07 1.67144e-09 3.26138e-16) (1.12188e-07 5.51674e-11 1.20708e-11)) ((1.02793e-12 -1.54504e-12 7.04882e-17) (-1.77571e-13 7.31281e-13 -4.86547e-11)))
172	(((1.97635e-07 1.65949e-09 3.27255e-16) (1.12031e-07 5.56016e-11 1.20389e-11)) ((1.05637e-12 -1.56451e-12 7.05307e-17) (-1.80857e-13 7.32253e-13 -4.8189e-11)))
173	(((1.97492e-07 1.63734e-09 3.2449e-16) (1.11876e-07 5.59986e-11 1.20642e-11)) ((1.03916e-12 -1.55454e-12 7.01989e-17) (-1.77277e-13 7.29365e-13 -4.77321e-11)))
174	(((1.97335e-07 1.62755e-09 3.26245e-16) (1.11726e-07 5.6346e-11 1.20513e-11)) ((1.03653e-12 -1.55501e-12 6.99825e-17) (-1.75351e-13 7.28407e-13 -4.72827e-11)))
175	(((1.97206e-07 1.61261e-09 3.24433e-16) (1.11579e-07 5.65794e-11 1.20646e-11)) ((1.03023e-12 -1.54417e-12 6.95488e-17) (-1.72362e-13 7.25395e-13 -4.68361e-11)))
176	(((1.97171e-07 1.61789e-09 3.23545e-16) (1.11435e-07 5.67047e-11 1.19987e-11)) ((1.05212e-12 -1.55702e-12 6.96259e-17) (-1.66697e-13 7.2495e-13 -4.63876e-11)))
177	(((1.97094e-07 1.58825e-09 3.20984e-16) (1.11295e-07 5.67776e-11 1.189e-11)) ((1.04613e-12 -1.55283e-12 6.93097e-17) (-1.64871e-13 7.26098e-13 -4.59493e-11)))
178	(((1.96972e-07 1.56246e-09 3.21087e-16) (1.11156e-07 5.66824e-11 1.19216e-11)) ((1.06746e-12 -1.5681e-12 6.89566e-17) (-1.75298e-13 7.23233e-13 -4.55207e-11)))
179	(((1.96816e-07 1.54875e-09 3.19815e-16) (1.11021e-07 5.64635e-11 1.18376e-11)) ((1.05015e-12 -1.56102e-12 6.83884e-17) (-1.73663e-13 7.22084e-13 -4.50975e-11)))
180	(((1.96723e-07 1.55738e-09 3.2185e-16) (1.10889e-07 5.62455e-11 1.17279e-11)) ((1.07198e-12 -1.57028e-12 6.83381e-17) (-1.77578e-13 7.23277e-13 -4.46781e-11)))
181	(((1.9663e-07 1.53573e-09 3.20544e-16) (1.1076e-07 5.59964e-11 1.16684e-11)) ((1.07138e-12 -1.56253e-12 6.81588e-17) (-1.79599e-13 7.22347e-13 -4.42684e-11)))
182	(((1.96564e-07 1.50809e-09 3.21936e-16) (1.10634e-07 5.54896e-11 1.16027e-11)) ((1.09023e-12 -1.57358e-12 6.78312e-17) (-1.84243e-13 7.23303e-13 -4.38614e-11)))
183	(((1.96488e-07 1.49496e-09 3.20172e-16) (1.1051e-07 5.49514e-11 1.16043e-11)) ((1.07444e-12 -1.56592e-12 6.7595e-17) (-1.8419e-13 7.21248e-13 -4.34605e-11)))
184	(((1.96402e-07 1.50575e-09 3.20748e-16) (1.10387e-07 5.44281e-11 1.15035e-11)) ((1.08957e-12 -1.57675e-12 6.7665e-17) (-1.86909e-13 7.21691e-13 -4.30651e-11)))
185	(((1.96254e-07 1.48844e-09 3.21837e-16) (1.10268e-07 5.39211e-11 1.15271e-11)) ((1.06996e-12 -1.5621e-12 6.74577e-17) (-1.84505e-13 7.19388e-13 -4.26812e-11)))
186	(((1.96135e-07 1.46285e-09 3.22692e-16) (1.10152e-07 5.31657e-11 1.14031e-11)) ((1.09148e-12 -1.57168e-12 6.71818e-17) (-1.87986e-13 7.20646e-13 -4.23011e-11)))
187	(((1.96068e-07 1.44224e-09 3.21406e-16) (1.10038e-07 5.22998e-11 1.13734e-11)) ((1.08466e-12 -1.5622e-12 6.69197e-17) (-1.88602e-13 7.19288e-13 -4.19244e-11)))
188	(((1.96061e-07 1.44548e-09 3.21201e-16) (1.09927e-07 5.1424e-11 1.12633e-11)) ((1.10171e-12 -1.57258e-12 6.70828e-17) (-1.93137e-13 7.2023e-13 -4.15493e-11)))
189	(((1.95966e-07 1.42942e-09 3.18986e-16) (1.09817e-07 5.05372e-11 1.12097e-11)) ((1.08367e-12 -1.56383e-12 6.68317e-17) (-1.92782e-13 7.18467e-13 -4.11821e-11)))
190	(((1.95826e-07 1.41779e-09 3.20996e-16) (1.09709e-07 4.96227e-11 1.11767e-11)) ((1.10415e-12 -1.57056e-12 6.66869e-17) (-1.95085e-13 7.17352e-13 -4.08246e-11)))
191	(((1.95699e-07 1.40731e-09 3.21197e-16) (1.09604e-07 4.86871e-11 1.12686e-11)) ((1.10819e-12 -1.55581e-12 6.64806e-17) (-1.94402e-13 7.12535e-13 -4.04741e-11)))
192	(((1.95647e-07 1.40333e-09 3.22819e-16) (1.09501e-07 4.76638e-11 1.11733e-11)) ((1.11789e-12 -1.56395e-12 6.64843e-17) (-1.97439e-13 7.13867e-13 -4.01243e-11)))
193	(((1.95602e-07 1.37576e-09 3.21959e-16) (1.09401e-07 4.66202e-11 1.12036e-11)) ((1.09966e-12 -1.55324e-12 6.62936e-17) (-1.95774e-13 7.11662e-13 -3.97801e-11)))
194	(((1.95546e-07 1.35868e-09 3.21952e-16) (1.09302e-07 4.5465e-11 1.11574e-11)) ((1.1114e-12 -1.56281e-12 6.62066e-17) (-1.96982e-13 7.11508e-13 -3.94397e-11)))
195	(((1.95449e-07 1.3633e-09 3.22068e-16) (1.09204e-07 4.4393e-11 1.12273e-11)) ((1.08939e-12 -1.54624e-12 6.61979e-17) (-1.93035e-13 7.08441e-13 -3.91055e-11)))
196	(((1.95343e-07 1.36747e-09 3.2339e-16) (1.09108e-07 4.32868e-11 1.11083e-11)) ((1.1191e-12 -1.56312e-12 6.61524e-17) (-1.95751e-13 7.10318e-13 -3.87751e-11)))
197	(((1.95247e-07 1.35341e-09 3.22255e-16) (1.09015e-07 4.21874e-11 1.11437e-11)) ((1.10657e-12 -1.54461e-12 6.59097e-17) (-1.93286e-13 7.07136e-13 -3.84498e-11)))
198	(((1.9518e-07 1.32223e-09 3.22755e-16) (1.08924e-07 4.0912e-11 1.10839e-11)) ((1.12092e-12 -1.55251e-12 6.5658e-17) (-1.95391e-13 7.07807e-13 -3.81308e-11)))
199	(((1.95139e-07 1.30141e-09 3.20097e-16) (1.08835e-07 3.95285e-11 1.11091e-11)) ((1.09604e-12 -1.53861e-12 6.53552e-17) (-1.92532e-13 7.04838e-13 -3.78142e-11)))
200	(((1.95094e-07 1.30928e-09 3.20605e-16) (1.08747e-07 3.81658e-11 1.10844e-11)) ((1.11251e-12 -1.54677e-12 6.54149e-17) (-1.94775e-13 7.0454e-13 -3.7502e-11)))
201	(((1.94988e-07 1.3055e-09 3.20962e-16) (1.0866e-07 3.68954e-11 1.11511e-11)) ((1.10599e-12 -1.53231e-12 6.52569e-17) (-1.94153e-13 7.02022e-13 -3.71958e-11)))
202	(((1.94876e-07 1.2953e-09 3.21236e-16) (1.08575e-07 3.56154e-11 1.10694e-11)) ((1.12477e-12 -1.54203e-12 6.5227e-17) (-1.9604e-13 7.02787e-13 -3.68978e-11)))
203	(((1.94812e-07 1.2862e-09 3.20608e-16) (1.08492e-07 3.43284e-11 1.11222e-11)) ((1.10528e-12 -1.52631e-12 6.51483e-17) (-1.93274e-13 7.00489e-13 -3.66026e-11)))
204	(((1.94761e-07 1.25784e-09 3.20935e-16) (1.08411e-07 3.28739e-11 1.10859e-11)) ((1.1143e-12 -1.53348e-12 6.49404e-17) (-1.93996e-13 7.00886e-13 -3.63127e-11)))
205	(((1.94721e-07 1.24907e-09 3.2011e-16) (1.08331e-07 3.13908e-11 1.11044e-11)) ((1.10597e-12 -1.52856e-12 6.47755e-17) (-1.92489e-13 6.99815e-13 -3.60247e-11)))
206	(((1.94651e-07 1.24952e-09 3.21413e-16) (1.08253e-07 2.99236e-11 1.11414e-11)) ((1.10943e-12 -1.53116e-12 6.47753e-17) (-1.91636e-13 6.97977e-13 -3.57432e-11)))
207	(((1.94555e-07 1.24881e-09 3.20434e-16) (1.08175e-07 2.85154e-11 1.12033e-11)) ((1.10191e-12 -1.51987e-12 6.45818e-17) (-1.89508e-13 6.94974e-13 -3.5465e-11)))
208	(((1.94495e-07 1.25194e-09 3.2102e-16) (1.081e-07 2.71048e-11 1.11487e-11)) ((1.11888e-12 -1.52759e-12 6.46393e-17) (-1.90493e-13 6.96068e-13 -3.5189e-11)))
209	(((1.9442e-07 1.22416e-09 3.20141e-16) (1.08026e-07 2.56816e-11 1.11913e-11)) ((1.10764e-12 -1.5151e-12 6.44024e-17) (-1.88469e-13 6.94375e-13 -3.49201e-11)))
210	(((1.94362e-07 1.19554e-09 3.19478e-16) (1.07953e-07 2.40297e-11 1.11433e-11)) ((1.11393e-12 -1.52257e-12 6.41462e-17) (-1.8795e-13 6.94398e-13 -3.46553e-11)))
211	(((1.943e-07 1.18703e-09 3.19125e-16) (1.07882e-07 2.238e-11 1.12328e-11)) ((1.1057e-12 -1.50939e-12 6.39242e-17) (-1.86457e-13 6.91534e-13 -3.43946e-11)))
212	(((1.94256e-07 1.20483e-09 3.19123e-16) (1.07811e-07 2.08273e-11 1.11825e-11)) ((1.12344e-12 -1.519e-12 6.41423e-17) (-1.87524e-13 6.92096e-13 -3.41376e-11)))
213	(((1.94176e-07 1.19749e-09 3.19125e-16) (1.07742e-07 1.93855e-11 1.1243e-11)) ((1.10746e-12 -1.50791e-12 6.40178e-17) (-1.84355e-13 6.90313e-13 -3.38849e-11)))
214	(((1.94098e-07 1.17915e-09 3.20122e-16) (1.07675e-07 1.7835e-11 1.12267e-11)) ((1.11804e-12 -1.51525e-12 6.38695e-17) (-1.84603e-13 6.90484e-13 -3.3637e-11)))
215	(((1.94043e-07 1.16505e-09 3.19252e-16) (1.07608e-07 1.62739e-11 1.12884e-11)) ((1.10407e-12 -1.50271e-12 6.36815e-17) (-1.8201e-13 6.88216e-13 -3.33919e-11)))
216	(((1.94e-07 1.15425e-09 3.2008e-16) (1.07543e-07 1.45998e-11 1.12271e-11)) ((1.12146e-12 -1.51501e-12 6.36329e-17) (-1.83802e-13 6.89481e-13 -3.31503e-11)))
217	(((1.93948e-07 1.15512e-09 3.19434e-16) (1.07478e-07 1.30238e-11 1.13272e-11)) ((1.09875e-12 -1.4966e-12 6.36197e-17) (-1.80093e-13 6.86427e-13 -3.29135e-11)))
218	(((1.93878e-07 1.14972e-09 3.19626e-16) (1.07415e-07 1.13906e-11 1.12906e-11)) ((1.11455e-12 -1.50489e-12 6.35063e-17) (-1.82085e-13 6.86962e-13 -3.2681e-11)))
219	(((1.93822e-07 1.14922e-09 3.18271e-16) (1.07354e-07 9.83319e-12 1.12668e-11)) ((1.10431e-12 -1.50287e-12 6.33537e-17) (-1.80544e-13 6.86677e-13 -3.24493e-11)))
220	(((1.93758e-07 1.13295e-09 3.19281e-16) (1.07293e-07 8.23834e-12 1.1227e-11)) ((1.12036e-12 -1.51061e-12 6.32582e-17) (-1.82343e-13 6.87122e-13 -3.22238e-11)))
221	(((1.93712e-07 1.12218e-09 3.18598e-16) (1.07233e-07 6.63354e-12 1.13202e-11)) ((1.10631e-12 -1.49047e-12 6.31759e-17) (-1.80436e-13 6.83844e-13 -3.2001e-11)))
222	(((1.93651e-07 1.10854e-09 3.19415e-16) (1.07174e-07 4.90985e-12 1.12682e-11)) ((1.11862e-12 -1.50042e-12 6.3109e-17) (-1.81711e-13 6.85081e-13 -3.17843e-11)))
223	(((1.93589e-07 1.10675e-09 3.17691e-16) (1.07116e-07 3.26707e-12 1.12876e-11)) ((1.10955e-12 -1.49143e-12 6.30582e-17) (-1.80967e-13 6.84002e-13 -3.15719e-11)))
224	(((1.93549e-07 1.11309e-09 3.18778e-16) (1.07059e-07 1.62029e-12 1.12423e-11)) ((1.12093e-12 -1.50289e-12 6.30253e-17) (-1.8202e-13 6.85561e-13 -3.13608e-11)))
225	(((1.93494e-07 1.10137e-09 3.17994e-16) (1.07004e-07 6.95895e-14 1.12945e-11)) ((1.10593e-12 -1.49151e-12 6.28705e-17) (-1.79677e-13 6.83498e-13 -3.11524e-11)))
226	(((1.93436e-07 1.08406e-09 3.18763e-16) (1.06949e-07 -1.60617e-12 1.12314e-11)) ((1.11926e-12 -1.50095e-12 6.2722e-17) (-1.80854e-13 6.84401e-13 -3.09482e-11)))
227	(((1.93392e-07 1.08174e-09 3.18265e-16) (1.06894e-07 -3.23392e-12 1.13103e-11)) ((1.09769e-12 -1.48368e-12 6.27737e-17) (-1.77254e-13 6.81979e-13 -3.07474e-11)))
228	(((1.93323e-07 1.06828e-09 3.18643e-16) (1.06841e-07 -4.98465e-12 1.12643e-11)) ((1.11399e-12 -1.49197e-12 6.26417e-17) (-1.79268e-13 6.83177e-13 -3.05512e-11)))
229	(((1.93272e-07 1.06851e-09 3.17125e-16) (1.06789e-07 -6.68683e-12 1.12615e-11)) ((1.10308e-12 -1.48739e-12 6.24429e-17) (-1.77816e-13 6.83101e-13 -3.0355e-11)))
230	(((1.93226e-07 1.06287e-09 3.17976e-16) (1.06738e-07 -8.35106e-12 1.12288e-11)) ((1.11785e-12 -1.49512e-12 6.23393e-17) (-1.79917e-13 6.84038e-13 -3.01628e-11)))
231	(((1.93194e-07 1.0611e-09 3.16942e-16) (1.06688e-07 -9.92868e-12 1.13154e-11)) ((1.10271e-12 -1.47667e-12 6.22598e-17) (-1.78257e-13 6.80887e-13 -2.99718e-11)))
232	(((1.93148e-07 1.04932e-09 3.17763e-16) (1.06638e-07 -1.15918e-11 1.12463e-11)) ((1.11681e-12 -1.48946e-12 6.22433e-17) (-1.79869e-13 6.81671e-13 -2.97855e-11)))
233	(((1.93079e-07 1.03798e-09 3.16131e-16) (1.06589e-07 -1.32175e-11 1.12658e-11)) ((1.10906e-12 -1.48048e-12 6.22234e-17) (-1.78907e-13 6.79503e-13 -2.96046e-11)))
234	(((1.93023e-07 1.03598e-09 3.17641e-16) (1.06541e-07 -1.49244e-11 1.12379e-11)) ((1.12074e-12 -1.49049e-12 6.22258e-17) (-1.79744e-13 6.80685e-13 -2.9426e-11)))
235	(((1.92972e-07 1.02962e-09 3.17177e-16) (1.06494e-07 -1.65518e-11 1.1304e-11)) ((1.10717e-12 -1.48026e-12 6.2063e-17) (-1.77742e-13 6.79522e-13 -2.92498e-11)))
236	(((1.92942e-07 1.02711e-09 3.1738e-16) (1.06447e-07 -1.82067e-11 1.12878e-11)) ((1.11386e-12 -1.48458e-12 6.19236e-17) (-1.7828e-13 6.80027e-13 -2.90754e-11)))
237	(((1.92914e-07 1.02341e-09 3.16312e-16) (1.06402e-07 -1.9791e-11 1.13232e-11)) ((1.10146e-12 -1.4761e-12 6.18279e-17) (-1.76473e-13 6.7836e-13 -2.89031e-11)))
238	(((1.92861e-07 1.01017e-09 3.16723e-16) (1.06356e-07 -2.14617e-11 1.12727e-11)) ((1.11443e-12 -1.48501e-12 6.17646e-17) (-1.77613e-13 6.7841e-13 -2.8735e-11)))
239	(((1.92807e-07 1.01138e-09 3.15183e-16) (1.06312e-07 -2.3095e-11 1.13093e-11)) ((1.0983e-12 -1.47302e-12 6.17586e-17) (-1.7476e-13 6.76138e-13 -2.85683e-11)))
240	(((1.92737e-07 9.99034e-10 3.16955e-16) (1.06268e-07 -2.47699e-11 1.1295e-11)) ((1.11612e-12 -1.48114e-12 6.1704e-17) (-1.76722e-13 6.775e-13 -2.8407e-11)))
241	(((1.9269e-07 9.92685e-10 3.16259e-16) (1.06225e-07 -2.63953e-11 1.13571e-11)) ((1.1051e-12 -1.47063e-12 6.15467e-17) (-1.75344e-13 6.76624e-13 -2.82481e-11)))
242	(((1.92676e-07 9.94056e-10 3.17977e-16) (1.06183e-07 -2.80119e-11 1.13365e-11)) ((1.11362e-12 -1.48189e-12 6.15538e-17) (-1.76028e-13 6.78193e-13 -2.80916e-11)))
243	(((1.9265e-07 9.87486e-10 3.15749e-16) (1.06142e-07 -2.95699e-11 1.13868e-11)) ((1.09858e-12 -1.46888e-12 6.14152e-17) (-1.73853e-13 6.75597e-13 -2.79361e-11)))
244	(((1.92596e-07 9.76309e-10 3.15425e-16) (1.061e-07 -3.1187e-11 1.13077e-11)) ((1.11691e-12 -1.47989e-12 6.14077e-17) (-1.75992e-13 6.75738e-13 -2.77849e-11)))
245	(((1.92525e-07 9.72201e-10 3.14862e-16) (1.0606e-07 -3.27803e-11 1.13619e-11)) ((1.10433e-12 -1.46816e-12 6.13259e-17) (-1.7381e-13 6.73702e-13 -2.76362e-11)))
246	(((1.92479e-07 9.7377e-10 3.16649e-16) (1.0602e-07 -3.44041e-11 1.13341e-11)) ((1.1186e-12 -1.47854e-12 6.13534e-17) (-1.75176e-13 6.75603e-13 -2.74893e-11)))
247	(((1.92443e-07 9.65512e-10 3.1602e-16) (1.05981e-07 -3.59721e-11 1.14004e-11)) ((1.10443e-12 -1.46745e-12 6.12021e-17) (-1.73378e-13 6.74479e-13 -2.73449e-11)))
248	(((1.92426e-07 9.59586e-10 3.16314e-16) (1.05943e-07 -3.75952e-11 1.13987e-11)) ((1.11365e-12 -1.47214e-12 6.10681e-17) (-1.74486e-13 6.74852e-13 -2.7202e-11)))
249	(((1.92398e-07 9.53519e-10 3.13951e-16) (1.05905e-07 -3.91541e-11 1.14157e-11)) ((1.09462e-12 -1.46371e-12 6.09206e-17) (-1.71293e-13 6.72819e-13 -2.70609e-11)))
250	(((1.92361e-07 9.59189e-10 3.14557e-16) (1.05867e-07 -4.06881e-11 1.13728e-11)) ((1.10805e-12 -1.47169e-12 6.10635e-17) (-1.72371e-13 6.72707e-13 -2.69226e-11)))
251	(((1.92281e-07 9.49043e-10 3.14313e-16) (1.0583e-07 -4.21586e-11 1.14287e-11)) ((1.0994e-12 -1.46084e-12 6.10373e-17) (-1.7081e-13 6.71117e-13 -2.67896e-11)))
252	(((1.92218e-07 9.3561e-10 3.15785e-16) (1.05794e-07 -4.37343e-11 1.14038e-11)) ((1.11433e-12 -1.46932e-12 6.09505e-17) (-1.7256e-13 6.72712e-13 -2.66595e-11)))
253	(((1.9219e-07 9.28829e-10 3.15704e-16) (1.05758e-07 -4.52766e-11 1.14853e-11)) ((1.0967e-12 -1.45814e-12 6.08173e-17) (-1.70271e-13 6.71768e-13 -2.65314e-11)))
254	(((1.92199e-07 9.34853e-10 3.14937e-16) (1.05724e-07 -4.68224e-11 1.14245e-11)) ((1.11185e-12 -1.46831e-12 6.08459e-17) (-1.72471e-13 6.72748e-13 -2.64026e-11)))
255	(((1.92172e-07 9.27549e-10 3.13385e-16) (1.05689e-07 -4.82871e-11 1.14626e-11)) ((1.0974e-12 -1.45878e-12 6.07405e-17) (-1.70175e-13 6.70442e-13 -2.62756e-11)))
256	(((1.92108e-07 9.21387e-10 3.14162e-16) (1.05654e-07 -4.97999e-11 1.14156e-11)) ((1.10963e-12 -1.46793e-12 6.07139e-17) (-1.70926e-13 6.70754e-13 -2.61522e-11)))
257	(((1.92037e-07 9.21483e-10 3.13802e-16) (1.0562e-07 -5.1248e-11 1.14814e-11)) ((1.09678e-12 -1.45476e-12 6.06732e-17) (-1.68852e-13 6.68942e-13 -2.60314e-11)))
258	(((1.91996e-07 9.17479e-10 3.15778e-16) (1.05587e-07 -5.2758e-11 1.14456e-11)) ((1.11623e-12 -1.46734e-12 6.0639e-17) (-1.71495e-13 6.71356e-13 -2.59122e-11)))
259	(((1.91983e-07 9.10119e-10 3.14094e-16) (1.05554e-07 -5.42308e-11 1.14882e-11)) ((1.09696e-12 -1.45672e-12 6.04873e-17) (-1.68909e-13 6.70296e-13 -2.57935e-11)))
260	(((1.91975e-07 9.03634e-10 3.14137e-16) (1.05523e-07 -5.57285e-11 1.14505e-11)) ((1.10741e-12 -1.46481e-12 6.04453e-17) (-1.70321e-13 6.70936e-13 -2.56773e-11)))
261	(((1.91961e-07 9.12975e-10 3.12777e-16) (1.05491e-07 -5.70965e-11 1.14846e-11)) ((1.09506e-12 -1.4549e-12 6.04815e-17) (-1.68632e-13 6.68814e-13 -2.55623e-11)))
262	(((1.91892e-07 9.05861e-10 3.13552e-16) (1.05459e-07 -5.84739e-11 1.14344e-11)) ((1.10888e-12 -1.46328e-12 6.04838e-17) (-1.7002e-13 6.69342e-13 -2.54522e-11)))
263	(((1.91816e-07 8.98872e-10 3.14142e-16) (1.05427e-07 -5.98043e-11 1.15055e-11)) ((1.09412e-12 -1.45166e-12 6.04667e-17) (-1.67824e-13 6.68121e-13 -2.53459e-11)))
264	(((1.91774e-07 8.88184e-10 3.14503e-16) (1.05397e-07 -6.12403e-11 1.1451e-11)) ((1.11219e-12 -1.46053e-12 6.04114e-17) (-1.70734e-13 6.69935e-13 -2.52413e-11)))
265	(((1.9178e-07 8.90403e-10 3.1352e-16) (1.05368e-07 -6.26469e-11 1.15019e-11)) ((1.09741e-12 -1.44991e-12 6.03138e-17) (-1.69297e-13 6.68932e-13 -2.51345e-11)))
266	(((1.91772e-07 8.81707e-10 3.13395e-16) (1.05338e-07 -6.4076e-11 1.14538e-11)) ((1.10548e-12 -1.45872e-12 6.02242e-17) (-1.70403e-13 6.6973e-13 -2.50296e-11)))
267	(((1.91735e-07 8.80753e-10 3.12452e-16) (1.05309e-07 -6.54282e-11 1.14942e-11)) ((1.09359e-12 -1.44891e-12 6.01321e-17) (-1.68806e-13 6.67696e-13 -2.49268e-11)))
268	(((1.91675e-07 8.83604e-10 3.13252e-16) (1.05279e-07 -6.67756e-11 1.14427e-11)) ((1.10643e-12 -1.45831e-12 6.01965e-17) (-1.69936e-13 6.68496e-13 -2.48275e-11)))
269	(((1.91619e-07 8.83871e-10 3.12231e-16) (1.05251e-07 -6.80581e-11 1.1488e-11)) ((1.08845e-12 -1.44516e-12 6.01566e-17) (-1.6718e-13 6.66887e-13 -2.47292e-11)))
270	(((1.91587e-07 8.72102e-10 3.13746e-16) (1.05223e-07 -6.94036e-11 1.14454e-11)) ((1.10602e-12 -1.45645e-12 6.01372e-17) (-1.69867e-13 6.69108e-13 -2.46337e-11)))
271	(((1.91577e-07 8.63121e-10 3.12972e-16) (1.05196e-07 -7.07303e-11 1.14938e-11)) ((1.09468e-12 -1.44675e-12 6.00342e-17) (-1.68961e-13 6.68194e-13 -2.45393e-11)))
272	(((1.91573e-07 8.64092e-10 3.13234e-16) (1.05168e-07 -7.20787e-11 1.14286e-11)) ((1.10921e-12 -1.45987e-12 6.00218e-17) (-1.71031e-13 6.69559e-13 -2.44456e-11)))
273	(((1.91544e-07 8.70746e-10 3.12457e-16) (1.05141e-07 -7.32678e-11 1.1501e-11)) ((1.08798e-12 -1.44564e-12 6.00577e-17) (-1.67731e-13 6.66861e-13 -2.43547e-11)))
274	(((1.9148e-07 8.67233e-10 3.12341e-16) (1.05114e-07 -7.44818e-11 1.14258e-11)) ((1.10743e-12 -1.45627e-12 6.0072e-17) (-1.7026e-13 6.67881e-13 -2.42674e-11)))
275	(((1.91424e-07 8.63065e-10 3.12597e-16) (1.05088e-07 -7.56811e-11 1.14578e-11)) ((1.09988e-12 -1.44963e-12 5.9981e-17) (-1.69318e-13 6.67371e-13 -2.41806e-11)))
276	(((1.91398e-07 8.51172e-10 3.13409e-16) (1.05062e-07 -7.69731e-11 1.14357e-11)) ((1.10873e-12 -1.45506e-12 5.99074e-17) (-1.70581e-13 6.68499e-13 -2.40948e-11)))
277	(((1.91394e-07 8.47178e-10 3.12509e-16) (1.05037e-07 -7.82509e-11 1.14982e-11)) ((1.09386e-12 -1.4426e-12 5.97888e-17) (-1.69117e-13 6.67028e-13 -2.40089e-11)))
278	(((1.91392e-07 8.5166e-10 3.12695e-16) (1.05012e-07 -7.95204e-11 1.1431e-11)) ((1.10655e-12 -1.45566e-12 5.98209e-17) (-1.70761e-13 6.68457e-13 -2.39242e-11)))
279	(((1.91359e-07 8.57181e-10 3.11206e-16) (1.04987e-07 -8.06398e-11 1.1486e-11)) ((1.08958e-12 -1.44162e-12 5.98307e-17) (-1.68231e-13 6.6576e-13 -2.38419e-11)))
280	(((1.91296e-07 8.50614e-10 3.11486e-16) (1.04962e-07 -8.17929e-11 1.14247e-11)) ((1.09934e-12 -1.45123e-12 5.97948e-17) (-1.68835e-13 6.66658e-13 -2.37628e-11)))
281	(((1.91238e-07 8.42102e-10 3.11614e-16) (1.04937e-07 -8.29078e-11 1.14769e-11)) ((1.09061e-12 -1.44099e-12 5.97271e-17) (-1.67811e-13 6.65641e-13 -2.36863e-11)))
282	(((1.91226e-07 8.37246e-10 3.1283e-16) (1.04914e-07 -8.41099e-11 1.14372e-11)) ((1.10603e-12 -1.45098e-12 5.97437e-17) (-1.70117e-13 6.6747e-13 -2.36099e-11)))
283	(((1.91219e-07 8.30821e-10 3.12235e-16) (1.0489e-07 -8.52773e-11 1.14852e-11)) ((1.09252e-12 -1.44142e-12 5.9666e-17) (-1.68772e-13 6.66384e-13 -2.35346e-11)))
284	(((1.91207e-07 8.32057e-10 3.1216e-16) (1.04867e-07 -8.64631e-11 1.14433e-11)) ((1.10192e-12 -1.44937e-12 5.96174e-17) (-1.69885e-13 6.66984e-13 -2.346e-11)))
285	(((1.91182e-07 8.44872e-10 3.10594e-16) (1.04844e-07 -8.74871e-11 1.1466e-11)) ((1.09167e-12 -1.43997e-12 5.96737e-17) (-1.68541e-13 6.65082e-13 -2.33867e-11)))
286	(((1.91124e-07 8.37831e-10 3.11467e-16) (1.04821e-07 -8.853e-11 1.14226e-11)) ((1.10312e-12 -1.44903e-12 5.96638e-17) (-1.69575e-13 6.65972e-13 -2.33166e-11)))
287	(((1.91071e-07 8.27068e-10 3.11674e-16) (1.04798e-07 -8.95801e-11 1.148e-11)) ((1.09243e-12 -1.43876e-12 5.95648e-17) (-1.68329e-13 6.65021e-13 -2.32481e-11)))
288	(((1.91053e-07 8.18305e-10 3.12736e-16) (1.04776e-07 -9.07398e-11 1.14294e-11)) ((1.10631e-12 -1.45058e-12 5.95307e-17) (-1.70335e-13 6.67077e-13 -2.31803e-11)))
289	(((1.91055e-07 8.19883e-10 3.12159e-16) (1.04755e-07 -9.1818e-11 1.15106e-11)) ((1.08471e-12 -1.43573e-12 5.95485e-17) (-1.67468e-13 6.65195e-13 -2.31138e-11)))
290	(((1.91041e-07 8.19689e-10 3.11315e-16) (1.04733e-07 -9.29308e-11 1.1432e-11)) ((1.09483e-12 -1.44593e-12 5.94539e-17) (-1.68536e-13 6.66189e-13 -2.30471e-11)))
291	(((1.91008e-07 8.27414e-10 3.10629e-16) (1.04711e-07 -9.38934e-11 1.14514e-11)) ((1.08961e-12 -1.43929e-12 5.94335e-17) (-1.6786e-13 6.64781e-13 -2.29817e-11)))
292	(((1.90958e-07 8.25944e-10 3.11288e-16) (1.0469e-07 -9.48471e-11 1.14187e-11)) ((1.10273e-12 -1.44614e-12 5.94501e-17) (-1.69277e-13 6.65332e-13 -2.29191e-11)))
293	(((1.9092e-07 8.21272e-10 3.1132e-16) (1.04669e-07 -9.57802e-11 1.14704e-11)) ((1.09213e-12 -1.4369e-12 5.94473e-17) (-1.68148e-13 6.6448e-13 -2.2858e-11)))
294	(((1.90898e-07 8.07401e-10 3.11838e-16) (1.04648e-07 -9.6828e-11 1.14303e-11)) ((1.1043e-12 -1.44593e-12 5.94086e-17) (-1.70119e-13 6.66016e-13 -2.27987e-11)))
295	(((1.90905e-07 8.13853e-10 3.11013e-16) (1.04628e-07 -9.78257e-11 1.14763e-11)) ((1.0897e-12 -1.43544e-12 5.93905e-17) (-1.68491e-13 6.64732e-13 -2.27382e-11)))
296	(((1.90886e-07 8.11796e-10 3.11166e-16) (1.04608e-07 -9.88045e-11 1.14273e-11)) ((1.09997e-12 -1.44373e-12 5.9343e-17) (-1.69589e-13 6.6547e-13 -2.26798e-11)))
297	(((1.90846e-07 8.13176e-10 3.1052e-16) (1.04588e-07 -9.96842e-11 1.1467e-11)) ((1.08949e-12 -1.43421e-12 5.92648e-17) (-1.67922e-13 6.63674e-13 -2.26227e-11)))
298	(((1.90796e-07 8.10318e-10 3.11206e-16) (1.04568e-07 -1.00592e-10 1.14193e-11)) ((1.10234e-12 -1.44457e-12 5.9269e-17) (-1.69114e-13 6.6481e-13 -2.25681e-11)))
299	(((1.90767e-07 8.1006e-10 3.10798e-16) (1.04549e-07 -1.01463e-10 1.14706e-11)) ((1.09017e-12 -1.43481e-12 5.92801e-17) (-1.67673e-13 6.63844e-13 -2.25138e-11)))
300	(((1.9075e-07 7.96818e-10 3.11998e-16) (1.0453e-07 -1.0242e-10 1.14521e-11)) ((1.09789e-12 -1.44269e-12 5.93051e-17) (-1.68719e-13 6.65333e-13 -2.24621e-11)))
301	(((1.90743e-07 7.93993e-10 3.10574e-16) (1.04511e-07 -1.03382e-10 1.1472e-11)) ((1.08374e-12 -1.43358e-12 5.91711e-17) (-1.67015e-13 6.64275e-13 -2.2409e-11)))
302	(((1.90741e-07 8.06376e-10 3.10531e-16) (1.04492e-07 -1.04273e-10 1.13972e-11)) ((1.10372e-12 -1.44418e-12 5.92523e-17) (-1.69837e-13 6.65282e-13 -2.23566e-11)))
303	(((1.90703e-07 8.07957e-10 3.10076e-16) (1.04474e-07 -1.05037e-10 1.14398e-11)) ((1.09217e-12 -1.43389e-12 5.91846e-17) (-1.68007e-13 6.63277e-13 -2.23061e-11)))
304	(((1.90652e-07 8.02397e-10 3.10943e-16) (1.04455e-07 -1.05847e-10 1.14093e-11)) ((1.10304e-12 -1.44237e-12 5.91615e-17) (-1.69066e-13 6.64119e-13 -2.22579e-11)))
305	(((1.90618e-07 7.97835e-10 3.10331e-16) (1.04437e-07 -1.06646e-10 1.14872e-11)) ((1.08597e-12 -1.42876e-12 5.91394e-17) (-1.66936e-13 6.62594e-13 -2.22106e-11)))
306	(((1.90608e-07 7.89234e-10 3.11154e-16) (1.04419e-07 -1.07546e-10 1.14348e-11)) ((1.10007e-12 -1.44146e-12 5.9138e-17) (-1.69116e-13 6.64836e-13 -2.21637e-11)))
307	(((1.90603e-07 7.86348e-10 3.10445e-16) (1.04402e-07 -1.08408e-10 1.14797e-11)) ((1.08859e-12 -1.43087e-12 5.9058e-17) (-1.67962e-13 6.6358e-13 -2.21169e-11)))
308	(((1.90589e-07 7.9047e-10 3.10615e-16) (1.04384e-07 -1.09253e-10 1.14243e-11)) ((1.10006e-12 -1.43898e-12 5.90411e-17) (-1.69231e-13 6.64291e-13 -2.20711e-11)))
309	(((1.90568e-07 8.04425e-10 3.09788e-16) (1.04367e-07 -1.09944e-10 1.14532e-11)) ((1.08851e-12 -1.42929e-12 5.90661e-17) (-1.6746e-13 6.62419e-13 -2.20251e-11)))
310	(((1.9052e-07 7.98431e-10 3.10998e-16) (1.04349e-07 -1.10632e-10 1.1428e-11)) ((1.09719e-12 -1.43815e-12 5.91209e-17) (-1.68019e-13 6.6345e-13 -2.19834e-11)))
311	(((1.90478e-07 7.87034e-10 3.10248e-16) (1.04332e-07 -1.11364e-10 1.14634e-11)) ((1.08448e-12 -1.43078e-12 5.90119e-17) (-1.66395e-13 6.62914e-13 -2.1942e-11)))
312	(((1.90474e-07 7.827e-10 3.10436e-16) (1.04316e-07 -1.12174e-10 1.14101e-11)) ((1.10234e-12 -1.44052e-12 5.90653e-17) (-1.69321e-13 6.64479e-13 -2.1901e-11)))
313	(((1.9047e-07 7.79928e-10 3.0994e-16) (1.04299e-07 -1.12949e-10 1.14564e-11)) ((1.08972e-12 -1.42965e-12 5.89725e-17) (-1.68004e-13 6.63099e-13 -2.18601e-11)))
314	(((1.90455e-07 7.83277e-10 3.10369e-16) (1.04283e-07 -1.13718e-10 1.14096e-11)) ((1.10037e-12 -1.43729e-12 5.8923e-17) (-1.69314e-13 6.63761e-13 -2.18196e-11)))
315	(((1.90435e-07 7.97493e-10 3.09644e-16) (1.04266e-07 -1.14335e-10 1.14533e-11)) ((1.08664e-12 -1.42624e-12 5.89663e-17) (-1.67225e-13 6.61768e-13 -2.1779e-11)))
316	(((1.90387e-07 7.90685e-10 3.10264e-16) (1.0425e-07 -1.14968e-10 1.14156e-11)) ((1.09795e-12 -1.43577e-12 5.89773e-17) (-1.68344e-13 6.62956e-13 -2.17414e-11)))
317	(((1.90346e-07 7.79469e-10 3.10068e-16) (1.04234e-07 -1.15627e-10 1.14711e-11)) ((1.08719e-12 -1.42727e-12 5.89065e-17) (-1.67167e-13 6.62326e-13 -2.1705e-11)))
318	(((1.90343e-07 7.73332e-10 3.10606e-16) (1.04219e-07 -1.16392e-10 1.14231e-11)) ((1.09954e-12 -1.43717e-12 5.88957e-17) (-1.69044e-13 6.63981e-13 -2.16682e-11)))
319	(((1.90342e-07 7.73216e-10 3.10514e-16) (1.04204e-07 -1.17084e-10 1.14754e-11)) ((1.08316e-12 -1.42651e-12 5.88906e-17) (-1.66961e-13 6.62729e-13 -2.16329e-11)))
320	(((1.90333e-07 7.80703e-10 3.10248e-16) (1.04188e-07 -1.17766e-10 1.14248e-11)) ((1.09493e-12 -1.43223e-12 5.8886e-17) (-1.68425e-13 6.63048e-13 -2.15967e-11)))
321	(((1.90304e-07 7.89098e-10 3.09305e-16) (1.04173e-07 -1.18322e-10 1.14215e-11)) ((1.08579e-12 -1.42787e-12 5.88345e-17) (-1.66936e-13 6.62071e-13 -2.15604e-11)))
322	(((1.90259e-07 7.86105e-10 3.09545e-16) (1.04157e-07 -1.18865e-10 1.13783e-11)) ((1.10182e-12 -1.43637e-12 5.88968e-17) (-1.69122e-13 6.63026e-13 -2.15275e-11)))
323	(((1.90226e-07 7.76367e-10 3.09603e-16) (1.04142e-07 -1.19443e-10 1.14447e-11)) ((1.08814e-12 -1.42595e-12 5.88441e-17) (-1.67594e-13 6.62002e-13 -2.14954e-11)))
324	(((1.90227e-07 7.69722e-10 3.10656e-16) (1.04128e-07 -1.20141e-10 1.13975e-11)) ((1.101e-12 -1.43709e-12 5.88482e-17) (-1.69627e-13 6.63774e-13 -2.14628e-11)))
325	(((1.90227e-07 7.70666e-10 3.09774e-16) (1.04114e-07 -1.20778e-10 1.14484e-11)) ((1.08563e-12 -1.42435e-12 5.87969e-17) (-1.67792e-13 6.61975e-13 -2.14302e-11)))
326	(((1.9021e-07 7.7445e-10 3.10046e-16) (1.04099e-07 -1.21395e-10 1.14027e-11)) ((1.098e-12 -1.43228e-12 5.87596e-17) (-1.69214e-13 6.62652e-13 -2.13983e-11)))
327	(((1.90183e-07 7.85777e-10 3.08958e-16) (1.04085e-07 -1.21866e-10 1.14514e-11)) ((1.08295e-12 -1.41963e-12 5.8786e-17) (-1.66827e-13 6.60469e-13 -2.13669e-11)))
328	(((1.90135e-07 7.77882e-10 3.09539e-16) (1.0407e-07 -1.22374e-10 1.14105e-11)) ((1.09489e-12 -1.42954e-12 5.87825e-17) (-1.68213e-13 6.61927e-13 -2.13383e-11)))
329	(((1.9011e-07 7.69745e-10 3.09666e-16) (1.04056e-07 -1.22909e-10 1.14401e-11)) ((1.08659e-12 -1.42493e-12 5.87584e-17) (-1.67509e-13 6.61825e-13 -2.13098e-11)))
330	(((1.90104e-07 7.57888e-10 3.10804e-16) (1.04043e-07 -1.23549e-10 1.14086e-11)) ((1.09572e-12 -1.43362e-12 5.87589e-17) (-1.68708e-13 6.6315e-13 -2.12827e-11)))
331	(((1.90112e-07 7.66072e-10 3.09805e-16) (1.04029e-07 -1.24136e-10 1.14515e-11)) ((1.0839e-12 -1.42144e-12 5.87383e-17) (-1.6742e-13 6.61382e-13 -2.12537e-11)))
332	(((1.90097e-07 7.72916e-10 3.09195e-16) (1.04016e-07 -1.24675e-10 1.13611e-11)) ((1.09919e-12 -1.43303e-12 5.87304e-17) (-1.69341e-13 6.625e-13 -2.12251e-11)))
333	(((1.90064e-07 7.8009e-10 3.09095e-16) (1.04002e-07 -1.25084e-10 1.13933e-11)) ((1.09022e-12 -1.42603e-12 5.86975e-17) (-1.67997e-13 6.61177e-13 -2.11972e-11)))
334	(((1.90021e-07 7.74263e-10 3.09981e-16) (1.03989e-07 -1.25535e-10 1.137e-11)) ((1.10075e-12 -1.43405e-12 5.86937e-17) (-1.69188e-13 6.62297e-13 -2.11714e-11)))
335	(((1.9001e-07 7.70984e-10 3.09746e-16) (1.03975e-07 -1.25997e-10 1.14281e-11)) ((1.0876e-12 -1.42401e-12 5.87292e-17) (-1.67677e-13 6.61233e-13 -2.11452e-11)))
336	(((1.90001e-07 7.55403e-10 3.10226e-16) (1.03963e-07 -1.26585e-10 1.13916e-11)) ((1.09924e-12 -1.43211e-12 5.86783e-17) (-1.69425e-13 6.62421e-13 -2.11202e-11)))
337	(((1.89994e-07 7.56226e-10 3.0938e-16) (1.0395e-07 -1.27132e-10 1.14276e-11)) ((1.08641e-12 -1.42191e-12 5.86163e-17) (-1.67927e-13 6.61005e-13 -2.10953e-11)))
338	(((1.89977e-07 7.65077e-10 3.09631e-16) (1.03937e-07 -1.27637e-10 1.13693e-11)) ((1.0991e-12 -1.43168e-12 5.86025e-17) (-1.6941e-13 6.61988e-13 -2.10706e-11)))
339	(((1.89954e-07 7.77117e-10 3.0879e-16) (1.03924e-07 -1.27989e-10 1.14178e-11)) ((1.08507e-12 -1.41953e-12 5.86314e-17) (-1.67312e-13 6.59915e-13 -2.10458e-11)))
340	(((1.89914e-07 7.68961e-10 3.10067e-16) (1.03912e-07 -1.28368e-10 1.14007e-11)) ((1.09282e-12 -1.42802e-12 5.8688e-17) (-1.68004e-13 6.61299e-13 -2.10243e-11)))
341	(((1.89897e-07 7.59601e-10 3.09827e-16) (1.03899e-07 -1.28807e-10 1.14234e-11)) ((1.08658e-12 -1.42349e-12 5.86428e-17) (-1.67643e-13 6.61127e-13 -2.10017e-11)))
342	(((1.89893e-07 7.488e-10 3.09224e-16) (1.03887e-07 -1.2936e-10 1.13429e-11)) ((1.10016e-12 -1.43422e-12 5.85892e-17) (-1.69625e-13 6.62477e-13 -2.09793e-11)))
343	(((1.89895e-07 7.58617e-10 3.08613e-16) (1.03875e-07 -1.29833e-10 1.1406e-11)) ((1.08528e-12 -1.4196e-12 5.85649e-17) (-1.67844e-13 6.60225e-13 -2.09559e-11)))
344	(((1.89882e-07 7.70142e-10 3.09468e-16) (1.03863e-07 -1.30244e-10 1.13509e-11)) ((1.09968e-12 -1.43068e-12 5.8588e-17) (-1.69671e-13 6.61517e-13 -2.09327e-11)))
345	(((1.89847e-07 7.72655e-10 3.09158e-16) (1.03851e-07 -1.30538e-10 1.14001e-11)) ((1.0883e-12 -1.421e-12 5.8545e-17) (-1.68056e-13 6.59958e-13 -2.09111e-11)))
346	(((1.89811e-07 7.64811e-10 3.09542e-16) (1.03839e-07 -1.30896e-10 1.1376e-11)) ((1.09723e-12 -1.42814e-12 5.85568e-17) (-1.69017e-13 6.60985e-13 -2.08912e-11)))
347	(((1.89799e-07 7.56911e-10 3.09024e-16) (1.03827e-07 -1.31284e-10 1.14202e-11)) ((1.08498e-12 -1.41948e-12 5.85529e-17) (-1.67618e-13 6.60074e-13 -2.08713e-11)))
348	(((1.89795e-07 7.46232e-10 3.09261e-16) (1.03816e-07 -1.31778e-10 1.13762e-11)) ((1.09566e-12 -1.42746e-12 5.85345e-17) (-1.69128e-13 6.61203e-13 -2.08517e-11)))
349	(((1.89791e-07 7.5324e-10 3.08496e-16) (1.03805e-07 -1.32204e-10 1.14156e-11)) ((1.08281e-12 -1.41626e-12 5.84961e-17) (-1.6761e-13 6.5962e-13 -2.08316e-11)))
350	(((1.89781e-07 7.6943e-10 3.0961e-16) (1.03793e-07 -1.3254e-10 1.13769e-11)) ((1.09215e-12 -1.42568e-12 5.85868e-17) (-1.6844e-13 6.60779e-13 -2.08119e-11)))
351	(((1.89747e-07 7.70852e-10 3.08942e-16) (1.03782e-07 -1.32775e-10 1.14067e-11)) ((1.0834e-12 -1.41757e-12 5.8525e-17) (-1.67274e-13 6.59539e-13 -2.07929e-11)))
352	(((1.89713e-07 7.60531e-10 3.08944e-16) (1.0377e-07 -1.33082e-10 1.13528e-11)) ((1.09966e-12 -1.42747e-12 5.8533e-17) (-1.69619e-13 6.60899e-13 -2.07759e-11)))
353	(((1.89707e-07 7.53588e-10 3.08133e-16) (1.03759e-07 -1.33447e-10 1.13959e-11)) ((1.08222e-12 -1.41677e-12 5.84888e-17) (-1.67335e-13 6.59487e-13 -2.07572e-11)))
354	(((1.89701e-07 7.43051e-10 3.08913e-16) (1.03749e-07 -1.3391e-10 1.13633e-11)) ((1.0941e-12 -1.42439e-12 5.84499e-17) (-1.69157e-13 6.60552e-13 -2.07394e-11)))
355	(((1.89692e-07 7.49734e-10 3.08418e-16) (1.03738e-07 -1.34301e-10 1.14062e-11)) ((1.08178e-12 -1.41424e-12 5.84035e-17) (-1.67679e-13 6.59169e-13 -2.07218e-11)))
356	(((1.89677e-07 7.6368e-10 3.09189e-16) (1.03727e-07 -1.34628e-10 1.13446e-11)) ((1.0974e-12 -1.42708e-12 5.84369e-17) (-1.69578e-13 6.60811e-13 -2.07038e-11)))
357	(((1.89653e-07 7.69813e-10 3.08437e-16) (1.03716e-07 -1.34817e-10 1.14016e-11)) ((1.08313e-12 -1.41492e-12 5.84559e-17) (-1.67477e-13 6.58905e-13 -2.06866e-11)))
358	(((1.89623e-07 7.5606e-10 3.0905e-16) (1.03706e-07 -1.3509e-10 1.13614e-11)) ((1.09521e-12 -1.42467e-12 5.84525e-17) (-1.68998e-13 6.60328e-13 -2.06712e-11)))
359	(((1.89609e-07 7.43328e-10 3.08628e-16) (1.03695e-07 -1.35423e-10 1.13956e-11)) ((1.08468e-12 -1.41696e-12 5.83982e-17) (-1.67849e-13 6.59407e-13 -2.06559e-11)))
360	(((1.89613e-07 7.43578e-10 3.0923e-16) (1.03685e-07 -1.35842e-10 1.13395e-11)) ((1.09816e-12 -1.42776e-12 5.84196e-17) (-1.69735e-13 6.60878e-13 -2.06397e-11)))
361	(((1.89603e-07 7.51608e-10 3.09215e-16) (1.03675e-07 -1.36146e-10 1.13964e-11)) ((1.0823e-12 -1.41731e-12 5.84254e-17) (-1.67481e-13 6.59459e-13 -2.06246e-11)))
362	(((1.89585e-07 7.63014e-10 3.0872e-16) (1.03665e-07 -1.364e-10 1.13464e-11)) ((1.09627e-12 -1.42375e-12 5.84646e-17) (-1.69415e-13 6.60113e-13 -2.06094e-11)))
363	(((1.89556e-07 7.62883e-10 3.07835e-16) (1.03654e-07 -1.3659e-10 1.1379e-11)) ((1.08169e-12 -1.41463e-12 5.83402e-17) (-1.67305e-13 6.58758e-13 -2.05936e-11)))
364	(((1.89542e-07 7.56541e-10 3.08698e-16) (1.03644e-07 -1.36834e-10 1.13407e-11)) ((1.09484e-12 -1.42398e-12 5.83791e-17) (-1.6912e-13 6.60114e-13 -2.05784e-11)))
365	(((1.89529e-07 7.42228e-10 3.08342e-16) (1.03634e-07 -1.37124e-10 1.13881e-11)) ((1.08319e-12 -1.41427e-12 5.83411e-17) (-1.67729e-13 6.58779e-13 -2.05645e-11)))
366	(((1.89522e-07 7.38692e-10 3.08769e-16) (1.03625e-07 -1.3752e-10 1.13553e-11)) ((1.09362e-12 -1.42164e-12 5.83414e-17) (-1.69012e-13 6.59664e-13 -2.05509e-11)))
367	(((1.89521e-07 7.56843e-10 3.08174e-16) (1.03615e-07 -1.3779e-10 1.14014e-11)) ((1.08122e-12 -1.41169e-12 5.83831e-17) (-1.67416e-13 6.58284e-13 -2.05358e-11)))
368	(((1.89495e-07 7.61097e-10 3.0864e-16) (1.03605e-07 -1.37991e-10 1.13585e-11)) ((1.09298e-12 -1.42086e-12 5.83674e-17) (-1.68851e-13 6.59522e-13 -2.0522e-11)))
369	(((1.89468e-07 7.57863e-10 3.08073e-16) (1.03596e-07 -1.38125e-10 1.13962e-11)) ((1.08156e-12 -1.41209e-12 5.8299e-17) (-1.6735e-13 6.58269e-13 -2.05089e-11)))
370	(((1.89449e-07 7.45667e-10 3.08815e-16) (1.03586e-07 -1.38372e-10 1.1341e-11)) ((1.09571e-12 -1.42368e-12 5.82813e-17) (-1.69207e-13 6.59894e-13 -2.04967e-11)))
371	(((1.89445e-07 7.38668e-10 3.08578e-16) (1.03577e-07 -1.38641e-10 1.14186e-11)) ((1.07682e-12 -1.41022e-12 5.83284e-17) (-1.66254e-13 6.57909e-13 -2.0485e-11)))
372	(((1.8944e-07 7.37752e-10 3.08659e-16) (1.03567e-07 -1.38996e-10 1.13495e-11)) ((1.09601e-12 -1.42209e-12 5.83673e-17) (-1.69154e-13 6.59591e-13 -2.04731e-11)))
373	(((1.89426e-07 7.48792e-10 3.0816e-16) (1.03558e-07 -1.39247e-10 1.13893e-11)) ((1.08448e-12 -1.41327e-12 5.83144e-17) (-1.67736e-13 6.58411e-13 -2.046e-11)))
374	(((1.89417e-07 7.63041e-10 3.08519e-16) (1.03549e-07 -1.39431e-10 1.13273e-11)) ((1.09441e-12 -1.42422e-12 5.83047e-17) (-1.6884e-13 6.59865e-13 -2.04453e-11)))
375	(((1.89393e-07 7.59763e-10 3.08192e-16) (1.0354e-07 -1.39517e-10 1.13719e-11)) ((1.08357e-12 -1.41471e-12 5.82458e-17) (-1.67454e-13 6.58408e-13 -2.04325e-11)))
376	(((1.89373e-07 7.45054e-10 3.0877e-16) (1.03531e-07 -1.3973e-10 1.13391e-11)) ((1.0951e-12 -1.42233e-12 5.82297e-17) (-1.68798e-13 6.59291e-13 -2.04216e-11)))
377	(((1.89371e-07 7.4009e-10 3.08036e-16) (1.03522e-07 -1.39983e-10 1.1395e-11)) ((1.08156e-12 -1.41055e-12 5.82678e-17) (-1.66994e-13 6.57559e-13 -2.04103e-11)))
378	(((1.89357e-07 7.36124e-10 3.08461e-16) (1.03513e-07 -1.40301e-10 1.13586e-11)) ((1.09256e-12 -1.41901e-12 5.8282e-17) (-1.68466e-13 6.58812e-13 -2.03998e-11)))
379	(((1.89343e-07 7.4654e-10 3.07832e-16) (1.03504e-07 -1.40508e-10 1.14008e-11)) ((1.08033e-12 -1.40963e-12 5.82386e-17) (-1.67036e-13 6.57659e-13 -2.03884e-11)))
380	(((1.89332e-07 7.58003e-10 3.08587e-16) (1.03496e-07 -1.40654e-10 1.134e-11)) ((1.095e-12 -1.4218e-12 5.82403e-17) (-1.69026e-13 6.59348e-13 -2.03763e-11)))
381	(((1.89317e-07 7.58839e-10 3.08441e-16) (1.03487e-07 -1.40698e-10 1.14127e-11)) ((1.07674e-12 -1.40905e-12 5.82622e-17) (-1.661e-13 6.57436e-13 -2.03655e-11)))
382	(((1.89299e-07 7.42457e-10 3.084e-16) (1.03479e-07 -1.40882e-10 1.13474e-11)) ((1.09442e-12 -1.41946e-12 5.82602e-17) (-1.68627e-13 6.58699e-13 -2.03563e-11)))
383	(((1.89288e-07 7.33658e-10 3.0811e-16) (1.0347e-07 -1.41134e-10 1.13783e-11)) ((1.08498e-12 -1.41285e-12 5.82245e-17) (-1.67428e-13 6.57738e-13 -2.03464e-11)))
384	(((1.89278e-07 7.35231e-10 3.08207e-16) (1.03462e-07 -1.41445e-10 1.13358e-11)) ((1.09121e-12 -1.42045e-12 5.81937e-17) (-1.68039e-13 6.58801e-13 -2.03355e-11)))
385	(((1.89274e-07 7.5252e-10 3.08109e-16) (1.03453e-07 -1.41604e-10 1.13751e-11)) ((1.08243e-12 -1.41298e-12 5.82035e-17) (-1.67197e-13 6.57959e-13 -2.03236e-11)))
386	(((1.89258e-07 7.56246e-10 3.0868e-16) (1.03445e-07 -1.41713e-10 1.13388e-11)) ((1.09436e-12 -1.42071e-12 5.81857e-17) (-1.68733e-13 6.5891e-13 -2.03128e-11)))
387	(((1.89243e-07 7.55325e-10 3.0777e-16) (1.03437e-07 -1.41772e-10 1.13989e-11)) ((1.07947e-12 -1.40713e-12 5.81728e-17) (-1.66707e-13 6.56821e-13 -2.03026e-11)))
388	(((1.89226e-07 7.39987e-10 3.08236e-16) (1.03429e-07 -1.4195e-10 1.13503e-11)) ((1.092e-12 -1.41719e-12 5.81792e-17) (-1.68216e-13 6.57996e-13 -2.0294e-11)))
389	(((1.89211e-07 7.2986e-10 3.07652e-16) (1.0342e-07 -1.42168e-10 1.13913e-11)) ((1.08009e-12 -1.40849e-12 5.81535e-17) (-1.66633e-13 6.56723e-13 -2.0286e-11)))
390	(((1.89206e-07 7.38032e-10 3.08567e-16) (1.03412e-07 -1.42424e-10 1.13469e-11)) ((1.09396e-12 -1.41972e-12 5.82039e-17) (-1.68575e-13 6.58568e-13 -2.02766e-11)))
391	(((1.89194e-07 7.48628e-10 3.08629e-16) (1.03405e-07 -1.42536e-10 1.1405e-11)) ((1.07892e-12 -1.41032e-12 5.81978e-17) (-1.66426e-13 6.57517e-13 -2.02673e-11)))
392	(((1.89185e-07 7.5373e-10 3.08331e-16) (1.03397e-07 -1.42626e-10 1.13462e-11)) ((1.09349e-12 -1.4182e-12 5.81906e-17) (-1.68618e-13 6.58428e-13 -2.0258e-11)))
393	(((1.89176e-07 7.53452e-10 3.07654e-16) (1.03389e-07 -1.42677e-10 1.13852e-11)) ((1.08115e-12 -1.40816e-12 5.81484e-17) (-1.6701e-13 6.56809e-13 -2.02481e-11)))
394	(((1.89158e-07 7.36763e-10 3.08109e-16) (1.03381e-07 -1.42842e-10 1.13458e-11)) ((1.09175e-12 -1.41619e-12 5.81409e-17) (-1.68249e-13 6.57575e-13 -2.02399e-11)))
395	(((1.89141e-07 7.29672e-10 3.07421e-16) (1.03373e-07 -1.43059e-10 1.13746e-11)) ((1.07826e-12 -1.40919e-12 5.80908e-17) (-1.6631e-13 6.56537e-13 -2.02316e-11)))
396	(((1.89135e-07 7.3992e-10 3.0834e-16) (1.03366e-07 -1.43286e-10 1.1349e-11)) ((1.09085e-12 -1.41801e-12 5.81688e-17) (-1.68066e-13 6.58058e-13 -2.0223e-11)))
397	(((1.89124e-07 7.48448e-10 3.07973e-16) (1.03359e-07 -1.43387e-10 1.13981e-11)) ((1.08e-12 -1.40858e-12 5.81266e-17) (-1.66913e-13 6.57002e-13 -2.0214e-11)))
398	(((1.89113e-07 7.48738e-10 3.08462e-16) (1.03351e-07 -1.43481e-10 1.1359e-11)) ((1.09221e-12 -1.4164e-12 5.80755e-17) (-1.68691e-13 6.57957e-13 -2.02052e-11)))
399	(((1.89109e-07 7.49108e-10 3.07447e-16) (1.03344e-07 -1.4352e-10 1.14026e-11)) ((1.07822e-12 -1.40463e-12 5.80759e-17) (-1.66859e-13 6.55976e-13 -2.01963e-11)))
400	(((1.8909e-07 7.33103e-10 3.07789e-16) (1.03336e-07 -1.43668e-10 1.13536e-11)) ((1.08972e-12 -1.4138e-12 5.80897e-17) (-1.682e-13 6.56863e-13 -2.01893e-11)))
401	(((1.89071e-07 7.29307e-10 3.08061e-16) (1.03329e-07 -1.43833e-10 1.14096e-11)) ((1.076e-12 -1.40667e-12 5.81398e-17) (-1.65995e-13 6.55964e-13 -2.01833e-11)))
402	(((1.89055e-07 7.34505e-10 3.08351e-16) (1.03321e-07 -1.44042e-10 1.13538e-11)) ((1.09315e-12 -1.41825e-12 5.81649e-17) (-1.6864e-13 6.58044e-13 -2.0177e-11)))
403	(((1.89063e-07 7.5227e-10 3.07908e-16) (1.03315e-07 -1.44123e-10 1.13972e-11)) ((1.08146e-12 -1.40885e-12 5.81428e-17) (-1.67374e-13 6.56917e-13 -2.01672e-11)))
404	(((1.89057e-07 7.50238e-10 3.08353e-16) (1.03308e-07 -1.44179e-10 1.13529e-11)) ((1.09213e-12 -1.41638e-12 5.80795e-17) (-1.6893e-13 6.57791e-13 -2.01583e-11)))
405	(((1.89042e-07 7.4201e-10 3.07201e-16) (1.033e-07 -1.44233e-10 1.13739e-11)) ((1.07729e-12 -1.40737e-12 5.79731e-17) (-1.66762e-13 6.56041e-13 -2.01497e-11)))
406	(((1.89024e-07 7.325e-10 3.07862e-16) (1.03293e-07 -1.44389e-10 1.13352e-11)) ((1.09077e-12 -1.41644e-12 5.80193e-17) (-1.68234e-13 6.56825e-13 -2.01432e-11)))
407	(((1.89004e-07 7.30307e-10 3.07494e-16) (1.03286e-07 -1.4455e-10 1.14017e-11)) ((1.07889e-12 -1.40563e-12 5.80591e-17) (-1.66638e-13 6.55372e-13 -2.01372e-11)))
408	(((1.88992e-07 7.37166e-10 3.08473e-16) (1.03279e-07 -1.44735e-10 1.13661e-11)) ((1.09236e-12 -1.41706e-12 5.81097e-17) (-1.68681e-13 6.57644e-13 -2.01306e-11)))
409	(((1.88993e-07 7.46545e-10 3.07694e-16) (1.03273e-07 -1.44789e-10 1.14157e-11)) ((1.07832e-12 -1.40557e-12 5.80604e-17) (-1.67245e-13 6.56275e-13 -2.01223e-11)))
410	(((1.88992e-07 7.46066e-10 3.07937e-16) (1.03266e-07 -1.44837e-10 1.13641e-11)) ((1.08914e-12 -1.41333e-12 5.80053e-17) (-1.68905e-13 6.57181e-13 -2.01142e-11)))
411	(((1.88994e-07 7.48549e-10 3.07619e-16) (1.03259e-07 -1.44824e-10 1.14173e-11)) ((1.07306e-12 -1.40234e-12 5.80691e-17) (-1.66237e-13 6.55076e-13 -2.01066e-11)))
412	(((1.88965e-07 7.32999e-10 3.07559e-16) (1.03252e-07 -1.44929e-10 1.1351e-11)) ((1.09018e-12 -1.41322e-12 5.81032e-17) (-1.68326e-13 6.56155e-13 -2.01019e-11)))
413	(((1.88934e-07 7.26841e-10 3.07408e-16) (1.03245e-07 -1.45087e-10 1.13996e-11)) ((1.07962e-12 -1.40595e-12 5.80639e-17) (-1.66864e-13 6.55355e-13 -2.0097e-11)))
414	(((1.88919e-07 7.32002e-10 3.08471e-16) (1.03239e-07 -1.45284e-10 1.1366e-11)) ((1.09189e-12 -1.41659e-12 5.80353e-17) (-1.68794e-13 6.57521e-13 -2.0091e-11)))
415	(((1.88934e-07 7.45633e-10 3.07778e-16) (1.03233e-07 -1.45345e-10 1.14217e-11)) ((1.07753e-12 -1.40389e-12 5.79903e-17) (-1.67403e-13 6.55937e-13 -2.00825e-11)))
416	(((1.88937e-07 7.43719e-10 3.07626e-16) (1.03226e-07 -1.45406e-10 1.13626e-11)) ((1.08543e-12 -1.41158e-12 5.79319e-17) (-1.68451e-13 6.56757e-13 -2.00741e-11)))
417	(((1.88931e-07 7.41602e-10 3.07136e-16) (1.0322e-07 -1.45428e-10 1.13788e-11)) ((1.0784e-12 -1.40565e-12 5.79443e-17) (-1.67378e-13 6.55277e-13 -2.00666e-11)))
418	(((1.88901e-07 7.30409e-10 3.07861e-16) (1.03213e-07 -1.4554e-10 1.13396e-11)) ((1.09191e-12 -1.41558e-12 5.8003e-17) (-1.68569e-13 6.56159e-13 -2.00617e-11)))
419	(((1.88876e-07 7.32038e-10 3.0749e-16) (1.03206e-07 -1.45647e-10 1.14109e-11)) ((1.07838e-12 -1.40468e-12 5.80522e-17) (-1.6671e-13 6.54904e-13 -2.00568e-11)))
420	(((1.88868e-07 7.37862e-10 3.08495e-16) (1.032e-07 -1.45778e-10 1.13703e-11)) ((1.09195e-12 -1.41638e-12 5.80585e-17) (-1.68974e-13 6.57334e-13 -2.00509e-11)))
421	(((1.88874e-07 7.42812e-10 3.08304e-16) (1.03195e-07 -1.45792e-10 1.1431e-11)) ((1.07479e-12 -1.40489e-12 5.79975e-17) (-1.66833e-13 6.56012e-13 -2.00445e-11)))
422	(((1.88883e-07 7.43716e-10 3.07513e-16) (1.03189e-07 -1.45823e-10 1.13689e-11)) ((1.088e-12 -1.41066e-12 5.7971e-17) (-1.6902e-13 6.56413e-13 -2.00377e-11)))
423	(((1.88874e-07 7.39014e-10 3.06762e-16) (1.03182e-07 -1.45841e-10 1.13878e-11)) ((1.07834e-12 -1.40303e-12 5.79339e-17) (-1.6746e-13 6.54539e-13 -2.00311e-11)))
424	(((1.88842e-07 7.29787e-10 3.07459e-16) (1.03175e-07 -1.45951e-10 1.13571e-11)) ((1.0894e-12 -1.41146e-12 5.79755e-17) (-1.68393e-13 6.55273e-13 -2.00264e-11)))
425	(((1.8882e-07 7.34706e-10 3.07154e-16) (1.03169e-07 -1.46056e-10 1.13992e-11)) ((1.07567e-12 -1.40541e-12 5.80042e-17) (-1.66484e-13 6.54922e-13 -2.00205e-11)))
426	(((1.88808e-07 7.35496e-10 3.08228e-16) (1.03164e-07 -1.46178e-10 1.13768e-11)) ((1.08801e-12 -1.41401e-12 5.79936e-17) (-1.68539e-13 6.56845e-13 -2.00152e-11)))
427	(((1.88816e-07 7.38786e-10 3.07631e-16) (1.03158e-07 -1.46225e-10 1.14182e-11)) ((1.07645e-12 -1.40334e-12 5.78931e-17) (-1.67559e-13 6.5561e-13 -2.00087e-11)))
428	(((1.8883e-07 7.39831e-10 3.07806e-16) (1.03152e-07 -1.4628e-10 1.13605e-11)) ((1.08931e-12 -1.41202e-12 5.7874e-17) (-1.69433e-13 6.5632e-13 -2.00017e-11)))
429	(((1.88822e-07 7.3688e-10 3.06651e-16) (1.03146e-07 -1.46278e-10 1.14013e-11)) ((1.07571e-12 -1.39999e-12 5.79026e-17) (-1.67193e-13 6.53637e-13 -1.9996e-11)))
430	(((1.88782e-07 7.27342e-10 3.07335e-16) (1.0314e-07 -1.46365e-10 1.13624e-11)) ((1.08794e-12 -1.41048e-12 5.79661e-17) (-1.68286e-13 6.54847e-13 -1.99928e-11)))
431	(((1.88753e-07 7.30971e-10 3.08205e-16) (1.03134e-07 -1.46436e-10 1.14285e-11)) ((1.07628e-12 -1.40603e-12 5.80239e-17) (-1.66605e-13 6.55054e-13 -1.99894e-11)))
432	(((1.88749e-07 7.3393e-10 3.08369e-16) (1.03129e-07 -1.46546e-10 1.13772e-11)) ((1.09158e-12 -1.41558e-12 5.80004e-17) (-1.69262e-13 6.57125e-13 -1.9985e-11)))
433	(((1.88772e-07 7.41145e-10 3.07238e-16) (1.03123e-07 -1.46578e-10 1.1426e-11)) ((1.07542e-12 -1.40101e-12 5.78998e-17) (-1.676e-13 6.55143e-13 -1.99774e-11)))
434	(((1.88789e-07 7.40541e-10 3.07457e-16) (1.03118e-07 -1.46617e-10 1.13584e-11)) ((1.08815e-12 -1.41047e-12 5.78716e-17) (-1.69474e-13 6.5587e-13 -1.99697e-11)))
435	(((1.88768e-07 7.34169e-10 3.0672e-16) (1.03112e-07 -1.46617e-10 1.13863e-11)) ((1.07703e-12 -1.40146e-12 5.78623e-17) (-1.675e-13 6.53653e-13 -1.99646e-11)))
436	(((1.88721e-07 7.27198e-10 3.0724e-16) (1.03105e-07 -1.46719e-10 1.13476e-11)) ((1.08634e-12 -1.412e-12 5.78952e-17) (-1.67988e-13 6.54942e-13 -1.99613e-11)))
437	(((1.887e-07 7.34825e-10 3.07415e-16) (1.031e-07 -1.46785e-10 1.14163e-11)) ((1.07653e-12 -1.40423e-12 5.79678e-17) (-1.66911e-13 6.54601e-13 -1.9957e-11)))
438	(((1.887e-07 7.32927e-10 3.08216e-16) (1.03095e-07 -1.46881e-10 1.1388e-11)) ((1.08826e-12 -1.41231e-12 5.79333e-17) (-1.68901e-13 6.56456e-13 -1.99526e-11)))
439	(((1.8872e-07 7.33749e-10 3.07329e-16) (1.0309e-07 -1.46917e-10 1.14243e-11)) ((1.07563e-12 -1.40091e-12 5.78239e-17) (-1.67876e-13 6.54954e-13 -1.99464e-11)))
440	(((1.88734e-07 7.34128e-10 3.07362e-16) (1.03085e-07 -1.46967e-10 1.13583e-11)) ((1.08823e-12 -1.40999e-12 5.78e-17) (-1.69644e-13 6.55453e-13 -1.994e-11)))
441	(((1.88717e-07 7.35137e-10 3.06713e-16) (1.03079e-07 -1.46939e-10 1.14145e-11)) ((1.07159e-12 -1.39751e-12 5.78749e-17) (-1.66471e-13 6.52707e-13 -1.99357e-11)))
442	(((1.8867e-07 7.3097e-10 3.07339e-16) (1.03073e-07 -1.46987e-10 1.13621e-11)) ((1.08937e-12 -1.41126e-12 5.79858e-17) (-1.68671e-13 6.54793e-13 -1.99335e-11)))
443	(((1.88639e-07 7.28862e-10 3.07498e-16) (1.03068e-07 -1.47053e-10 1.1423e-11)) ((1.07865e-12 -1.40418e-12 5.79365e-17) (-1.67529e-13 6.54648e-13 -1.993e-11)))
444	(((1.88658e-07 7.35805e-10 3.08278e-16) (1.03063e-07 -1.47151e-10 1.13839e-11)) ((1.08932e-12 -1.41285e-12 5.79192e-17) (-1.69395e-13 6.56539e-13 -1.99243e-11)))
445	(((1.88682e-07 7.35125e-10 3.07279e-16) (1.03058e-07 -1.47171e-10 1.14183e-11)) ((1.07546e-12 -1.40108e-12 5.78016e-17) (-1.68099e-13 6.54758e-13 -1.99174e-11)))
446	(((1.88689e-07 7.3216e-10 3.06947e-16) (1.03053e-07 -1.47226e-10 1.13562e-11)) ((1.08464e-12 -1.40845e-12 5.77574e-17) (-1.69014e-13 6.54777e-13 -1.99114e-11)))
447	(((1.8866e-07 7.33458e-10 3.06079e-16) (1.03047e-07 -1.47215e-10 1.14067e-11)) ((1.07169e-12 -1.39636e-12 5.78136e-17) (-1.66471e-13 6.52151e-13 -1.99077e-11)))
448	(((1.88613e-07 7.30715e-10 3.07504e-16) (1.03041e-07 -1.47268e-10 1.13708e-11)) ((1.08806e-12 -1.41077e-12 5.79194e-17) (-1.68471e-13 6.54658e-13 -1.99057e-11)))
449	(((1.88588e-07 7.26506e-10 3.07567e-16) (1.03037e-07 -1.47322e-10 1.14274e-11)) ((1.07766e-12 -1.40343e-12 5.78912e-17) (-1.67582e-13 6.54566e-13 -1.99026e-11)))
450	(((1.88603e-07 7.25269e-10 3.08707e-16) (1.03032e-07 -1.47424e-10 1.14088e-11)) ((1.08424e-12 -1.41036e-12 5.78654e-17) (-1.68571e-13 6.56166e-13 -1.98992e-11)))
451	(((1.88647e-07 7.35838e-10 3.07323e-16) (1.03028e-07 -1.47452e-10 1.14338e-11)) ((1.07326e-12 -1.39902e-12 5.77984e-17) (-1.67753e-13 6.54222e-13 -1.98914e-11)))
452	(((1.88649e-07 7.34949e-10 3.06672e-16) (1.03023e-07 -1.47461e-10 1.13557e-11)) ((1.08812e-12 -1.40776e-12 5.78119e-17) (-1.69598e-13 6.54303e-13 -1.9886e-11)))
453	(((1.88604e-07 7.32521e-10 3.06306e-16) (1.03017e-07 -1.47431e-10 1.13894e-11)) ((1.07748e-12 -1.40036e-12 5.78148e-17) (-1.67402e-13 6.52569e-13 -1.98831e-11)))
454	(((1.88555e-07 7.30415e-10 3.07728e-16) (1.03012e-07 -1.47481e-10 1.13702e-11)) ((1.08998e-12 -1.41228e-12 5.78811e-17) (-1.68987e-13 6.5487e-13 -1.9881e-11)))
455	(((1.88543e-07 7.26987e-10 3.07309e-16) (1.03007e-07 -1.47543e-10 1.14245e-11)) ((1.07404e-12 -1.40301e-12 5.7818e-17) (-1.67138e-13 6.54423e-13 -1.98772e-11)))
456	(((1.88567e-07 7.24779e-10 3.07875e-16) (1.03003e-07 -1.4766e-10 1.1389e-11)) ((1.08519e-12 -1.40983e-12 5.77703e-17) (-1.69137e-13 6.55903e-13 -1.98723e-11)))
457	(((1.88613e-07 7.35996e-10 3.06596e-16) (1.02999e-07 -1.47671e-10 1.14219e-11)) ((1.07275e-12 -1.39733e-12 5.77626e-17) (-1.67887e-13 6.53513e-13 -1.98645e-11)))
458	(((1.88603e-07 7.34837e-10 3.06658e-16) (1.02993e-07 -1.47669e-10 1.13654e-11)) ((1.08482e-12 -1.40527e-12 5.7781e-17) (-1.68972e-13 6.5351e-13 -1.986e-11)))
459	(((1.88548e-07 7.32446e-10 3.06448e-16) (1.02988e-07 -1.47621e-10 1.14055e-11)) ((1.07556e-12 -1.39845e-12 5.78017e-17) (-1.67146e-13 6.52144e-13 -1.98577e-11)))
460	(((1.88498e-07 7.26948e-10 3.08301e-16) (1.02983e-07 -1.47651e-10 1.14051e-11)) ((1.08461e-12 -1.40985e-12 5.78782e-17) (-1.67967e-13 6.54546e-13 -1.98574e-11)))
461	(((1.88504e-07 7.27722e-10 3.07477e-16) (1.02979e-07 -1.47693e-10 1.14399e-11)) ((1.07651e-12 -1.40187e-12 5.78722e-17) (-1.67662e-13 6.54268e-13 -1.98543e-11)))
462	(((1.88535e-07 7.22261e-10 3.07737e-16) (1.02975e-07 -1.47811e-10 1.13932e-11)) ((1.08658e-12 -1.40882e-12 5.77856e-17) (-1.69497e-13 6.55548e-13 -1.98493e-11)))
463	(((1.88564e-07 7.26473e-10 3.06484e-16) (1.02971e-07 -1.47856e-10 1.14159e-11)) ((1.07374e-12 -1.39753e-12 5.76838e-17) (-1.68105e-13 6.53186e-13 -1.98426e-11)))
464	(((1.88554e-07 7.36705e-10 3.07029e-16) (1.02965e-07 -1.47862e-10 1.13483e-11)) ((1.08817e-12 -1.40873e-12 5.77489e-17) (-1.69407e-13 6.53778e-13 -1.98378e-11)))
465	(((1.88499e-07 7.36652e-10 3.06531e-16) (1.0296e-07 -1.47799e-10 1.13892e-11)) ((1.07469e-12 -1.40155e-12 5.77636e-17) (-1.66862e-13 6.52546e-13 -1.98347e-11)))
466	(((1.88456e-07 7.27343e-10 3.07925e-16) (1.02956e-07 -1.47833e-10 1.13785e-11)) ((1.08849e-12 -1.41208e-12 5.78028e-17) (-1.68778e-13 6.54753e-13 -1.9833e-11)))
467	(((1.88467e-07 7.23968e-10 3.07398e-16) (1.02952e-07 -1.47887e-10 1.14451e-11)) ((1.07449e-12 -1.39969e-12 5.7782e-17) (-1.67442e-13 6.53716e-13 -1.98296e-11)))
468	(((1.88503e-07 7.21254e-10 3.07456e-16) (1.02948e-07 -1.48003e-10 1.13993e-11)) ((1.08445e-12 -1.4062e-12 5.77356e-17) (-1.69338e-13 6.54714e-13 -1.98248e-11)))
469	(((1.88527e-07 7.30281e-10 3.06186e-16) (1.02944e-07 -1.48016e-10 1.14205e-11)) ((1.07254e-12 -1.39603e-12 5.7684e-17) (-1.67966e-13 6.52477e-13 -1.98188e-11)))
470	(((1.88505e-07 7.40316e-10 3.0651e-16) (1.02939e-07 -1.47969e-10 1.13691e-11)) ((1.08432e-12 -1.40448e-12 5.77529e-17) (-1.68815e-13 6.52798e-13 -1.98148e-11)))
471	(((1.8845e-07 7.38962e-10 3.06682e-16) (1.02934e-07 -1.47843e-10 1.14248e-11)) ((1.0743e-12 -1.39813e-12 5.78364e-17) (-1.67069e-13 6.52024e-13 -1.98138e-11)))
472	(((1.88416e-07 7.26924e-10 3.08013e-16) (1.0293e-07 -1.47874e-10 1.13961e-11)) ((1.08746e-12 -1.41002e-12 5.78149e-17) (-1.68901e-13 6.54506e-13 -1.98125e-11)))
473	(((1.88437e-07 7.21828e-10 3.07422e-16) (1.02926e-07 -1.47948e-10 1.14474e-11)) ((1.07359e-12 -1.39871e-12 5.77529e-17) (-1.67525e-13 6.53468e-13 -1.98087e-11)))
474	(((1.88471e-07 7.18142e-10 3.07352e-16) (1.02922e-07 -1.48085e-10 1.13979e-11)) ((1.08364e-12 -1.4053e-12 5.76838e-17) (-1.69243e-13 6.54117e-13 -1.98036e-11)))
475	(((1.88485e-07 7.31811e-10 3.06516e-16) (1.02918e-07 -1.48099e-10 1.14083e-11)) ((1.07525e-12 -1.39864e-12 5.76681e-17) (-1.68136e-13 6.52399e-13 -1.97983e-11)))
476	(((1.88449e-07 7.38913e-10 3.06737e-16) (1.02913e-07 -1.48059e-10 1.1358e-11)) ((1.08494e-12 -1.40797e-12 5.77037e-17) (-1.68478e-13 6.53042e-13 -1.9795e-11)))
477	(((1.88403e-07 7.3938e-10 3.06615e-16) (1.02909e-07 -1.47951e-10 1.1431e-11)) ((1.07268e-12 -1.3977e-12 5.77601e-17) (-1.66657e-13 6.51823e-13 -1.97928e-11)))
478	(((1.88383e-07 7.25182e-10 3.07879e-16) (1.02905e-07 -1.47981e-10 1.14018e-11)) ((1.08659e-12 -1.40869e-12 5.77707e-17) (-1.68863e-13 6.54218e-13 -1.97913e-11)))
479	(((1.88401e-07 7.1326e-10 3.07275e-16) (1.02901e-07 -1.48076e-10 1.14419e-11)) ((1.07421e-12 -1.39847e-12 5.76793e-17) (-1.67884e-13 6.53245e-13 -1.97884e-11)))
480	(((1.8844e-07 7.1931e-10 3.07965e-16) (1.02897e-07 -1.48204e-10 1.14002e-11)) ((1.08291e-12 -1.40696e-12 5.77143e-17) (-1.68979e-13 6.54035e-13 -1.97839e-11)))
481	(((1.88438e-07 7.30967e-10 3.0645e-16) (1.02893e-07 -1.48188e-10 1.14049e-11)) ((1.07617e-12 -1.39878e-12 5.77085e-17) (-1.6815e-13 6.52066e-13 -1.97803e-11)))
482	(((1.88401e-07 7.41084e-10 3.06893e-16) (1.02889e-07 -1.48124e-10 1.13795e-11)) ((1.0858e-12 -1.40558e-12 5.77585e-17) (-1.68668e-13 6.52542e-13 -1.97772e-11)))
483	(((1.88358e-07 7.35547e-10 3.06849e-16) (1.02884e-07 -1.48026e-10 1.14358e-11)) ((1.07417e-12 -1.39806e-12 5.77317e-17) (-1.67088e-13 6.51921e-13 -1.97751e-11)))
484	(((1.88352e-07 7.22397e-10 3.08039e-16) (1.02881e-07 -1.48081e-10 1.13952e-11)) ((1.08778e-12 -1.40996e-12 5.77207e-17) (-1.69312e-13 6.54365e-13 -1.97728e-11)))
485	(((1.88379e-07 7.14265e-10 3.0684e-16) (1.02877e-07 -1.48191e-10 1.14397e-11)) ((1.07032e-12 -1.39673e-12 5.7643e-17) (-1.67343e-13 6.52601e-13 -1.97687e-11)))
486	(((1.884e-07 7.16412e-10 3.06928e-16) (1.02873e-07 -1.48338e-10 1.13901e-11)) ((1.08154e-12 -1.40357e-12 5.76299e-17) (-1.68993e-13 6.53025e-13 -1.97644e-11)))
487	(((1.88391e-07 7.33471e-10 3.06436e-16) (1.02869e-07 -1.4832e-10 1.14131e-11)) ((1.0735e-12 -1.39691e-12 5.7646e-17) (-1.67681e-13 6.51542e-13 -1.97605e-11)))
488	(((1.88354e-07 7.41671e-10 3.07136e-16) (1.02865e-07 -1.4823e-10 1.13851e-11)) ((1.08496e-12 -1.40539e-12 5.77082e-17) (-1.68679e-13 6.52529e-13 -1.97579e-11)))
489	(((1.88327e-07 7.37189e-10 3.07188e-16) (1.02861e-07 -1.4811e-10 1.14296e-11)) ((1.07591e-12 -1.39993e-12 5.77206e-17) (-1.67567e-13 6.5222e-13 -1.97554e-11)))
490	(((1.88323e-07 7.17752e-10 3.08463e-16) (1.02858e-07 -1.4815e-10 1.14177e-11)) ((1.0828e-12 -1.40788e-12 5.77331e-17) (-1.68326e-13 6.53844e-13 -1.97544e-11)))
491	(((1.8835e-07 7.12193e-10 3.06697e-16) (1.02854e-07 -1.48257e-10 1.14452e-11)) ((1.07142e-12 -1.395e-12 5.76866e-17) (-1.6759e-13 6.51919e-13 -1.97513e-11)))
492	(((1.88366e-07 7.20786e-10 3.07142e-16) (1.02851e-07 -1.4839e-10 1.13777e-11)) ((1.08614e-12 -1.40616e-12 5.7674e-17) (-1.69668e-13 6.53104e-13 -1.97471e-11)))
493	(((1.88346e-07 7.34625e-10 3.06569e-16) (1.02847e-07 -1.48346e-10 1.14144e-11)) ((1.07474e-12 -1.39725e-12 5.7652e-17) (-1.67943e-13 6.51471e-13 -1.97433e-11)))
494	(((1.88308e-07 7.3811e-10 3.07097e-16) (1.02843e-07 -1.48282e-10 1.13683e-11)) ((1.08389e-12 -1.40775e-12 5.76285e-17) (-1.68636e-13 6.5286e-13 -1.97404e-11)))
495	(((1.88294e-07 7.33751e-10 3.06977e-16) (1.02839e-07 -1.48192e-10 1.14315e-11)) ((1.07249e-12 -1.39802e-12 5.76537e-17) (-1.67215e-13 6.51803e-13 -1.97377e-11)))
496	(((1.88296e-07 7.13227e-10 3.07672e-16) (1.02836e-07 -1.48282e-10 1.14001e-11)) ((1.08401e-12 -1.40592e-12 5.76474e-17) (-1.68994e-13 6.53229e-13 -1.9736e-11)))
497	(((1.88314e-07 7.0657e-10 3.06852e-16) (1.02832e-07 -1.48422e-10 1.14355e-11)) ((1.07225e-12 -1.39577e-12 5.75928e-17) (-1.67811e-13 6.51654e-13 -1.97331e-11)))
498	(((1.88327e-07 7.23068e-10 3.07214e-16) (1.02829e-07 -1.48529e-10 1.1382e-11)) ((1.08488e-12 -1.40528e-12 5.76596e-17) (-1.69479e-13 6.52676e-13 -1.9729e-11)))
499	(((1.88306e-07 7.38293e-10 3.06676e-16) (1.02825e-07 -1.48439e-10 1.14193e-11)) ((1.074e-12 -1.39709e-12 5.76591e-17) (-1.67866e-13 6.51288e-13 -1.97253e-11)))
500	(((1.88274e-07 7.40157e-10 3.08013e-16) (1.02821e-07 -1.4832e-10 1.14065e-11)) ((1.082e-12 -1.40598e-12 5.7694e-17) (-1.68222e-13 6.52558e-13 -1.97235e-11)))
501	(((1.88267e-07 7.32918e-10 3.07021e-16) (1.02818e-07 -1.48223e-10 1.14354e-11)) ((1.07405e-12 -1.39783e-12 5.76982e-17) (-1.67603e-13 6.51726e-13 -1.97214e-11)))
502	(((1.88271e-07 7.11077e-10 3.07447e-16) (1.02814e-07 -1.48329e-10 1.13928e-11)) ((1.08481e-12 -1.4058e-12 5.76454e-17) (-1.6921e-13 6.52889e-13 -1.97195e-11)))
503	(((1.88281e-07 7.06525e-10 3.06722e-16) (1.02811e-07 -1.48474e-10 1.1427e-11)) ((1.07246e-12 -1.39583e-12 5.75746e-17) (-1.67881e-13 6.51348e-13 -1.97167e-11)))
504	(((1.88287e-07 7.25134e-10 3.07336e-16) (1.02808e-07 -1.48573e-10 1.13789e-11)) ((1.08488e-12 -1.40539e-12 5.76339e-17) (-1.69556e-13 6.52557e-13 -1.97128e-11)))
505	(((1.88266e-07 7.38056e-10 3.06566e-16) (1.02804e-07 -1.48491e-10 1.14117e-11)) ((1.07122e-12 -1.39694e-12 5.75984e-17) (-1.67408e-13 6.51206e-13 -1.97088e-11)))
506	(((1.8824e-07 7.36268e-10 3.07402e-16) (1.028e-07 -1.48408e-10 1.13812e-11)) ((1.08398e-12 -1.40599e-12 5.76012e-17) (-1.68936e-13 6.52462e-13 -1.97063e-11)))
507	(((1.88234e-07 7.25161e-10 3.06734e-16) (1.02797e-07 -1.48351e-10 1.14437e-11)) ((1.06985e-12 -1.39357e-12 5.75951e-17) (-1.671e-13 6.50826e-13 -1.97041e-11)))
508	(((1.88246e-07 7.1047e-10 3.07387e-16) (1.02794e-07 -1.48467e-10 1.13882e-11)) ((1.08373e-12 -1.40483e-12 5.76206e-17) (-1.69104e-13 6.52421e-13 -1.9702e-11)))
509	(((1.88251e-07 7.09093e-10 3.06708e-16) (1.02791e-07 -1.48581e-10 1.14246e-11)) ((1.0721e-12 -1.3956e-12 5.75922e-17) (-1.67709e-13 6.51022e-13 -1.96995e-11)))
510	(((1.88244e-07 7.24682e-10 3.07045e-16) (1.02787e-07 -1.48652e-10 1.13921e-11)) ((1.08154e-12 -1.4021e-12 5.76084e-17) (-1.68886e-13 6.5186e-13 -1.96962e-11)))
511	(((1.8823e-07 7.40765e-10 3.06799e-16) (1.02784e-07 -1.48526e-10 1.14258e-11)) ((1.07142e-12 -1.39539e-12 5.76448e-17) (-1.6752e-13 6.50947e-13 -1.96934e-11)))
512	(((1.88216e-07 7.3859e-10 3.07264e-16) (1.02781e-07 -1.48429e-10 1.13952e-11)) ((1.08117e-12 -1.40226e-12 5.76274e-17) (-1.68655e-13 6.51894e-13 -1.96908e-11)))
513	(((1.88212e-07 7.23986e-10 3.07067e-16) (1.02777e-07 -1.48387e-10 1.14229e-11)) ((1.07309e-12 -1.39654e-12 5.75861e-17) (-1.67769e-13 6.51222e-13 -1.96882e-11)))
514	(((1.88216e-07 7.07288e-10 3.07033e-16) (1.02774e-07 -1.48526e-10 1.13674e-11)) ((1.08127e-12 -1.40498e-12 5.75506e-17) (-1.68452e-13 6.52132e-13 -1.96856e-11)))
515	(((1.88219e-07 7.127e-10 3.06434e-16) (1.02771e-07 -1.48632e-10 1.14242e-11)) ((1.06888e-12 -1.39319e-12 5.75694e-17) (-1.66908e-13 6.50386e-13 -1.9683e-11)))
516	(((1.88212e-07 7.29654e-10 3.0742e-16) (1.02768e-07 -1.4868e-10 1.13753e-11)) ((1.08414e-12 -1.40503e-12 5.76223e-17) (-1.6903e-13 6.52275e-13 -1.96799e-11)))
517	(((1.88196e-07 7.38603e-10 3.06949e-16) (1.02765e-07 -1.48568e-10 1.14176e-11)) ((1.0731e-12 -1.3961e-12 5.7578e-17) (-1.67671e-13 6.51026e-13 -1.96768e-11)))
518	(((1.88184e-07 7.32237e-10 3.07378e-16) (1.02762e-07 -1.48497e-10 1.13813e-11)) ((1.08352e-12 -1.40387e-12 5.75532e-17) (-1.69007e-13 6.52006e-13 -1.96748e-11)))
519	(((1.88188e-07 7.21363e-10 3.06622e-16) (1.02759e-07 -1.48464e-10 1.14242e-11)) ((1.07076e-12 -1.39372e-12 5.75583e-17) (-1.67347e-13 6.50404e-13 -1.96724e-11)))
520	(((1.88185e-07 7.054e-10 3.0759e-16) (1.02755e-07 -1.48582e-10 1.14021e-11)) ((1.07866e-12 -1.40198e-12 5.76065e-17) (-1.67846e-13 6.5138e-13 -1.9672e-11)))
521	(((1.88177e-07 7.09899e-10 3.06601e-16) (1.02752e-07 -1.48689e-10 1.14241e-11)) ((1.07148e-12 -1.39459e-12 5.76023e-17) (-1.67317e-13 6.50613e-13 -1.96709e-11)))
522	(((1.88173e-07 7.27529e-10 3.07559e-16) (1.02749e-07 -1.4875e-10 1.13665e-11)) ((1.08674e-12 -1.40734e-12 5.76048e-17) (-1.6943e-13 6.52649e-13 -1.96675e-11)))
523	(((1.88171e-07 7.391e-10 3.06851e-16) (1.02747e-07 -1.48639e-10 1.14176e-11)) ((1.07228e-12 -1.39503e-12 5.75637e-17) (-1.67609e-13 6.50807e-13 -1.96632e-11)))
524	(((1.88162e-07 7.29879e-10 3.07374e-16) (1.02743e-07 -1.48579e-10 1.13751e-11)) ((1.08335e-12 -1.40338e-12 5.75366e-17) (-1.69085e-13 6.51776e-13 -1.96606e-11)))
525	(((1.88155e-07 7.1381e-10 3.06474e-16) (1.0274e-07 -1.48595e-10 1.13986e-11)) ((1.07018e-12 -1.39562e-12 5.74737e-17) (-1.67021e-13 6.50394e-13 -1.96585e-11)))
526	(((1.88156e-07 7.09125e-10 3.07243e-16) (1.02737e-07 -1.48734e-10 1.13566e-11)) ((1.08427e-12 -1.40618e-12 5.75563e-17) (-1.68711e-13 6.5171e-13 -1.96567e-11)))
527	(((1.88147e-07 7.14983e-10 3.06979e-16) (1.02734e-07 -1.48809e-10 1.14096e-11)) ((1.07366e-12 -1.3976e-12 5.75705e-17) (-1.67444e-13 6.50875e-13 -1.9655e-11)))
528	(((1.8814e-07 7.26854e-10 3.07593e-16) (1.02732e-07 -1.48836e-10 1.13753e-11)) ((1.08487e-12 -1.4057e-12 5.75635e-17) (-1.69064e-13 6.52241e-13 -1.96522e-11)))
529	(((1.88148e-07 7.39021e-10 3.06753e-16) (1.02729e-07 -1.48714e-10 1.14194e-11)) ((1.07124e-12 -1.39406e-12 5.75403e-17) (-1.67492e-13 6.50552e-13 -1.96479e-11)))
530	(((1.88142e-07 7.29302e-10 3.07501e-16) (1.02726e-07 -1.48634e-10 1.13967e-11)) ((1.07747e-12 -1.40056e-12 5.75628e-17) (-1.67792e-13 6.51141e-13 -1.96461e-11)))
531	(((1.88131e-07 7.14413e-10 3.06339e-16) (1.02723e-07 -1.48631e-10 1.14088e-11)) ((1.07111e-12 -1.3936e-12 5.75384e-17) (-1.6705e-13 6.49816e-13 -1.96452e-11)))
532	(((1.88126e-07 7.11129e-10 3.07067e-16) (1.0272e-07 -1.4876e-10 1.13648e-11)) ((1.0845e-12 -1.40466e-12 5.7593e-17) (-1.68649e-13 6.51323e-13 -1.96437e-11)))
533	(((1.88113e-07 7.16408e-10 3.06904e-16) (1.02717e-07 -1.48827e-10 1.1417e-11)) ((1.07294e-12 -1.39637e-12 5.75654e-17) (-1.6742e-13 6.5066e-13 -1.96418e-11)))
534	(((1.8811e-07 7.25635e-10 3.07614e-16) (1.02715e-07 -1.4886e-10 1.138e-11)) ((1.08381e-12 -1.40458e-12 5.75268e-17) (-1.69154e-13 6.52088e-13 -1.96389e-11)))
535	(((1.8812e-07 7.33655e-10 3.06302e-16) (1.02712e-07 -1.48778e-10 1.14197e-11)) ((1.06618e-12 -1.39114e-12 5.74568e-17) (-1.66777e-13 6.5005e-13 -1.96345e-11)))
536	(((1.88122e-07 7.27281e-10 3.06846e-16) (1.02709e-07 -1.48745e-10 1.13577e-11)) ((1.08105e-12 -1.4021e-12 5.74888e-17) (-1.68622e-13 6.51117e-13 -1.96316e-11)))
537	(((1.88105e-07 7.12323e-10 3.06346e-16) (1.02706e-07 -1.4875e-10 1.13953e-11)) ((1.07133e-12 -1.39385e-12 5.74955e-17) (-1.66871e-13 6.49478e-13 -1.96307e-11)))
538	(((1.88083e-07 7.05252e-10 3.07226e-16) (1.02703e-07 -1.48885e-10 1.13663e-11)) ((1.08379e-12 -1.40425e-12 5.75319e-17) (-1.68401e-13 6.51071e-13 -1.96307e-11)))
539	(((1.88085e-07 7.21065e-10 3.07006e-16) (1.027e-07 -1.48934e-10 1.14226e-11)) ((1.07201e-12 -1.39585e-12 5.75634e-17) (-1.67214e-13 6.50523e-13 -1.96281e-11)))
540	(((1.8809e-07 7.29209e-10 3.07319e-16) (1.02698e-07 -1.48915e-10 1.13751e-11)) ((1.08334e-12 -1.40376e-12 5.75716e-17) (-1.6918e-13 6.51943e-13 -1.96256e-11)))
541	(((1.88096e-07 7.30518e-10 3.06561e-16) (1.02696e-07 -1.48823e-10 1.1408e-11)) ((1.07041e-12 -1.39324e-12 5.74669e-17) (-1.67682e-13 6.50312e-13 -1.96221e-11)))
542	(((1.88102e-07 7.26489e-10 3.06824e-16) (1.02693e-07 -1.48797e-10 1.13526e-11)) ((1.08163e-12 -1.40145e-12 5.74916e-17) (-1.68735e-13 6.50739e-13 -1.9619e-11)))
543	(((1.88079e-07 7.12152e-10 3.06324e-16) (1.0269e-07 -1.48805e-10 1.13929e-11)) ((1.07101e-12 -1.39337e-12 5.74892e-17) (-1.66774e-13 6.4913e-13 -1.96183e-11)))
544	(((1.88051e-07 7.05838e-10 3.06889e-16) (1.02687e-07 -1.4895e-10 1.13563e-11)) ((1.0806e-12 -1.40436e-12 5.74916e-17) (-1.67727e-13 6.50999e-13 -1.96178e-11)))
545	(((1.88051e-07 7.19289e-10 3.06573e-16) (1.02684e-07 -1.49007e-10 1.14289e-11)) ((1.06786e-12 -1.39282e-12 5.75066e-17) (-1.66512e-13 6.50041e-13 -1.96155e-11)))
546	(((1.88064e-07 7.27224e-10 3.07185e-16) (1.02682e-07 -1.49017e-10 1.13815e-11)) ((1.08053e-12 -1.40145e-12 5.74817e-17) (-1.68666e-13 6.51614e-13 -1.96123e-11)))
547	(((1.88075e-07 7.28384e-10 3.06301e-16) (1.0268e-07 -1.48933e-10 1.14079e-11)) ((1.06927e-12 -1.39112e-12 5.74158e-17) (-1.67577e-13 6.4993e-13 -1.96087e-11)))
548	(((1.88079e-07 7.24014e-10 3.07244e-16) (1.02677e-07 -1.48895e-10 1.13543e-11)) ((1.08039e-12 -1.40181e-12 5.75028e-17) (-1.68225e-13 6.5059e-13 -1.96069e-11)))
549	(((1.88053e-07 7.14214e-10 3.06645e-16) (1.02674e-07 -1.48887e-10 1.13941e-11)) ((1.07104e-12 -1.39421e-12 5.75231e-17) (-1.66474e-13 6.49124e-13 -1.96065e-11)))
550	(((1.88023e-07 7.10131e-10 3.07198e-16) (1.02671e-07 -1.48984e-10 1.13548e-11)) ((1.08685e-12 -1.4062e-12 5.75705e-17) (-1.68916e-13 6.51278e-13 -1.96068e-11)))
551	(((1.88028e-07 7.23201e-10 3.069e-16) (1.02669e-07 -1.49013e-10 1.14145e-11)) ((1.07307e-12 -1.3959e-12 5.7543e-17) (-1.67517e-13 6.50549e-13 -1.96042e-11)))
552	(((1.88043e-07 7.26003e-10 3.07259e-16) (1.02667e-07 -1.49023e-10 1.13704e-11)) ((1.08205e-12 -1.40254e-12 5.74587e-17) (-1.69124e-13 6.51725e-13 -1.96009e-11)))
553	(((1.88055e-07 7.25976e-10 3.0626e-16) (1.02665e-07 -1.48962e-10 1.13997e-11)) ((1.0688e-12 -1.39124e-12 5.73767e-17) (-1.67553e-13 6.49749e-13 -1.95976e-11)))
554	(((1.88052e-07 7.20553e-10 3.0683e-16) (1.02662e-07 -1.48963e-10 1.13295e-11)) ((1.08409e-12 -1.40318e-12 5.74223e-17) (-1.68906e-13 6.50532e-13 -1.95959e-11)))
555	(((1.88024e-07 7.14617e-10 3.0609e-16) (1.02659e-07 -1.48968e-10 1.13782e-11)) ((1.06975e-12 -1.39402e-12 5.74744e-17) (-1.66229e-13 6.48962e-13 -1.95952e-11)))
556	(((1.87996e-07 7.10891e-10 3.07236e-16) (1.02656e-07 -1.4906e-10 1.13635e-11)) ((1.0827e-12 -1.40448e-12 5.75292e-17) (-1.68193e-13 6.51031e-13 -1.9595e-11)))
557	(((1.87999e-07 7.18945e-10 3.07155e-16) (1.02654e-07 -1.4909e-10 1.14044e-11)) ((1.07362e-12 -1.39742e-12 5.74776e-17) (-1.6762e-13 6.50836e-13 -1.95928e-11)))
558	(((1.88024e-07 7.2635e-10 3.07733e-16) (1.02653e-07 -1.49079e-10 1.13845e-11)) ((1.07897e-12 -1.40161e-12 5.74691e-17) (-1.68351e-13 6.51482e-13 -1.95901e-11)))
559	(((1.88042e-07 7.29954e-10 3.06593e-16) (1.0265e-07 -1.48997e-10 1.13948e-11)) ((1.07017e-12 -1.39314e-12 5.74163e-17) (-1.67399e-13 6.49793e-13 -1.95864e-11)))
560	(((1.88027e-07 7.21166e-10 3.06314e-16) (1.02647e-07 -1.48963e-10 1.13219e-11)) ((1.08536e-12 -1.40251e-12 5.7466e-17) (-1.68856e-13 6.50152e-13 -1.95857e-11)))
561	(((1.87997e-07 7.18172e-10 3.06093e-16) (1.02644e-07 -1.48946e-10 1.13832e-11)) ((1.0724e-12 -1.39348e-12 5.75231e-17) (-1.66804e-13 6.4883e-13 -1.95853e-11)))
562	(((1.87971e-07 7.1258e-10 3.07225e-16) (1.02642e-07 -1.49031e-10 1.13696e-11)) ((1.08234e-12 -1.4029e-12 5.7533e-17) (-1.68477e-13 6.5092e-13 -1.95849e-11)))
563	(((1.87978e-07 7.17546e-10 3.06992e-16) (1.0264e-07 -1.49074e-10 1.14149e-11)) ((1.07029e-12 -1.39411e-12 5.74482e-17) (-1.67431e-13 6.50434e-13 -1.95828e-11)))
564	(((1.8801e-07 7.26238e-10 3.07247e-16) (1.02638e-07 -1.49096e-10 1.13616e-11)) ((1.08209e-12 -1.40228e-12 5.74181e-17) (-1.69348e-13 6.51482e-13 -1.95789e-11)))
565	(((1.8802e-07 7.25852e-10 3.05928e-16) (1.02636e-07 -1.49032e-10 1.13735e-11)) ((1.0688e-12 -1.39276e-12 5.73504e-17) (-1.67124e-13 6.49345e-13 -1.95757e-11)))
566	(((1.87999e-07 7.2061e-10 3.06255e-16) (1.02633e-07 -1.4901e-10 1.13378e-11)) ((1.08022e-12 -1.39963e-12 5.74264e-17) (-1.67745e-13 6.49441e-13 -1.9575e-11)))
567	(((1.8796e-07 7.1387e-10 3.06262e-16) (1.0263e-07 -1.49001e-10 1.13916e-11)) ((1.07106e-12 -1.39318e-12 5.74675e-17) (-1.6649e-13 6.48787e-13 -1.95755e-11)))
568	(((1.87948e-07 7.14848e-10 3.07985e-16) (1.02628e-07 -1.49066e-10 1.13833e-11)) ((1.08089e-12 -1.40418e-12 5.75641e-17) (-1.67936e-13 6.51248e-13 -1.95756e-11)))
569	(((1.87963e-07 7.17025e-10 3.0724e-16) (1.02627e-07 -1.49096e-10 1.14223e-11)) ((1.06969e-12 -1.3942e-12 5.74683e-17) (-1.67117e-13 6.50514e-13 -1.95735e-11)))
570	(((1.87992e-07 7.22262e-10 3.06516e-16) (1.02625e-07 -1.49116e-10 1.13573e-11)) ((1.08183e-12 -1.39984e-12 5.74279e-17) (-1.69299e-13 6.50894e-13 -1.95701e-11)))
571	(((1.88e-07 7.26838e-10 3.05603e-16) (1.02622e-07 -1.49045e-10 1.13765e-11)) ((1.06956e-12 -1.39004e-12 5.73779e-17) (-1.67306e-13 6.48644e-13 -1.95673e-11)))
572	(((1.87971e-07 7.23217e-10 3.06464e-16) (1.0262e-07 -1.49016e-10 1.13284e-11)) ((1.08249e-12 -1.40123e-12 5.74412e-17) (-1.68312e-13 6.49724e-13 -1.95666e-11)))
573	(((1.87937e-07 7.18525e-10 3.06281e-16) (1.02617e-07 -1.48993e-10 1.14056e-11)) ((1.06858e-12 -1.39109e-12 5.74927e-17) (-1.66415e-13 6.48616e-13 -1.95664e-11)))
574	(((1.87923e-07 7.10498e-10 3.06914e-16) (1.02615e-07 -1.49096e-10 1.13727e-11)) ((1.07729e-12 -1.40093e-12 5.74566e-17) (-1.67701e-13 6.50831e-13 -1.95655e-11)))
575	(((1.87948e-07 7.16118e-10 3.06725e-16) (1.02614e-07 -1.49146e-10 1.14022e-11)) ((1.06932e-12 -1.39396e-12 5.73988e-17) (-1.67289e-13 6.50425e-13 -1.95628e-11)))
576	(((1.87976e-07 7.20891e-10 3.06771e-16) (1.02612e-07 -1.49173e-10 1.13493e-11)) ((1.08081e-12 -1.40038e-12 5.73597e-17) (-1.68964e-13 6.50767e-13 -1.95594e-11)))
577	(((1.8798e-07 7.29073e-10 3.05702e-16) (1.02609e-07 -1.4908e-10 1.13816e-11)) ((1.06793e-12 -1.38845e-12 5.7379e-17) (-1.66691e-13 6.48127e-13 -1.9557e-11)))
578	(((1.87943e-07 7.24531e-10 3.06616e-16) (1.02607e-07 -1.49028e-10 1.13316e-11)) ((1.08286e-12 -1.40119e-12 5.74582e-17) (-1.68222e-13 6.49661e-13 -1.95568e-11)))
579	(((1.87905e-07 7.15395e-10 3.07061e-16) (1.02604e-07 -1.48993e-10 1.14098e-11)) ((1.06892e-12 -1.39394e-12 5.7496e-17) (-1.66257e-13 6.49214e-13 -1.95577e-11)))
580	(((1.87904e-07 7.10004e-10 3.07536e-16) (1.02603e-07 -1.49088e-10 1.13575e-11)) ((1.08501e-12 -1.40549e-12 5.74943e-17) (-1.69103e-13 6.51627e-13 -1.95576e-11)))
581	(((1.87936e-07 7.14878e-10 3.06523e-16) (1.02601e-07 -1.49143e-10 1.14082e-11)) ((1.06945e-12 -1.39164e-12 5.74118e-17) (-1.67445e-13 6.49922e-13 -1.95547e-11)))
582	(((1.87961e-07 7.2013e-10 3.06491e-16) (1.02599e-07 -1.49185e-10 1.1346e-11)) ((1.08003e-12 -1.3988e-12 5.73598e-17) (-1.68938e-13 6.50277e-13 -1.95509e-11)))
583	(((1.87952e-07 7.28221e-10 3.05978e-16) (1.02597e-07 -1.49101e-10 1.13603e-11)) ((1.07123e-12 -1.39216e-12 5.73649e-17) (-1.67204e-13 6.48623e-13 -1.95488e-11)))
584	(((1.87909e-07 7.22186e-10 3.06553e-16) (1.02594e-07 -1.49067e-10 1.13151e-11)) ((1.08133e-12 -1.40337e-12 5.7393e-17) (-1.67734e-13 6.50032e-13 -1.95484e-11)))
585	(((1.87886e-07 7.17612e-10 3.06555e-16) (1.02592e-07 -1.49049e-10 1.13926e-11)) ((1.07001e-12 -1.39411e-12 5.74448e-17) (-1.66524e-13 6.49229e-13 -1.95478e-11)))
586	(((1.87891e-07 7.08061e-10 3.07336e-16) (1.0259e-07 -1.49149e-10 1.13663e-11)) ((1.08145e-12 -1.40222e-12 5.74312e-17) (-1.68436e-13 6.50981e-13 -1.95472e-11)))
587	(((1.87925e-07 7.15303e-10 3.06695e-16) (1.02589e-07 -1.492e-10 1.13921e-11)) ((1.07144e-12 -1.39376e-12 5.73822e-17) (-1.67714e-13 6.50019e-13 -1.95442e-11)))
588	(((1.87942e-07 7.21757e-10 3.06604e-16) (1.02587e-07 -1.49213e-10 1.13313e-11)) ((1.0823e-12 -1.40084e-12 5.73523e-17) (-1.6909e-13 6.50232e-13 -1.95411e-11)))
589	(((1.87926e-07 7.31704e-10 3.06104e-16) (1.02584e-07 -1.49078e-10 1.13967e-11)) ((1.06458e-12 -1.38794e-12 5.74181e-17) (-1.65687e-13 6.47752e-13 -1.95401e-11)))
590	(((1.87887e-07 7.2617e-10 3.06671e-16) (1.02582e-07 -1.49005e-10 1.13381e-11)) ((1.08274e-12 -1.40169e-12 5.74947e-17) (-1.6814e-13 6.49854e-13 -1.95406e-11)))
591	(((1.87864e-07 7.11839e-10 3.06608e-16) (1.0258e-07 -1.49006e-10 1.13947e-11)) ((1.07192e-12 -1.39434e-12 5.74431e-17) (-1.67034e-13 6.4942e-13 -1.95406e-11)))
592	(((1.87873e-07 7.01529e-10 3.07309e-16) (1.02578e-07 -1.49154e-10 1.13572e-11)) ((1.08239e-12 -1.40263e-12 5.7374e-17) (-1.68788e-13 6.51009e-13 -1.95397e-11)))
593	(((1.87912e-07 7.14643e-10 3.0654e-16) (1.02577e-07 -1.49228e-10 1.13899e-11)) ((1.06985e-12 -1.39213e-12 5.73543e-17) (-1.67541e-13 6.4951e-13 -1.9536e-11)))
594	(((1.8792e-07 7.23877e-10 3.06655e-16) (1.02575e-07 -1.49237e-10 1.13367e-11)) ((1.08063e-12 -1.39937e-12 5.73628e-17) (-1.68711e-13 6.49843e-13 -1.9533e-11)))
595	(((1.87894e-07 7.29521e-10 3.05786e-16) (1.02573e-07 -1.49132e-10 1.13613e-11)) ((1.06814e-12 -1.39179e-12 5.73411e-17) (-1.66286e-13 6.4834e-13 -1.95312e-11)))
596	(((1.87865e-07 7.25879e-10 3.0678e-16) (1.0257e-07 -1.49068e-10 1.13378e-11)) ((1.08143e-12 -1.40194e-12 5.74248e-17) (-1.67897e-13 6.49909e-13 -1.95307e-11)))
597	(((1.8785e-07 7.10249e-10 3.06663e-16) (1.02569e-07 -1.49065e-10 1.13962e-11)) ((1.07069e-12 -1.39367e-12 5.74008e-17) (-1.66846e-13 6.49319e-13 -1.95306e-11)))
598	(((1.87863e-07 7.00006e-10 3.07185e-16) (1.02567e-07 -1.49212e-10 1.13575e-11)) ((1.08156e-12 -1.40149e-12 5.73597e-17) (-1.68661e-13 6.50683e-13 -1.95297e-11)))
599	(((1.87896e-07 7.15048e-10 3.06777e-16) (1.02565e-07 -1.49261e-10 1.14146e-11)) ((1.06479e-12 -1.38953e-12 5.73982e-17) (-1.66315e-13 6.48887e-13 -1.95272e-11)))
600	(((1.87895e-07 7.25453e-10 3.06432e-16) (1.02563e-07 -1.49242e-10 1.13435e-11)) ((1.07977e-12 -1.39832e-12 5.74172e-17) (-1.68324e-13 6.49622e-13 -1.95252e-11)))
601	(((1.87868e-07 7.30112e-10 3.05892e-16) (1.02561e-07 -1.49117e-10 1.13789e-11)) ((1.06973e-12 -1.39053e-12 5.73793e-17) (-1.66621e-13 6.48215e-13 -1.95238e-11)))
602	(((1.87845e-07 7.23786e-10 3.06914e-16) (1.02559e-07 -1.49066e-10 1.13437e-11)) ((1.08246e-12 -1.40174e-12 5.74131e-17) (-1.68292e-13 6.50036e-13 -1.9523e-11)))
603	(((1.87836e-07 7.07157e-10 3.06742e-16) (1.02557e-07 -1.49093e-10 1.13934e-11)) ((1.07063e-12 -1.3935e-12 5.73633e-17) (-1.67056e-13 6.49314e-13 -1.95225e-11)))
604	(((1.87853e-07 7.00269e-10 3.0713e-16) (1.02556e-07 -1.49257e-10 1.13592e-11)) ((1.07993e-12 -1.39999e-12 5.73484e-17) (-1.68513e-13 6.50304e-13 -1.95213e-11)))
605	(((1.87875e-07 7.13775e-10 3.05923e-16) (1.02554e-07 -1.49334e-10 1.13824e-11)) ((1.06523e-12 -1.38994e-12 5.73161e-17) (-1.66479e-13 6.4874e-13 -1.95179e-11)))
606	(((1.87869e-07 7.26147e-10 3.0629e-16) (1.02552e-07 -1.4931e-10 1.1339e-11)) ((1.07762e-12 -1.3977e-12 5.73512e-17) (-1.67831e-13 6.4939e-13 -1.95156e-11)))
607	(((1.87852e-07 7.35391e-10 3.06083e-16) (1.0255e-07 -1.49152e-10 1.13752e-11)) ((1.06971e-12 -1.39137e-12 5.73825e-17) (-1.66562e-13 6.4838e-13 -1.95138e-11)))
608	(((1.87827e-07 7.20541e-10 3.06994e-16) (1.02548e-07 -1.49089e-10 1.13473e-11)) ((1.0819e-12 -1.40125e-12 5.73895e-17) (-1.68175e-13 6.49971e-13 -1.95138e-11)))
609	(((1.87825e-07 7.0684e-10 3.06245e-16) (1.02547e-07 -1.49111e-10 1.13917e-11)) ((1.0705e-12 -1.39134e-12 5.7389e-17) (-1.67189e-13 6.48848e-13 -1.95139e-11)))
610	(((1.87843e-07 7.01834e-10 3.07023e-16) (1.02545e-07 -1.49266e-10 1.13399e-11)) ((1.08237e-12 -1.40188e-12 5.73757e-17) (-1.68932e-13 6.50367e-13 -1.95127e-11)))
611	(((1.87852e-07 7.12562e-10 3.06401e-16) (1.02544e-07 -1.49325e-10 1.13707e-11)) ((1.0707e-12 -1.39276e-12 5.73217e-17) (-1.6752e-13 6.48963e-13 -1.95104e-11)))
612	(((1.87849e-07 7.30119e-10 3.07028e-16) (1.02542e-07 -1.49277e-10 1.13512e-11)) ((1.07691e-12 -1.39822e-12 5.73895e-17) (-1.67598e-13 6.49358e-13 -1.95084e-11)))
613	(((1.87827e-07 7.31854e-10 3.06365e-16) (1.0254e-07 -1.49133e-10 1.13879e-11)) ((1.06772e-12 -1.39041e-12 5.73512e-17) (-1.66224e-13 6.48227e-13 -1.95071e-11)))
614	(((1.87813e-07 7.19305e-10 3.07212e-16) (1.02538e-07 -1.49103e-10 1.1338e-11)) ((1.08357e-12 -1.40329e-12 5.73706e-17) (-1.68442e-13 6.50292e-13 -1.95066e-11)))
615	(((1.87814e-07 7.04299e-10 3.06278e-16) (1.02536e-07 -1.49164e-10 1.13758e-11)) ((1.06872e-12 -1.39342e-12 5.73184e-17) (-1.66505e-13 6.49101e-13 -1.95054e-11)))
616	(((1.87825e-07 6.99263e-10 3.06868e-16) (1.02535e-07 -1.49326e-10 1.1336e-11)) ((1.08067e-12 -1.40122e-12 5.7322e-17) (-1.68347e-13 6.5014e-13 -1.95043e-11)))
617	(((1.87837e-07 7.18096e-10 3.06318e-16) (1.02533e-07 -1.4936e-10 1.13771e-11)) ((1.06922e-12 -1.39114e-12 5.7344e-17) (-1.66983e-13 6.48673e-13 -1.95018e-11)))
618	(((1.87826e-07 7.28879e-10 3.06805e-16) (1.02532e-07 -1.49305e-10 1.13379e-11)) ((1.0804e-12 -1.39926e-12 5.73593e-17) (-1.68214e-13 6.49577e-13 -1.94999e-11)))
619	(((1.87806e-07 7.29393e-10 3.0595e-16) (1.0253e-07 -1.49155e-10 1.13678e-11)) ((1.07158e-12 -1.39149e-12 5.7348e-17) (-1.67146e-13 6.4837e-13 -1.94993e-11)))
620	(((1.87801e-07 7.1847e-10 3.06838e-16) (1.02528e-07 -1.49127e-10 1.13319e-11)) ((1.08278e-12 -1.40174e-12 5.7376e-17) (-1.68527e-13 6.49853e-13 -1.94988e-11)))
621	(((1.878e-07 7.02319e-10 3.06504e-16) (1.02526e-07 -1.49186e-10 1.13749e-11)) ((1.07092e-12 -1.39336e-12 5.73295e-17) (-1.67191e-13 6.48843e-13 -1.94983e-11)))
622	(((1.87806e-07 6.99998e-10 3.07474e-16) (1.02525e-07 -1.49338e-10 1.13502e-11)) ((1.07888e-12 -1.40115e-12 5.73492e-17) (-1.67966e-13 6.49987e-13 -1.94979e-11)))
623	(((1.87819e-07 7.2114e-10 3.06647e-16) (1.02523e-07 -1.49361e-10 1.13864e-11)) ((1.06834e-12 -1.39154e-12 5.73619e-17) (-1.66685e-13 6.4868e-13 -1.9495e-11)))
624	(((1.8781e-07 7.30111e-10 3.0689e-16) (1.02522e-07 -1.493e-10 1.13404e-11)) ((1.08075e-12 -1.39985e-12 5.73583e-17) (-1.68199e-13 6.49667e-13 -1.94927e-11)))
625	(((1.87792e-07 7.27337e-10 3.05916e-16) (1.0252e-07 -1.49179e-10 1.13641e-11)) ((1.06759e-12 -1.39175e-12 5.72794e-17) (-1.66149e-13 6.48433e-13 -1.94909e-11)))
626	(((1.87784e-07 7.14062e-10 3.06778e-16) (1.02518e-07 -1.49174e-10 1.13244e-11)) ((1.08133e-12 -1.40175e-12 5.73131e-17) (-1.68035e-13 6.49798e-13 -1.94904e-11)))
627	(((1.87783e-07 7.00694e-10 3.06431e-16) (1.02517e-07 -1.49247e-10 1.13744e-11)) ((1.06993e-12 -1.39235e-12 5.73051e-17) (-1.667e-13 6.48542e-13 -1.94904e-11)))
628	(((1.87789e-07 7.01604e-10 3.06969e-16) (1.02515e-07 -1.49402e-10 1.13461e-11)) ((1.07984e-12 -1.39955e-12 5.73294e-17) (-1.681e-13 6.49656e-13 -1.94897e-11)))
629	(((1.87802e-07 7.23502e-10 3.0594e-16) (1.02514e-07 -1.4939e-10 1.13785e-11)) ((1.06952e-12 -1.38983e-12 5.7391e-17) (-1.67144e-13 6.48355e-13 -1.94873e-11)))
630	(((1.87793e-07 7.29977e-10 3.06468e-16) (1.02512e-07 -1.49309e-10 1.13385e-11)) ((1.07943e-12 -1.39791e-12 5.73682e-17) (-1.68346e-13 6.49345e-13 -1.94852e-11)))
631	(((1.87777e-07 7.253e-10 3.05987e-16) (1.02511e-07 -1.49183e-10 1.13758e-11)) ((1.06761e-12 -1.38912e-12 5.72984e-17) (-1.66727e-13 6.48015e-13 -1.94838e-11)))
632	(((1.87768e-07 7.10289e-10 3.07284e-16) (1.02509e-07 -1.49192e-10 1.13399e-11)) ((1.07859e-12 -1.40049e-12 5.73303e-17) (-1.67673e-13 6.49559e-13 -1.94842e-11)))
633	(((1.87771e-07 7.01395e-10 3.06524e-16) (1.02507e-07 -1.49281e-10 1.13902e-11)) ((1.06669e-12 -1.39004e-12 5.73273e-17) (-1.66081e-13 6.48102e-13 -1.94838e-11)))
634	(((1.87772e-07 7.02274e-10 3.07037e-16) (1.02506e-07 -1.49439e-10 1.13497e-11)) ((1.07957e-12 -1.39943e-12 5.73373e-17) (-1.67961e-13 6.49664e-13 -1.9483e-11)))
635	(((1.87776e-07 7.19552e-10 3.06592e-16) (1.02505e-07 -1.49448e-10 1.13776e-11)) ((1.07102e-12 -1.39262e-12 5.73163e-17) (-1.67195e-13 6.48896e-13 -1.94804e-11)))
636	(((1.87774e-07 7.28234e-10 3.06664e-16) (1.02503e-07 -1.49387e-10 1.13235e-11)) ((1.07987e-12 -1.40067e-12 5.7284e-17) (-1.68188e-13 6.4985e-13 -1.94776e-11)))
637	(((1.87775e-07 7.31412e-10 3.06165e-16) (1.02501e-07 -1.49243e-10 1.13631e-11)) ((1.06889e-12 -1.39131e-12 5.73158e-17) (-1.66638e-13 6.48284e-13 -1.9475e-11)))
638	(((1.87761e-07 7.10498e-10 3.0682e-16) (1.025e-07 -1.49242e-10 1.13268e-11)) ((1.0805e-12 -1.40008e-12 5.7324e-17) (-1.67857e-13 6.49299e-13 -1.94751e-11)))
639	(((1.87751e-07 6.98608e-10 3.06097e-16) (1.02498e-07 -1.49325e-10 1.13615e-11)) ((1.07176e-12 -1.39236e-12 5.73297e-17) (-1.66977e-13 6.48292e-13 -1.9476e-11)))
640	(((1.8775e-07 7.02494e-10 3.06968e-16) (1.02497e-07 -1.49477e-10 1.13298e-11)) ((1.08258e-12 -1.40177e-12 5.73237e-17) (-1.68595e-13 6.49933e-13 -1.94756e-11)))
641	(((1.87763e-07 7.2261e-10 3.06287e-16) (1.02496e-07 -1.49465e-10 1.1378e-11)) ((1.06863e-12 -1.39039e-12 5.73106e-17) (-1.67019e-13 6.48446e-13 -1.94724e-11)))
642	(((1.87763e-07 7.2869e-10 3.07036e-16) (1.02494e-07 -1.49376e-10 1.13504e-11)) ((1.0761e-12 -1.39731e-12 5.73278e-17) (-1.67686e-13 6.49284e-13 -1.94704e-11)))
643	(((1.87757e-07 7.25204e-10 3.06423e-16) (1.02493e-07 -1.49262e-10 1.137e-11)) ((1.06826e-12 -1.39098e-12 5.72935e-17) (-1.66499e-13 6.48195e-13 -1.94687e-11)))
644	(((1.87745e-07 7.08479e-10 3.06769e-16) (1.02491e-07 -1.49292e-10 1.13294e-11)) ((1.08051e-12 -1.39962e-12 5.73057e-17) (-1.67756e-13 6.49093e-13 -1.94685e-11)))
645	(((1.87743e-07 7.04761e-10 3.05932e-16) (1.02489e-07 -1.49377e-10 1.1366e-11)) ((1.06678e-12 -1.39123e-12 5.73097e-17) (-1.65772e-13 6.48032e-13 -1.94673e-11)))
646	(((1.87739e-07 7.06996e-10 3.06822e-16) (1.02488e-07 -1.49491e-10 1.13378e-11)) ((1.0792e-12 -1.39984e-12 5.73272e-17) (-1.6785e-13 6.49679e-13 -1.94665e-11)))
647	(((1.87742e-07 7.19956e-10 3.06413e-16) (1.02487e-07 -1.49474e-10 1.13785e-11)) ((1.06835e-12 -1.39037e-12 5.72745e-17) (-1.66786e-13 6.48552e-13 -1.94644e-11)))
648	(((1.8775e-07 7.2857e-10 3.07099e-16) (1.02486e-07 -1.49407e-10 1.13213e-11)) ((1.0823e-12 -1.40123e-12 5.72827e-17) (-1.6869e-13 6.49936e-13 -1.94619e-11)))
649	(((1.87748e-07 7.24777e-10 3.0584e-16) (1.02484e-07 -1.49277e-10 1.13555e-11)) ((1.07075e-12 -1.38998e-12 5.73159e-17) (-1.67049e-13 6.47837e-13 -1.94609e-11)))
650	(((1.87731e-07 7.0607e-10 3.06526e-16) (1.02483e-07 -1.4931e-10 1.13173e-11)) ((1.08143e-12 -1.39952e-12 5.73265e-17) (-1.68047e-13 6.48866e-13 -1.94615e-11)))
651	(((1.87718e-07 7.00174e-10 3.06841e-16) (1.02481e-07 -1.49388e-10 1.13855e-11)) ((1.06649e-12 -1.39154e-12 5.7351e-17) (-1.65793e-13 6.48047e-13 -1.94625e-11)))
652	(((1.87723e-07 7.09829e-10 3.07591e-16) (1.0248e-07 -1.49507e-10 1.13374e-11)) ((1.08156e-12 -1.40329e-12 5.73587e-17) (-1.68192e-13 6.50318e-13 -1.94612e-11)))
653	(((1.87732e-07 7.22059e-10 3.06679e-16) (1.02479e-07 -1.4948e-10 1.13766e-11)) ((1.07001e-12 -1.39243e-12 5.72884e-17) (-1.66926e-13 6.48882e-13 -1.94581e-11)))
654	(((1.87736e-07 7.24457e-10 3.06867e-16) (1.02478e-07 -1.49427e-10 1.13258e-11)) ((1.08157e-12 -1.39999e-12 5.72543e-17) (-1.68522e-13 6.49661e-13 -1.94557e-11)))
655	(((1.87734e-07 7.22158e-10 3.05855e-16) (1.02476e-07 -1.49336e-10 1.13706e-11)) ((1.06749e-12 -1.38762e-12 5.72673e-17) (-1.66434e-13 6.47404e-13 -1.9454e-11)))
656	(((1.87718e-07 7.07378e-10 3.06253e-16) (1.02474e-07 -1.49383e-10 1.13165e-11)) ((1.07781e-12 -1.39839e-12 5.72997e-17) (-1.67352e-13 6.48744e-13 -1.9454e-11)))
657	(((1.87703e-07 7.015e-10 3.06066e-16) (1.02473e-07 -1.49461e-10 1.13728e-11)) ((1.06686e-12 -1.39014e-12 5.73039e-17) (-1.66088e-13 6.47885e-13 -1.94542e-11)))
658	(((1.87709e-07 7.11941e-10 3.07129e-16) (1.02472e-07 -1.49556e-10 1.13382e-11)) ((1.08023e-12 -1.40078e-12 5.73412e-17) (-1.68125e-13 6.49946e-13 -1.94529e-11)))
659	(((1.87719e-07 7.22076e-10 3.06272e-16) (1.02471e-07 -1.49502e-10 1.13637e-11)) ((1.07152e-12 -1.39192e-12 5.72976e-17) (-1.67475e-13 6.4878e-13 -1.94508e-11)))
660	(((1.87728e-07 7.26245e-10 3.06478e-16) (1.0247e-07 -1.49434e-10 1.13312e-11)) ((1.07909e-12 -1.39663e-12 5.72779e-17) (-1.68344e-13 6.49005e-13 -1.94485e-11)))
661	(((1.87719e-07 7.1836e-10 3.05811e-16) (1.02468e-07 -1.4935e-10 1.13611e-11)) ((1.06719e-12 -1.38772e-12 5.72452e-17) (-1.66458e-13 6.47283e-13 -1.94474e-11)))
662	(((1.87703e-07 7.07666e-10 3.07161e-16) (1.02466e-07 -1.49383e-10 1.13278e-11)) ((1.07827e-12 -1.39988e-12 5.73444e-17) (-1.67294e-13 6.48939e-13 -1.94482e-11)))
663	(((1.87693e-07 7.05545e-10 3.06464e-16) (1.02465e-07 -1.49451e-10 1.13886e-11)) ((1.06617e-12 -1.38961e-12 5.73586e-17) (-1.65871e-13 6.47844e-13 -1.94479e-11)))
664	(((1.87692e-07 7.09641e-10 3.07032e-16) (1.02464e-07 -1.49553e-10 1.13541e-11)) ((1.07855e-12 -1.39839e-12 5.73344e-17) (-1.67901e-13 6.49639e-13 -1.94468e-11)))
665	(((1.87706e-07 7.21585e-10 3.06122e-16) (1.02463e-07 -1.49535e-10 1.1364e-11)) ((1.06697e-12 -1.39111e-12 5.72212e-17) (-1.66582e-13 6.48766e-13 -1.94434e-11)))
666	(((1.87715e-07 7.25316e-10 3.06377e-16) (1.02462e-07 -1.49474e-10 1.13228e-11)) ((1.07771e-12 -1.39667e-12 5.72169e-17) (-1.68058e-13 6.49077e-13 -1.94409e-11)))
667	(((1.87711e-07 7.21497e-10 3.06075e-16) (1.0246e-07 -1.49381e-10 1.13438e-11)) ((1.06976e-12 -1.39047e-12 5.72533e-17) (-1.66657e-13 6.47719e-13 -1.94397e-11)))
668	(((1.87687e-07 7.0584e-10 3.06892e-16) (1.02459e-07 -1.4942e-10 1.13128e-11)) ((1.0818e-12 -1.40052e-12 5.73103e-17) (-1.67874e-13 6.48991e-13 -1.94406e-11)))
669	(((1.87676e-07 7.04918e-10 3.06071e-16) (1.02457e-07 -1.49477e-10 1.1372e-11)) ((1.06978e-12 -1.39021e-12 5.73641e-17) (-1.6672e-13 6.47904e-13 -1.9441e-11)))
670	(((1.8768e-07 7.10644e-10 3.06923e-16) (1.02457e-07 -1.49566e-10 1.13398e-11)) ((1.08005e-12 -1.39934e-12 5.73431e-17) (-1.6841e-13 6.49771e-13 -1.94399e-11)))
671	(((1.87694e-07 7.20358e-10 3.06186e-16) (1.02456e-07 -1.49532e-10 1.13764e-11)) ((1.06703e-12 -1.38875e-12 5.72357e-17) (-1.6706e-13 6.48377e-13 -1.94371e-11)))
672	(((1.87711e-07 7.28443e-10 3.06982e-16) (1.02454e-07 -1.49454e-10 1.1341e-11)) ((1.07481e-12 -1.39604e-12 5.72957e-17) (-1.6753e-13 6.48967e-13 -1.94349e-11)))
673	(((1.87696e-07 7.1859e-10 3.06135e-16) (1.02453e-07 -1.49371e-10 1.13632e-11)) ((1.06644e-12 -1.38834e-12 5.72737e-17) (-1.65967e-13 6.4737e-13 -1.94343e-11)))
674	(((1.87668e-07 7.03792e-10 3.06779e-16) (1.02451e-07 -1.49437e-10 1.13243e-11)) ((1.08065e-12 -1.39925e-12 5.7303e-17) (-1.67606e-13 6.48842e-13 -1.94352e-11)))
675	(((1.87662e-07 7.05198e-10 3.06064e-16) (1.0245e-07 -1.49524e-10 1.13713e-11)) ((1.06637e-12 -1.39053e-12 5.72976e-17) (-1.65883e-13 6.481e-13 -1.94341e-11)))
676	(((1.87667e-07 7.08831e-10 3.06891e-16) (1.02449e-07 -1.49616e-10 1.13387e-11)) ((1.07822e-12 -1.39849e-12 5.72803e-17) (-1.6801e-13 6.49766e-13 -1.94328e-11)))
677	(((1.87686e-07 7.20389e-10 3.0639e-16) (1.02448e-07 -1.49587e-10 1.13659e-11)) ((1.06846e-12 -1.38985e-12 5.72203e-17) (-1.67222e-13 6.4862e-13 -1.94299e-11)))
678	(((1.87692e-07 7.21164e-10 3.06682e-16) (1.02447e-07 -1.49543e-10 1.13149e-11)) ((1.07965e-12 -1.39747e-12 5.72084e-17) (-1.68448e-13 6.49105e-13 -1.94281e-11)))
679	(((1.87687e-07 7.21572e-10 3.0574e-16) (1.02446e-07 -1.49446e-10 1.13371e-11)) ((1.07137e-12 -1.39005e-12 5.73106e-17) (-1.67028e-13 6.47497e-13 -1.94273e-11)))
680	(((1.87659e-07 7.06958e-10 3.06689e-16) (1.02444e-07 -1.49478e-10 1.13126e-11)) ((1.0821e-12 -1.40022e-12 5.73552e-17) (-1.68098e-13 6.48915e-13 -1.94281e-11)))
681	(((1.87644e-07 7.02254e-10 3.06568e-16) (1.02443e-07 -1.49549e-10 1.13704e-11)) ((1.07007e-12 -1.39244e-12 5.73117e-17) (-1.66838e-13 6.48395e-13 -1.9428e-11)))
682	(((1.87657e-07 7.10222e-10 3.07242e-16) (1.02442e-07 -1.49645e-10 1.13285e-11)) ((1.08149e-12 -1.4014e-12 5.72736e-17) (-1.68725e-13 6.50172e-13 -1.94262e-11)))
683	(((1.87679e-07 7.21906e-10 3.06589e-16) (1.02441e-07 -1.49595e-10 1.13865e-11)) ((1.06446e-12 -1.388e-12 5.72415e-17) (-1.66409e-13 6.48162e-13 -1.94236e-11)))
684	(((1.87682e-07 7.22013e-10 3.06524e-16) (1.0244e-07 -1.49552e-10 1.13286e-11)) ((1.07678e-12 -1.39548e-12 5.72251e-17) (-1.67815e-13 6.48668e-13 -1.94219e-11)))
685	(((1.87671e-07 7.20532e-10 3.05857e-16) (1.02439e-07 -1.49473e-10 1.13597e-11)) ((1.06806e-12 -1.38806e-12 5.72853e-17) (-1.66335e-13 6.47255e-13 -1.94207e-11)))
686	(((1.87643e-07 7.05925e-10 3.0642e-16) (1.02437e-07 -1.4952e-10 1.1319e-11)) ((1.07866e-12 -1.39875e-12 5.73146e-17) (-1.67504e-13 6.48915e-13 -1.9421e-11)))
687	(((1.87632e-07 7.01593e-10 3.06363e-16) (1.02436e-07 -1.49594e-10 1.1373e-11)) ((1.06824e-12 -1.3909e-12 5.72803e-17) (-1.66589e-13 6.4835e-13 -1.94207e-11)))
688	(((1.87651e-07 7.11268e-10 3.07299e-16) (1.02435e-07 -1.49685e-10 1.13263e-11)) ((1.08153e-12 -1.40123e-12 5.72723e-17) (-1.6868e-13 6.50216e-13 -1.94188e-11)))
689	(((1.87669e-07 7.20788e-10 3.06101e-16) (1.02435e-07 -1.49635e-10 1.13486e-11)) ((1.07163e-12 -1.39091e-12 5.72332e-17) (-1.67815e-13 6.48476e-13 -1.94164e-11)))
690	(((1.87668e-07 7.21608e-10 3.06463e-16) (1.02433e-07 -1.49584e-10 1.1304e-11)) ((1.08109e-12 -1.39814e-12 5.72299e-17) (-1.68563e-13 6.48829e-13 -1.9415e-11)))
691	(((1.87653e-07 7.18913e-10 3.05771e-16) (1.02432e-07 -1.49499e-10 1.13587e-11)) ((1.06696e-12 -1.38744e-12 5.72778e-17) (-1.6625e-13 6.47032e-13 -1.94143e-11)))
692	(((1.87628e-07 7.05151e-10 3.06495e-16) (1.0243e-07 -1.49545e-10 1.13348e-11)) ((1.07755e-12 -1.39663e-12 5.73123e-17) (-1.67667e-13 6.48642e-13 -1.94147e-11)))
693	(((1.87628e-07 7.04863e-10 3.06847e-16) (1.0243e-07 -1.49605e-10 1.13915e-11)) ((1.06527e-12 -1.39019e-12 5.73308e-17) (-1.66135e-13 6.48394e-13 -1.94144e-11)))
694	(((1.87641e-07 7.08934e-10 3.07204e-16) (1.02429e-07 -1.49701e-10 1.13437e-11)) ((1.07836e-12 -1.39859e-12 5.72696e-17) (-1.68227e-13 6.4986e-13 -1.94128e-11)))
695	(((1.87662e-07 7.22407e-10 3.05643e-16) (1.02428e-07 -1.49672e-10 1.13674e-11)) ((1.06339e-12 -1.38662e-12 5.71902e-17) (-1.66121e-13 6.47756e-13 -1.94088e-11)))
696	(((1.87662e-07 7.27027e-10 3.06375e-16) (1.02427e-07 -1.49595e-10 1.13019e-11)) ((1.07986e-12 -1.3983e-12 5.72359e-17) (-1.68075e-13 6.48887e-13 -1.94068e-11)))
697	(((1.87635e-07 7.17382e-10 3.06118e-16) (1.02425e-07 -1.49497e-10 1.13456e-11)) ((1.07028e-12 -1.39069e-12 5.7247e-17) (-1.66594e-13 6.47657e-13 -1.94069e-11)))
698	(((1.87616e-07 7.05781e-10 3.06787e-16) (1.02424e-07 -1.4955e-10 1.13364e-11)) ((1.07884e-12 -1.39731e-12 5.72976e-17) (-1.67744e-13 6.48824e-13 -1.94074e-11)))
699	(((1.87617e-07 7.02275e-10 3.06128e-16) (1.02423e-07 -1.49622e-10 1.13705e-11)) ((1.06968e-12 -1.38996e-12 5.7297e-17) (-1.67204e-13 6.48317e-13 -1.94075e-11)))
700	(((1.87636e-07 7.09466e-10 3.06857e-16) (1.02423e-07 -1.49717e-10 1.13233e-11)) ((1.08087e-12 -1.39955e-12 5.7269e-17) (-1.68918e-13 6.49869e-13 -1.94057e-11)))
701	(((1.87654e-07 7.23076e-10 3.05816e-16) (1.02422e-07 -1.49659e-10 1.13697e-11)) ((1.06549e-12 -1.38626e-12 5.72336e-17) (-1.66824e-13 6.47565e-13 -1.94025e-11)))
702	(((1.87642e-07 7.23529e-10 3.06233e-16) (1.0242e-07 -1.49587e-10 1.13204e-11)) ((1.07698e-12 -1.39497e-12 5.72343e-17) (-1.67826e-13 6.4831e-13 -1.94013e-11)))
703	(((1.87621e-07 7.18017e-10 3.06618e-16) (1.02419e-07 -1.49493e-10 1.13701e-11)) ((1.06596e-12 -1.38981e-12 5.72899e-17) (-1.65779e-13 6.47613e-13 -1.94018e-11)))
704	(((1.87602e-07 7.02506e-10 3.07287e-16) (1.02418e-07 -1.49568e-10 1.13342e-11)) ((1.08027e-12 -1.40054e-12 5.72911e-17) (-1.67876e-13 6.49476e-13 -1.94026e-11)))
705	(((1.87612e-07 7.01221e-10 3.06139e-16) (1.02417e-07 -1.49673e-10 1.1374e-11)) ((1.06532e-12 -1.38981e-12 5.72399e-17) (-1.65991e-13 6.48295e-13 -1.9401e-11)))
706	(((1.87632e-07 7.10796e-10 3.06845e-16) (1.02416e-07 -1.49761e-10 1.13181e-11)) ((1.0804e-12 -1.40004e-12 5.72435e-17) (-1.68493e-13 6.49875e-13 -1.93985e-11)))
707	(((1.87639e-07 7.22028e-10 3.06104e-16) (1.02415e-07 -1.49698e-10 1.13508e-11)) ((1.06925e-12 -1.38966e-12 5.71996e-17) (-1.67181e-13 6.48072e-13 -1.93959e-11)))
708	(((1.8763e-07 7.26373e-10 3.06291e-16) (1.02414e-07 -1.49614e-10 1.13225e-11)) ((1.07734e-12 -1.3946e-12 5.72388e-17) (-1.6776e-13 6.48247e-13 -1.93946e-11)))
709	(((1.87608e-07 7.17397e-10 3.05649e-16) (1.02413e-07 -1.4952e-10 1.13529e-11)) ((1.0693e-12 -1.38847e-12 5.72788e-17) (-1.66818e-13 6.47409e-13 -1.93953e-11)))
710	(((1.87594e-07 7.0197e-10 3.06631e-16) (1.02412e-07 -1.49593e-10 1.13278e-11)) ((1.07973e-12 -1.39843e-12 5.7291e-17) (-1.68252e-13 6.49142e-13 -1.93961e-11)))
711	(((1.87608e-07 7.027e-10 3.06142e-16) (1.02411e-07 -1.49676e-10 1.13848e-11)) ((1.06539e-12 -1.38739e-12 5.72781e-17) (-1.66543e-13 6.47916e-13 -1.93948e-11)))
712	(((1.8762e-07 7.0826e-10 3.0663e-16) (1.0241e-07 -1.49763e-10 1.13393e-11)) ((1.07649e-12 -1.3955e-12 5.72374e-17) (-1.68149e-13 6.49114e-13 -1.9393e-11)))
713	(((1.87628e-07 7.23218e-10 3.06137e-16) (1.02409e-07 -1.49708e-10 1.13529e-11)) ((1.06867e-12 -1.38947e-12 5.72013e-17) (-1.67179e-13 6.48018e-13 -1.939e-11)))
714	(((1.87613e-07 7.23789e-10 3.07139e-16) (1.02408e-07 -1.49621e-10 1.13213e-11)) ((1.07837e-12 -1.39855e-12 5.72513e-17) (-1.67663e-13 6.48875e-13 -1.93898e-11)))
715	(((1.87597e-07 7.15889e-10 3.06297e-16) (1.02407e-07 -1.49553e-10 1.13716e-11)) ((1.06675e-12 -1.38872e-12 5.72602e-17) (-1.66004e-13 6.47451e-13 -1.93898e-11)))
716	(((1.8759e-07 7.02948e-10 3.07149e-16) (1.02406e-07 -1.49635e-10 1.13239e-11)) ((1.08214e-12 -1.40145e-12 5.72943e-17) (-1.68331e-13 6.49638e-13 -1.939e-11)))
717	(((1.87595e-07 6.98472e-10 3.06545e-16) (1.02405e-07 -1.49729e-10 1.13637e-11)) ((1.07058e-12 -1.3924e-12 5.7239e-17) (-1.67182e-13 6.48685e-13 -1.93892e-11)))
718	(((1.87607e-07 7.07416e-10 3.06881e-16) (1.02405e-07 -1.49824e-10 1.13236e-11)) ((1.08065e-12 -1.39908e-12 5.72048e-17) (-1.68723e-13 6.496e-13 -1.93875e-11)))
719	(((1.87621e-07 7.2736e-10 3.05406e-16) (1.02404e-07 -1.49746e-10 1.13351e-11)) ((1.06828e-12 -1.3895e-12 5.72233e-17) (-1.67084e-13 6.47926e-13 -1.93843e-11)))
720	(((1.87606e-07 7.25249e-10 3.06152e-16) (1.02402e-07 -1.49652e-10 1.13032e-11)) ((1.07899e-12 -1.39718e-12 5.72437e-17) (-1.68064e-13 6.48589e-13 -1.93834e-11)))
721	(((1.87583e-07 7.11836e-10 3.05988e-16) (1.02401e-07 -1.49588e-10 1.13586e-11)) ((1.06768e-12 -1.38871e-12 5.7231e-17) (-1.6643e-13 6.4745e-13 -1.93838e-11)))
722	(((1.87576e-07 6.98985e-10 3.06937e-16) (1.024e-07 -1.49688e-10 1.13267e-11)) ((1.08019e-12 -1.39931e-12 5.72519e-17) (-1.68204e-13 6.4926e-13 -1.93843e-11)))
723	(((1.8759e-07 7.00389e-10 3.06147e-16) (1.024e-07 -1.49783e-10 1.13841e-11)) ((1.06581e-12 -1.38718e-12 5.72393e-17) (-1.66552e-13 6.47768e-13 -1.9383e-11)))
724	(((1.87602e-07 7.10215e-10 3.0701e-16) (1.02399e-07 -1.49847e-10 1.13571e-11)) ((1.07339e-12 -1.39456e-12 5.72687e-17) (-1.6736e-13 6.48867e-13 -1.93819e-11)))
725	(((1.87607e-07 7.254e-10 3.06277e-16) (1.02398e-07 -1.49771e-10 1.13653e-11)) ((1.06703e-12 -1.38895e-12 5.72316e-17) (-1.66695e-13 6.4794e-13 -1.93792e-11)))
726	(((1.87592e-07 7.2387e-10 3.06663e-16) (1.02397e-07 -1.49684e-10 1.13125e-11)) ((1.0805e-12 -1.39859e-12 5.72287e-17) (-1.68122e-13 6.48928e-13 -1.93781e-11)))
727	(((1.87578e-07 7.14299e-10 3.06039e-16) (1.02396e-07 -1.49613e-10 1.13672e-11)) ((1.06755e-12 -1.38806e-12 5.72366e-17) (-1.66319e-13 6.47401e-13 -1.93777e-11)))
728	(((1.87573e-07 7.01335e-10 3.06989e-16) (1.02395e-07 -1.49706e-10 1.13258e-11)) ((1.08065e-12 -1.39957e-12 5.72642e-17) (-1.68286e-13 6.49349e-13 -1.93778e-11)))
729	(((1.87579e-07 6.99306e-10 3.05868e-16) (1.02394e-07 -1.49806e-10 1.13424e-11)) ((1.0689e-12 -1.3916e-12 5.7221e-17) (-1.67045e-13 6.48506e-13 -1.93771e-11)))
730	(((1.87592e-07 7.11744e-10 3.06357e-16) (1.02393e-07 -1.49882e-10 1.13191e-11)) ((1.07733e-12 -1.39627e-12 5.7216e-17) (-1.68229e-13 6.49054e-13 -1.93752e-11)))
731	(((1.87596e-07 7.25767e-10 3.06007e-16) (1.02393e-07 -1.49793e-10 1.13504e-11)) ((1.06773e-12 -1.38858e-12 5.71987e-17) (-1.66965e-13 6.47786e-13 -1.93727e-11)))
732	(((1.87582e-07 7.23402e-10 3.06546e-16) (1.02391e-07 -1.49699e-10 1.13135e-11)) ((1.07903e-12 -1.397e-12 5.72181e-17) (-1.68029e-13 6.48626e-13 -1.93718e-11)))
733	(((1.87573e-07 7.14865e-10 3.0598e-16) (1.0239e-07 -1.49626e-10 1.13684e-11)) ((1.06667e-12 -1.38752e-12 5.72523e-17) (-1.66263e-13 6.47269e-13 -1.93714e-11)))
734	(((1.87564e-07 6.98854e-10 3.06611e-16) (1.02389e-07 -1.49722e-10 1.13347e-11)) ((1.07806e-12 -1.39689e-12 5.72573e-17) (-1.67951e-13 6.48841e-13 -1.93719e-11)))
735	(((1.87571e-07 7.0102e-10 3.06707e-16) (1.02389e-07 -1.4981e-10 1.13845e-11)) ((1.06498e-12 -1.38913e-12 5.7256e-17) (-1.66244e-13 6.48143e-13 -1.93718e-11)))
736	(((1.8758e-07 7.11904e-10 3.06884e-16) (1.02388e-07 -1.4988e-10 1.13363e-11)) ((1.07689e-12 -1.3965e-12 5.72208e-17) (-1.68007e-13 6.49208e-13 -1.93703e-11)))
737	(((1.87592e-07 7.29545e-10 3.06033e-16) (1.02387e-07 -1.49778e-10 1.13646e-11)) ((1.06672e-12 -1.38726e-12 5.72279e-17) (-1.66684e-13 6.47648e-13 -1.93671e-11)))
738	(((1.87576e-07 7.22865e-10 3.06551e-16) (1.02386e-07 -1.49683e-10 1.13171e-11)) ((1.07918e-12 -1.39666e-12 5.72291e-17) (-1.68038e-13 6.48667e-13 -1.93664e-11)))
739	(((1.87556e-07 7.06974e-10 3.05521e-16) (1.02385e-07 -1.49647e-10 1.13339e-11)) ((1.06849e-12 -1.39014e-12 5.72065e-17) (-1.66579e-13 6.47739e-13 -1.93669e-11)))
740	(((1.8755e-07 6.95101e-10 3.06739e-16) (1.02384e-07 -1.49783e-10 1.1303e-11)) ((1.0813e-12 -1.40078e-12 5.72215e-17) (-1.68413e-13 6.49405e-13 -1.93677e-11)))
741	(((1.87562e-07 7.00951e-10 3.06252e-16) (1.02384e-07 -1.49888e-10 1.13683e-11)) ((1.06669e-12 -1.38824e-12 5.72201e-17) (-1.6665e-13 6.47876e-13 -1.93668e-11)))
742	(((1.87574e-07 7.13493e-10 3.06877e-16) (1.02383e-07 -1.49945e-10 1.13213e-11)) ((1.0792e-12 -1.39781e-12 5.72257e-17) (-1.68448e-13 6.49289e-13 -1.93649e-11)))
743	(((1.87574e-07 7.23391e-10 3.06096e-16) (1.02382e-07 -1.49846e-10 1.13562e-11)) ((1.06793e-12 -1.38856e-12 5.71861e-17) (-1.66949e-13 6.47746e-13 -1.93627e-11)))
744	(((1.87567e-07 7.23318e-10 3.06716e-16) (1.02381e-07 -1.49762e-10 1.13004e-11)) ((1.08195e-12 -1.40005e-12 5.72221e-17) (-1.68528e-13 6.49097e-13 -1.93615e-11)))
745	(((1.87553e-07 7.10234e-10 3.06602e-16) (1.0238e-07 -1.49697e-10 1.1371e-11)) ((1.06593e-12 -1.38951e-12 5.72659e-17) (-1.65891e-13 6.47547e-13 -1.93623e-11)))
746	(((1.87544e-07 6.95918e-10 3.0706e-16) (1.02379e-07 -1.49821e-10 1.13309e-11)) ((1.07887e-12 -1.39901e-12 5.72582e-17) (-1.67794e-13 6.4913e-13 -1.93631e-11)))
747	(((1.87553e-07 7.01781e-10 3.06251e-16) (1.02379e-07 -1.49921e-10 1.13766e-11)) ((1.06673e-12 -1.38833e-12 5.72258e-17) (-1.66507e-13 6.47958e-13 -1.9362e-11)))
748	(((1.87565e-07 7.14969e-10 3.0672e-16) (1.02378e-07 -1.49966e-10 1.13233e-11)) ((1.07927e-12 -1.39758e-12 5.72136e-17) (-1.68433e-13 6.49345e-13 -1.93597e-11)))
749	(((1.87565e-07 7.24299e-10 3.05664e-16) (1.02377e-07 -1.49853e-10 1.13441e-11)) ((1.07022e-12 -1.38853e-12 5.71965e-17) (-1.67627e-13 6.47809e-13 -1.93581e-11)))
750	(((1.87561e-07 7.23762e-10 3.06024e-16) (1.02376e-07 -1.4978e-10 1.13014e-11)) ((1.07724e-12 -1.39618e-12 5.7217e-17) (-1.67924e-13 6.48483e-13 -1.93565e-11)))
751	(((1.87544e-07 7.07478e-10 3.05898e-16) (1.02375e-07 -1.49746e-10 1.13516e-11)) ((1.06635e-12 -1.38826e-12 5.72121e-17) (-1.66333e-13 6.4732e-13 -1.93566e-11)))
752	(((1.87534e-07 6.94806e-10 3.06747e-16) (1.02374e-07 -1.49875e-10 1.13255e-11)) ((1.07798e-12 -1.39741e-12 5.72227e-17) (-1.67861e-13 6.48824e-13 -1.93573e-11)))
753	(((1.87549e-07 7.05669e-10 3.06349e-16) (1.02374e-07 -1.49956e-10 1.13708e-11)) ((1.06725e-12 -1.38889e-12 5.72378e-17) (-1.66673e-13 6.48013e-13 -1.93559e-11)))
754	(((1.87555e-07 7.14491e-10 3.06723e-16) (1.02373e-07 -1.49985e-10 1.13265e-11)) ((1.07856e-12 -1.39686e-12 5.72114e-17) (-1.68328e-13 6.49138e-13 -1.93541e-11)))
755	(((1.87555e-07 7.21528e-10 3.05959e-16) (1.02372e-07 -1.4989e-10 1.13547e-11)) ((1.06771e-12 -1.38788e-12 5.7154e-17) (-1.67032e-13 6.47646e-13 -1.93521e-11)))
756	(((1.87545e-07 7.17909e-10 3.07001e-16) (1.02371e-07 -1.49823e-10 1.1316e-11)) ((1.07797e-12 -1.39808e-12 5.72121e-17) (-1.67791e-13 6.48789e-13 -1.93522e-11)))
757	(((1.87536e-07 7.06811e-10 3.06184e-16) (1.0237e-07 -1.49801e-10 1.13668e-11)) ((1.0659e-12 -1.38768e-12 5.72319e-17) (-1.66062e-13 6.47236e-13 -1.93523e-11)))
758	(((1.87529e-07 6.96465e-10 3.06793e-16) (1.0237e-07 -1.49927e-10 1.13322e-11)) ((1.07848e-12 -1.39743e-12 5.7252e-17) (-1.67864e-13 6.48877e-13 -1.93527e-11)))
759	(((1.87538e-07 7.0497e-10 3.05855e-16) (1.02369e-07 -1.50003e-10 1.13367e-11)) ((1.06998e-12 -1.39228e-12 5.72294e-17) (-1.67151e-13 6.48612e-13 -1.93513e-11)))
760	(((1.87548e-07 7.16839e-10 3.06492e-16) (1.02369e-07 -1.50022e-10 1.13059e-11)) ((1.07965e-12 -1.3982e-12 5.71989e-17) (-1.68581e-13 6.49336e-13 -1.9349e-11)))
761	(((1.87554e-07 7.26856e-10 3.05743e-16) (1.02368e-07 -1.49903e-10 1.13599e-11)) ((1.0649e-12 -1.385e-12 5.71726e-17) (-1.66607e-13 6.47169e-13 -1.93465e-11)))
762	(((1.87545e-07 7.20834e-10 3.0656e-16) (1.02367e-07 -1.49831e-10 1.13063e-11)) ((1.07896e-12 -1.39679e-12 5.72146e-17) (-1.68156e-13 6.48567e-13 -1.93457e-11)))
763	(((1.87526e-07 7.03997e-10 3.06131e-16) (1.02366e-07 -1.49815e-10 1.13532e-11)) ((1.06821e-12 -1.38915e-12 5.72109e-17) (-1.66534e-13 6.47425e-13 -1.93464e-11)))
764	(((1.87516e-07 6.93588e-10 3.0684e-16) (1.02365e-07 -1.49954e-10 1.13222e-11)) ((1.08e-12 -1.39903e-12 5.72183e-17) (-1.68142e-13 6.49042e-13 -1.93474e-11)))
765	(((1.87531e-07 7.06785e-10 3.06303e-16) (1.02365e-07 -1.50026e-10 1.13671e-11)) ((1.0681e-12 -1.38961e-12 5.72271e-17) (-1.66895e-13 6.48117e-13 -1.93458e-11)))
766	(((1.87541e-07 7.17097e-10 3.07112e-16) (1.02364e-07 -1.50023e-10 1.13395e-11)) ((1.07537e-12 -1.39626e-12 5.72398e-17) (-1.6769e-13 6.49073e-13 -1.93445e-11)))
767	(((1.87541e-07 7.22594e-10 3.06143e-16) (1.02363e-07 -1.4992e-10 1.13643e-11)) ((1.06545e-12 -1.38695e-12 5.71675e-17) (-1.66519e-13 6.4757e-13 -1.93428e-11)))
768	(((1.87537e-07 7.19668e-10 3.06578e-16) (1.02362e-07 -1.49862e-10 1.13092e-11)) ((1.0795e-12 -1.39735e-12 5.72123e-17) (-1.68072e-13 6.4869e-13 -1.93417e-11)))
769	(((1.87518e-07 7.03383e-10 3.05447e-16) (1.02361e-07 -1.49851e-10 1.1327e-11)) ((1.06906e-12 -1.39053e-12 5.72057e-17) (-1.66601e-13 6.47663e-13 -1.93421e-11)))
770	(((1.87509e-07 6.93682e-10 3.06542e-16) (1.02361e-07 -1.49992e-10 1.13061e-11)) ((1.08026e-12 -1.39932e-12 5.72178e-17) (-1.68224e-13 6.49084e-13 -1.93428e-11)))
771	(((1.8752e-07 7.05077e-10 3.06076e-16) (1.0236e-07 -1.5007e-10 1.1373e-11)) ((1.06514e-12 -1.38646e-12 5.72094e-17) (-1.66508e-13 6.47645e-13 -1.93415e-11)))
772	(((1.87536e-07 7.19549e-10 3.06725e-16) (1.0236e-07 -1.50081e-10 1.1321e-11)) ((1.07799e-12 -1.39652e-12 5.72102e-17) (-1.68434e-13 6.49138e-13 -1.9339e-11)))
773	(((1.87537e-07 7.24116e-10 3.05911e-16) (1.02359e-07 -1.49959e-10 1.13567e-11)) ((1.06624e-12 -1.38682e-12 5.71618e-17) (-1.66842e-13 6.47488e-13 -1.9337e-11)))
774	(((1.87526e-07 7.17058e-10 3.06085e-16) (1.02358e-07 -1.49895e-10 1.13252e-11)) ((1.07537e-12 -1.39303e-12 5.71959e-17) (-1.67551e-13 6.47913e-13 -1.93365e-11)))
775	(((1.8751e-07 7.03512e-10 3.05754e-16) (1.02357e-07 -1.49892e-10 1.13644e-11)) ((1.06574e-12 -1.38653e-12 5.7202e-17) (-1.66233e-13 6.47075e-13 -1.9337e-11)))
776	(((1.87506e-07 6.982e-10 3.0726e-16) (1.02356e-07 -1.50004e-10 1.13393e-11)) ((1.07624e-12 -1.39798e-12 5.7281e-17) (-1.67425e-13 6.49074e-13 -1.93381e-11)))
777	(((1.87517e-07 7.07725e-10 3.06415e-16) (1.02356e-07 -1.5006e-10 1.13865e-11)) ((1.06427e-12 -1.38672e-12 5.72502e-17) (-1.66197e-13 6.47869e-13 -1.93368e-11)))
778	(((1.87526e-07 7.16797e-10 3.06652e-16) (1.02356e-07 -1.5007e-10 1.13346e-11)) ((1.07666e-12 -1.39482e-12 5.71947e-17) (-1.68062e-13 6.48955e-13 -1.93346e-11)))
779	(((1.87528e-07 7.24033e-10 3.05654e-16) (1.02355e-07 -1.49951e-10 1.13409e-11)) ((1.07024e-12 -1.38816e-12 5.71739e-17) (-1.67645e-13 6.47763e-13 -1.93331e-11)))
780	(((1.87517e-07 7.14926e-10 3.05949e-16) (1.02354e-07 -1.49911e-10 1.12953e-11)) ((1.07736e-12 -1.39601e-12 5.7163e-17) (-1.67925e-13 6.48423e-13 -1.93325e-11)))
781	(((1.87508e-07 7.06364e-10 3.05974e-16) (1.02353e-07 -1.49912e-10 1.13436e-11)) ((1.06744e-12 -1.38915e-12 5.72157e-17) (-1.66568e-13 6.47508e-13 -1.93322e-11)))
782	(((1.875e-07 6.96919e-10 3.06882e-16) (1.02352e-07 -1.50036e-10 1.13202e-11)) ((1.07883e-12 -1.39809e-12 5.72446e-17) (-1.681e-13 6.49058e-13 -1.93326e-11)))
783	(((1.87504e-07 7.04014e-10 3.06464e-16) (1.02352e-07 -1.50107e-10 1.13661e-11)) ((1.06781e-12 -1.38924e-12 5.71937e-17) (-1.66879e-13 6.48197e-13 -1.93318e-11)))
784	(((1.87521e-07 7.19568e-10 3.06727e-16) (1.02351e-07 -1.50111e-10 1.13216e-11)) ((1.07881e-12 -1.39682e-12 5.71891e-17) (-1.68453e-13 6.49154e-13 -1.93293e-11)))
785	(((1.87522e-07 7.2293e-10 3.05895e-16) (1.02351e-07 -1.49989e-10 1.1353e-11)) ((1.06732e-12 -1.38742e-12 5.71499e-17) (-1.6695e-13 6.47537e-13 -1.93276e-11)))
786	(((1.87507e-07 7.11891e-10 3.06329e-16) (1.0235e-07 -1.49948e-10 1.13068e-11)) ((1.07888e-12 -1.39642e-12 5.71641e-17) (-1.6817e-13 6.48468e-13 -1.93277e-11)))
787	(((1.87501e-07 7.06119e-10 3.06389e-16) (1.02349e-07 -1.49939e-10 1.13717e-11)) ((1.0644e-12 -1.3876e-12 5.72647e-17) (-1.65876e-13 6.47328e-13 -1.93283e-11)))
788	(((1.87493e-07 6.97407e-10 3.06953e-16) (1.02348e-07 -1.50062e-10 1.13368e-11)) ((1.077e-12 -1.39688e-12 5.72677e-17) (-1.67729e-13 6.48993e-13 -1.93287e-11)))
789	(((1.87498e-07 7.05108e-10 3.05991e-16) (1.02348e-07 -1.50119e-10 1.13619e-11)) ((1.06927e-12 -1.38861e-12 5.72274e-17) (-1.67359e-13 6.48178e-13 -1.93281e-11)))
790	(((1.87512e-07 7.18129e-10 3.06218e-16) (1.02347e-07 -1.50133e-10 1.13033e-11)) ((1.07804e-12 -1.39719e-12 5.71584e-17) (-1.68423e-13 6.49226e-13 -1.93254e-11)))
791	(((1.87515e-07 7.2348e-10 3.0559e-16) (1.02347e-07 -1.50014e-10 1.13487e-11)) ((1.06509e-12 -1.38576e-12 5.71306e-17) (-1.66673e-13 6.47236e-13 -1.93232e-11)))
792	(((1.87502e-07 7.13118e-10 3.06378e-16) (1.02346e-07 -1.49974e-10 1.13071e-11)) ((1.07769e-12 -1.3956e-12 5.71719e-17) (-1.67974e-13 6.48354e-13 -1.93231e-11)))
793	(((1.87491e-07 7.03686e-10 3.05898e-16) (1.02345e-07 -1.49987e-10 1.13682e-11)) ((1.06511e-12 -1.38569e-12 5.72183e-17) (-1.66215e-13 6.47049e-13 -1.93233e-11)))
794	(((1.87486e-07 6.97395e-10 3.06684e-16) (1.02344e-07 -1.50117e-10 1.13333e-11)) ((1.07744e-12 -1.39602e-12 5.72453e-17) (-1.67977e-13 6.48862e-13 -1.93235e-11)))
795	(((1.87494e-07 7.06804e-10 3.06241e-16) (1.02344e-07 -1.50168e-10 1.13695e-11)) ((1.06689e-12 -1.38804e-12 5.71957e-17) (-1.66915e-13 6.48101e-13 -1.93222e-11)))
796	(((1.8751e-07 7.21356e-10 3.06825e-16) (1.02344e-07 -1.5015e-10 1.13065e-11)) ((1.08085e-12 -1.39894e-12 5.71853e-17) (-1.68926e-13 6.49497e-13 -1.93196e-11)))
797	(((1.8751e-07 7.25107e-10 3.06509e-16) (1.02343e-07 -1.49998e-10 1.13631e-11)) ((1.06491e-12 -1.38765e-12 5.71967e-17) (-1.66279e-13 6.47512e-13 -1.93187e-11)))
798	(((1.87492e-07 7.11233e-10 3.06882e-16) (1.02342e-07 -1.49963e-10 1.13147e-11)) ((1.0787e-12 -1.39752e-12 5.71977e-17) (-1.67831e-13 6.48674e-13 -1.93193e-11)))
799	(((1.87481e-07 7.01381e-10 3.05708e-16) (1.02341e-07 -1.49984e-10 1.13602e-11)) ((1.06874e-12 -1.38725e-12 5.72414e-17) (-1.6686e-13 6.4733e-13 -1.93202e-11)))
800	(((1.87481e-07 6.97292e-10 3.06378e-16) (1.02341e-07 -1.50131e-10 1.1307e-11)) ((1.0793e-12 -1.39887e-12 5.72331e-17) (-1.68277e-13 6.49347e-13 -1.93197e-11)))
801	(((1.87489e-07 7.05683e-10 3.06051e-16) (1.0234e-07 -1.50187e-10 1.13544e-11)) ((1.06694e-12 -1.3886e-12 5.7176e-17) (-1.67027e-13 6.48178e-13 -1.93181e-11)))
802	(((1.87496e-07 7.16311e-10 3.06572e-16) (1.0234e-07 -1.50191e-10 1.13118e-11)) ((1.0779e-12 -1.39603e-12 5.71342e-17) (-1.68505e-13 6.48993e-13 -1.93161e-11)))
803	(((1.87504e-07 7.27181e-10 3.05945e-16) (1.02339e-07 -1.50067e-10 1.13494e-11)) ((1.06679e-12 -1.38687e-12 5.7163e-17) (-1.66828e-13 6.47344e-13 -1.93138e-11)))
804	(((1.87487e-07 7.12628e-10 3.06517e-16) (1.02338e-07 -1.50019e-10 1.13128e-11)) ((1.07857e-12 -1.39624e-12 5.71984e-17) (-1.68028e-13 6.48445e-13 -1.93142e-11)))
805	(((1.87471e-07 6.9762e-10 3.06125e-16) (1.02337e-07 -1.50052e-10 1.13612e-11)) ((1.06778e-12 -1.38867e-12 5.71943e-17) (-1.66657e-13 6.47588e-13 -1.9315e-11)))
806	(((1.87472e-07 6.94662e-10 3.06782e-16) (1.02337e-07 -1.50195e-10 1.13231e-11)) ((1.07934e-12 -1.39808e-12 5.72092e-17) (-1.68343e-13 6.49211e-13 -1.9315e-11)))
807	(((1.87487e-07 7.08909e-10 3.05878e-16) (1.02337e-07 -1.50234e-10 1.13747e-11)) ((1.06462e-12 -1.38514e-12 5.71832e-17) (-1.66718e-13 6.47588e-13 -1.9313e-11)))
808	(((1.87499e-07 7.22294e-10 3.06879e-16) (1.02336e-07 -1.50192e-10 1.13304e-11)) ((1.07512e-12 -1.39505e-12 5.72175e-17) (-1.67931e-13 6.48893e-13 -1.93111e-11)))
809	(((1.87492e-07 7.23103e-10 3.05872e-16) (1.02335e-07 -1.50057e-10 1.1352e-11)) ((1.06734e-12 -1.38692e-12 5.71919e-17) (-1.6703e-13 6.47461e-13 -1.93103e-11)))
810	(((1.87474e-07 7.08506e-10 3.06267e-16) (1.02335e-07 -1.50046e-10 1.13012e-11)) ((1.07813e-12 -1.39724e-12 5.71635e-17) (-1.67941e-13 6.48694e-13 -1.93105e-11)))
811	(((1.87471e-07 7.01556e-10 3.06017e-16) (1.02334e-07 -1.50081e-10 1.1354e-11)) ((1.06748e-12 -1.38878e-12 5.72009e-17) (-1.66623e-13 6.47653e-13 -1.93102e-11)))
812	(((1.87471e-07 6.95581e-10 3.06791e-16) (1.02333e-07 -1.50213e-10 1.13214e-11)) ((1.07891e-12 -1.39741e-12 5.72117e-17) (-1.68287e-13 6.49147e-13 -1.93101e-11)))
813	(((1.87478e-07 7.06105e-10 3.0625e-16) (1.02333e-07 -1.50266e-10 1.13623e-11)) ((1.0672e-12 -1.38784e-12 5.71587e-17) (-1.67049e-13 6.48033e-13 -1.93086e-11)))
814	(((1.8749e-07 7.21751e-10 3.06709e-16) (1.02333e-07 -1.50244e-10 1.13075e-11)) ((1.07982e-12 -1.39755e-12 5.71707e-17) (-1.68769e-13 6.4921e-13 -1.93061e-11)))
815	(((1.87484e-07 7.23036e-10 3.05965e-16) (1.02332e-07 -1.50109e-10 1.13464e-11)) ((1.06786e-12 -1.38806e-12 5.71501e-17) (-1.67003e-13 6.4754e-13 -1.93049e-11)))
816	(((1.87469e-07 7.09623e-10 3.06437e-16) (1.02331e-07 -1.50076e-10 1.13142e-11)) ((1.07826e-12 -1.39617e-12 5.7182e-17) (-1.68064e-13 6.48497e-13 -1.93052e-11)))
817	(((1.87464e-07 6.99631e-10 3.05861e-16) (1.0233e-07 -1.50112e-10 1.13701e-11)) ((1.06528e-12 -1.38609e-12 5.71986e-17) (-1.66418e-13 6.47278e-13 -1.93053e-11)))
818	(((1.87466e-07 6.97067e-10 3.06673e-16) (1.0233e-07 -1.50222e-10 1.13374e-11)) ((1.07586e-12 -1.39513e-12 5.72821e-17) (-1.67931e-13 6.48899e-13 -1.93065e-11)))
819	(((1.87474e-07 7.07774e-10 3.05729e-16) (1.0233e-07 -1.50275e-10 1.13608e-11)) ((1.06254e-12 -1.38626e-12 5.71699e-17) (-1.66234e-13 6.47878e-13 -1.93046e-11)))
820	(((1.87488e-07 7.24075e-10 3.06341e-16) (1.02329e-07 -1.50238e-10 1.13101e-11)) ((1.07669e-12 -1.39536e-12 5.71802e-17) (-1.68191e-13 6.48902e-13 -1.93016e-11)))
821	(((1.8748e-07 7.23861e-10 3.05923e-16) (1.02328e-07 -1.50094e-10 1.13456e-11)) ((1.06738e-12 -1.3872e-12 5.71475e-17) (-1.66843e-13 6.47438e-13 -1.93001e-11)))
822	(((1.87461e-07 7.08323e-10 3.06684e-16) (1.02328e-07 -1.50074e-10 1.13079e-11)) ((1.08003e-12 -1.39729e-12 5.71579e-17) (-1.68297e-13 6.48702e-13 -1.93008e-11)))
823	(((1.87461e-07 7.01468e-10 3.06297e-16) (1.02327e-07 -1.5012e-10 1.13577e-11)) ((1.0686e-12 -1.38922e-12 5.72037e-17) (-1.66897e-13 6.4777e-13 -1.93008e-11)))
824	(((1.87461e-07 6.96109e-10 3.06846e-16) (1.02327e-07 -1.50255e-10 1.13232e-11)) ((1.07901e-12 -1.39764e-12 5.72142e-17) (-1.68422e-13 6.49231e-13 -1.93009e-11)))
825	(((1.87468e-07 7.07037e-10 3.06157e-16) (1.02326e-07 -1.50294e-10 1.13613e-11)) ((1.06688e-12 -1.38791e-12 5.71578e-17) (-1.67055e-13 6.48051e-13 -1.92996e-11)))
826	(((1.87477e-07 7.21303e-10 3.06523e-16) (1.02326e-07 -1.50256e-10 1.13097e-11)) ((1.0786e-12 -1.39656e-12 5.71614e-17) (-1.68564e-13 6.49054e-13 -1.92975e-11)))
827	(((1.8747e-07 7.21572e-10 3.0586e-16) (1.02325e-07 -1.50122e-10 1.13474e-11)) ((1.06711e-12 -1.38735e-12 5.71373e-17) (-1.66861e-13 6.47451e-13 -1.92963e-11)))
828	(((1.87457e-07 7.08559e-10 3.05979e-16) (1.02324e-07 -1.50096e-10 1.13038e-11)) ((1.07981e-12 -1.39544e-12 5.71969e-17) (-1.68618e-13 6.48408e-13 -1.92972e-11)))
829	(((1.87453e-07 6.98875e-10 3.06026e-16) (1.02324e-07 -1.50149e-10 1.13504e-11)) ((1.06403e-12 -1.3889e-12 5.7207e-17) (-1.66092e-13 6.47767e-13 -1.92976e-11)))
830	(((1.87455e-07 6.95886e-10 3.06808e-16) (1.02323e-07 -1.50291e-10 1.13187e-11)) ((1.07665e-12 -1.3973e-12 5.72042e-17) (-1.67994e-13 6.49226e-13 -1.92974e-11)))
831	(((1.87469e-07 7.12336e-10 3.05969e-16) (1.02323e-07 -1.50311e-10 1.13715e-11)) ((1.06385e-12 -1.38472e-12 5.71775e-17) (-1.66485e-13 6.4756e-13 -1.92951e-11)))
832	(((1.87476e-07 7.24176e-10 3.06457e-16) (1.02323e-07 -1.50254e-10 1.13144e-11)) ((1.07787e-12 -1.39502e-12 5.71771e-17) (-1.68417e-13 6.48841e-13 -1.92928e-11)))
833	(((1.87466e-07 7.22278e-10 3.05822e-16) (1.02322e-07 -1.50118e-10 1.13499e-11)) ((1.06709e-12 -1.38664e-12 5.71423e-17) (-1.66915e-13 6.47377e-13 -1.92918e-11)))
834	(((1.87451e-07 7.07908e-10 3.06292e-16) (1.02321e-07 -1.50105e-10 1.1322e-11)) ((1.07673e-12 -1.39422e-12 5.71699e-17) (-1.67958e-13 6.48277e-13 -1.92926e-11)))
835	(((1.87446e-07 6.97968e-10 3.06217e-16) (1.02321e-07 -1.50165e-10 1.13558e-11)) ((1.06814e-12 -1.38942e-12 5.71831e-17) (-1.66967e-13 6.47928e-13 -1.92932e-11)))
836	(((1.8745e-07 6.96694e-10 3.06792e-16) (1.0232e-07 -1.503e-10 1.13239e-11)) ((1.07818e-12 -1.39701e-12 5.71996e-17) (-1.68351e-13 6.49233e-13 -1.92931e-11)))
837	(((1.87463e-07 7.1141e-10 3.05961e-16) (1.0232e-07 -1.50317e-10 1.13705e-11)) ((1.06441e-12 -1.38508e-12 5.71671e-17) (-1.66677e-13 6.47642e-13 -1.92911e-11)))
838	(((1.8747e-07 7.23112e-10 3.06185e-16) (1.02319e-07 -1.50258e-10 1.12993e-11)) ((1.07992e-12 -1.39591e-12 5.7188e-17) (-1.6905e-13 6.48993e-13 -1.92893e-11)))
839	(((1.87459e-07 7.21138e-10 3.0611e-16) (1.02319e-07 -1.50118e-10 1.13557e-11)) ((1.0655e-12 -1.38647e-12 5.71835e-17) (-1.66744e-13 6.47374e-13 -1.92892e-11)))
840	(((1.87444e-07 7.06059e-10 3.06314e-16) (1.02318e-07 -1.50128e-10 1.13159e-11)) ((1.07457e-12 -1.39483e-12 5.71717e-17) (-1.67521e-13 6.48421e-13 -1.92897e-11)))
841	(((1.87441e-07 6.97971e-10 3.06169e-16) (1.02318e-07 -1.50195e-10 1.13539e-11)) ((1.06718e-12 -1.38928e-12 5.71826e-17) (-1.66687e-13 6.47919e-13 -1.92899e-11)))
842	(((1.87444e-07 6.96387e-10 3.06844e-16) (1.02317e-07 -1.50332e-10 1.13177e-11)) ((1.07948e-12 -1.398e-12 5.7184e-17) (-1.68444e-13 6.4941e-13 -1.92897e-11)))
843	(((1.87459e-07 7.12633e-10 3.05943e-16) (1.02317e-07 -1.50345e-10 1.13687e-11)) ((1.06522e-12 -1.38513e-12 5.71618e-17) (-1.66766e-13 6.47647e-13 -1.92876e-11)))
844	(((1.87464e-07 7.23038e-10 3.06425e-16) (1.02316e-07 -1.50291e-10 1.13129e-11)) ((1.07771e-12 -1.39492e-12 5.71667e-17) (-1.68515e-13 6.48855e-13 -1.92856e-11)))
845	(((1.87453e-07 7.19907e-10 3.05808e-16) (1.02316e-07 -1.50167e-10 1.13496e-11)) ((1.06632e-12 -1.38631e-12 5.71418e-17) (-1.66904e-13 6.47385e-13 -1.9285e-11)))
846	(((1.8744e-07 7.05752e-10 3.06459e-16) (1.02315e-07 -1.50168e-10 1.13143e-11)) ((1.07776e-12 -1.39581e-12 5.71764e-17) (-1.68147e-13 6.48589e-13 -1.92858e-11)))
847	(((1.87434e-07 6.95939e-10 3.06e-16) (1.02315e-07 -1.50235e-10 1.13697e-11)) ((1.06533e-12 -1.38644e-12 5.71734e-17) (-1.66473e-13 6.47467e-13 -1.92863e-11)))
848	(((1.87443e-07 6.99749e-10 3.06632e-16) (1.02314e-07 -1.5036e-10 1.13056e-11)) ((1.08196e-12 -1.399e-12 5.72201e-17) (-1.69154e-13 6.49595e-13 -1.9286e-11)))
849	(((1.87454e-07 7.13556e-10 3.06073e-16) (1.02314e-07 -1.50356e-10 1.13536e-11)) ((1.06325e-12 -1.38759e-12 5.71771e-17) (-1.66298e-13 6.48021e-13 -1.92842e-11)))
850	(((1.87454e-07 7.20588e-10 3.06509e-16) (1.02314e-07 -1.50305e-10 1.13091e-11)) ((1.07608e-12 -1.39535e-12 5.71465e-17) (-1.68062e-13 6.48855e-13 -1.92827e-11)))
851	(((1.87453e-07 7.23077e-10 3.05758e-16) (1.02313e-07 -1.50179e-10 1.13547e-11)) ((1.06505e-12 -1.38498e-12 5.71586e-17) (-1.66482e-13 6.47119e-13 -1.92814e-11)))
852	(((1.87435e-07 7.03943e-10 3.06362e-16) (1.02312e-07 -1.50184e-10 1.13187e-11)) ((1.07747e-12 -1.39451e-12 5.71775e-17) (-1.68016e-13 6.48389e-13 -1.92824e-11)))
853	(((1.87425e-07 6.92367e-10 3.05959e-16) (1.02312e-07 -1.50273e-10 1.13658e-11)) ((1.0663e-12 -1.38655e-12 5.71602e-17) (-1.66719e-13 6.47533e-13 -1.92834e-11)))
854	(((1.87434e-07 6.97711e-10 3.06919e-16) (1.02311e-07 -1.5042e-10 1.13127e-11)) ((1.08037e-12 -1.39885e-12 5.7187e-17) (-1.68796e-13 6.49628e-13 -1.92831e-11)))
855	(((1.87449e-07 7.14597e-10 3.06126e-16) (1.02311e-07 -1.50413e-10 1.13598e-11)) ((1.06635e-12 -1.38692e-12 5.71674e-17) (-1.67025e-13 6.47919e-13 -1.92808e-11)))
856	(((1.87451e-07 7.21202e-10 3.0653e-16) (1.02311e-07 -1.50349e-10 1.13121e-11)) ((1.07751e-12 -1.39522e-12 5.71483e-17) (-1.68372e-13 6.48815e-13 -1.92792e-11)))
857	(((1.87443e-07 7.19586e-10 3.05731e-16) (1.0231e-07 -1.50222e-10 1.13257e-11)) ((1.07095e-12 -1.38939e-12 5.71593e-17) (-1.67646e-13 6.47773e-13 -1.92788e-11)))
858	(((1.87428e-07 7.0343e-10 3.06467e-16) (1.02309e-07 -1.50235e-10 1.13009e-11)) ((1.08027e-12 -1.39729e-12 5.71787e-17) (-1.68632e-13 6.48725e-13 -1.92797e-11)))
859	(((1.87431e-07 6.99455e-10 3.06133e-16) (1.02309e-07 -1.50303e-10 1.13507e-11)) ((1.06395e-12 -1.38882e-12 5.72082e-17) (-1.66119e-13 6.47806e-13 -1.92794e-11)))
860	(((1.87432e-07 6.98972e-10 3.0681e-16) (1.02309e-07 -1.50423e-10 1.13183e-11)) ((1.07665e-12 -1.39693e-12 5.72022e-17) (-1.67998e-13 6.49255e-13 -1.92791e-11)))
861	(((1.87439e-07 7.11178e-10 3.06141e-16) (1.02308e-07 -1.50428e-10 1.13558e-11)) ((1.06663e-12 -1.3872e-12 5.71316e-17) (-1.66897e-13 6.47959e-13 -1.92773e-11)))
862	(((1.87443e-07 7.2001e-10 3.0662e-16) (1.02308e-07 -1.50381e-10 1.13005e-11)) ((1.08037e-12 -1.39721e-12 5.71184e-17) (-1.68745e-13 6.49121e-13 -1.92758e-11)))
863	(((1.87439e-07 7.18632e-10 3.05747e-16) (1.02307e-07 -1.50267e-10 1.13513e-11)) ((1.06655e-12 -1.38568e-12 5.71352e-17) (-1.66785e-13 6.47145e-13 -1.92749e-11)))
864	(((1.87425e-07 7.01803e-10 3.06378e-16) (1.02307e-07 -1.50289e-10 1.13161e-11)) ((1.07766e-12 -1.39518e-12 5.71786e-17) (-1.68133e-13 6.48409e-13 -1.92759e-11)))
865	(((1.87422e-07 6.96386e-10 3.06283e-16) (1.02306e-07 -1.50366e-10 1.13502e-11)) ((1.0689e-12 -1.39021e-12 5.7194e-17) (-1.67136e-13 6.48073e-13 -1.92761e-11)))
866	(((1.87427e-07 7.0071e-10 3.0683e-16) (1.02306e-07 -1.50478e-10 1.132e-11)) ((1.07857e-12 -1.39733e-12 5.7196e-17) (-1.68424e-13 6.49343e-13 -1.92755e-11)))
867	(((1.87439e-07 7.16376e-10 3.05619e-16) (1.02306e-07 -1.50444e-10 1.13498e-11)) ((1.06759e-12 -1.38616e-12 5.71745e-17) (-1.67399e-13 6.47759e-13 -1.92736e-11)))
868	(((1.87444e-07 7.24051e-10 3.06797e-16) (1.02305e-07 -1.50356e-10 1.13181e-11)) ((1.07579e-12 -1.39508e-12 5.72033e-17) (-1.68036e-13 6.48784e-13 -1.92727e-11)))
869	(((1.87433e-07 7.16206e-10 3.05976e-16) (1.02305e-07 -1.50252e-10 1.13475e-11)) ((1.06529e-12 -1.38706e-12 5.71446e-17) (-1.66519e-13 6.47424e-13 -1.92723e-11)))
870	(((1.8742e-07 7.01988e-10 3.06269e-16) (1.02304e-07 -1.50286e-10 1.13244e-11)) ((1.07551e-12 -1.39359e-12 5.7176e-17) (-1.67645e-13 6.48175e-13 -1.92727e-11)))
871	(((1.87416e-07 6.95887e-10 3.06034e-16) (1.02304e-07 -1.5037e-10 1.13612e-11)) ((1.06698e-12 -1.38769e-12 5.71762e-17) (-1.66722e-13 6.47717e-13 -1.92728e-11)))
872	(((1.8742e-07 6.9963e-10 3.0668e-16) (1.02303e-07 -1.50494e-10 1.13232e-11)) ((1.07801e-12 -1.39603e-12 5.71702e-17) (-1.68384e-13 6.49236e-13 -1.92723e-11)))
873	(((1.8744e-07 7.19684e-10 3.05985e-16) (1.02303e-07 -1.50467e-10 1.13604e-11)) ((1.06553e-12 -1.38565e-12 5.71638e-17) (-1.66977e-13 6.47788e-13 -1.92695e-11)))
874	(((1.87438e-07 7.21496e-10 3.06401e-16) (1.02303e-07 -1.50391e-10 1.13114e-11)) ((1.07683e-12 -1.39406e-12 5.71465e-17) (-1.68408e-13 6.48664e-13 -1.92683e-11)))
875	(((1.87424e-07 7.12899e-10 3.05859e-16) (1.02302e-07 -1.50294e-10 1.13493e-11)) ((1.06621e-12 -1.38599e-12 5.71251e-17) (-1.6683e-13 6.47255e-13 -1.92685e-11)))
876	(((1.87411e-07 6.98001e-10 3.06471e-16) (1.02301e-07 -1.50353e-10 1.1292e-11)) ((1.0784e-12 -1.39906e-12 5.71397e-17) (-1.67994e-13 6.49066e-13 -1.92691e-11)))
877	(((1.87411e-07 6.94669e-10 3.0569e-16) (1.02301e-07 -1.50427e-10 1.13432e-11)) ((1.06863e-12 -1.38864e-12 5.72005e-17) (-1.67044e-13 6.47762e-13 -1.92699e-11)))
878	(((1.87416e-07 6.99476e-10 3.06549e-16) (1.02301e-07 -1.50549e-10 1.13121e-11)) ((1.0793e-12 -1.39651e-12 5.71889e-17) (-1.68645e-13 6.49196e-13 -1.92696e-11)))
879	(((1.8743e-07 7.16382e-10 3.06601e-16) (1.02301e-07 -1.50515e-10 1.1359e-11)) ((1.06569e-12 -1.38787e-12 5.7172e-17) (-1.66836e-13 6.48085e-13 -1.92679e-11)))
880	(((1.87431e-07 7.21122e-10 3.0671e-16) (1.023e-07 -1.50444e-10 1.1312e-11)) ((1.07718e-12 -1.39538e-12 5.71417e-17) (-1.68326e-13 6.48828e-13 -1.92664e-11)))
881	(((1.87429e-07 7.19141e-10 3.05824e-16) (1.02299e-07 -1.5033e-10 1.13525e-11)) ((1.0661e-12 -1.38598e-12 5.71632e-17) (-1.66661e-13 6.47202e-13 -1.92651e-11)))
882	(((1.87411e-07 7.00078e-10 3.06407e-16) (1.02299e-07 -1.50363e-10 1.13157e-11)) ((1.07835e-12 -1.39578e-12 5.71871e-17) (-1.68157e-13 6.48568e-13 -1.92659e-11)))
883	(((1.87403e-07 6.92521e-10 3.06037e-16) (1.02298e-07 -1.50462e-10 1.13605e-11)) ((1.06713e-12 -1.38764e-12 5.71594e-17) (-1.6684e-13 6.47751e-13 -1.92665e-11)))
884	(((1.87414e-07 7.02585e-10 3.06956e-16) (1.02298e-07 -1.50584e-10 1.13081e-11)) ((1.08064e-12 -1.39894e-12 5.7175e-17) (-1.68856e-13 6.4973e-13 -1.92657e-11)))
885	(((1.87429e-07 7.18704e-10 3.06054e-16) (1.02298e-07 -1.50538e-10 1.1357e-11)) ((1.06604e-12 -1.38608e-12 5.71467e-17) (-1.67053e-13 6.47793e-13 -1.92633e-11)))
886	(((1.87428e-07 7.20224e-10 3.06168e-16) (1.02298e-07 -1.50466e-10 1.13017e-11)) ((1.07519e-12 -1.39457e-12 5.71133e-17) (-1.67929e-13 6.48661e-13 -1.92617e-11)))
887	(((1.87415e-07 7.12827e-10 3.0539e-16) (1.02297e-07 -1.50361e-10 1.13279e-11)) ((1.06838e-12 -1.38736e-12 5.71374e-17) (-1.6719e-13 6.47404e-13 -1.92622e-11)))
888	(((1.87407e-07 7.00801e-10 3.06509e-16) (1.02296e-07 -1.50408e-10 1.12912e-11)) ((1.08179e-12 -1.39887e-12 5.71955e-17) (-1.68832e-13 6.49028e-13 -1.92629e-11)))
889	(((1.87402e-07 6.94393e-10 3.06723e-16) (1.02296e-07 -1.50482e-10 1.13655e-11)) ((1.0659e-12 -1.38898e-12 5.7221e-17) (-1.66443e-13 6.47903e-13 -1.9264e-11)))
890	(((1.87409e-07 7.00926e-10 3.07076e-16) (1.02296e-07 -1.50599e-10 1.13268e-11)) ((1.0775e-12 -1.39679e-12 5.71925e-17) (-1.68171e-13 6.49301e-13 -1.92635e-11)))
891	(((1.87425e-07 7.1874e-10 3.05832e-16) (1.02296e-07 -1.50557e-10 1.13707e-11)) ((1.06391e-12 -1.38404e-12 5.71458e-17) (-1.66562e-13 6.47423e-13 -1.92606e-11)))
892	(((1.87426e-07 7.23166e-10 3.06192e-16) (1.02295e-07 -1.50471e-10 1.13119e-11)) ((1.07707e-12 -1.39401e-12 5.7143e-17) (-1.68355e-13 6.48649e-13 -1.92589e-11)))
893	(((1.87412e-07 7.12662e-10 3.05627e-16) (1.02295e-07 -1.50377e-10 1.13499e-11)) ((1.06584e-12 -1.38541e-12 5.71255e-17) (-1.66823e-13 6.47283e-13 -1.92587e-11)))
894	(((1.87397e-07 6.96008e-10 3.06454e-16) (1.02294e-07 -1.50452e-10 1.13132e-11)) ((1.07786e-12 -1.39551e-12 5.71503e-17) (-1.68298e-13 6.48692e-13 -1.92599e-11)))
895	(((1.87405e-07 6.98026e-10 3.06191e-16) (1.02294e-07 -1.50543e-10 1.13603e-11)) ((1.06694e-12 -1.38755e-12 5.71992e-17) (-1.66958e-13 6.47803e-13 -1.92596e-11)))
896	(((1.8741e-07 7.03186e-10 3.0654e-16) (1.02294e-07 -1.50642e-10 1.13111e-11)) ((1.07589e-12 -1.39655e-12 5.71679e-17) (-1.6795e-13 6.49287e-13 -1.92585e-11)))
897	(((1.87416e-07 7.16139e-10 3.05781e-16) (1.02293e-07 -1.50584e-10 1.13426e-11)) ((1.06689e-12 -1.38734e-12 5.712e-17) (-1.67062e-13 6.47884e-13 -1.92568e-11)))
898	(((1.87417e-07 7.21788e-10 3.06318e-16) (1.02293e-07 -1.50498e-10 1.12998e-11)) ((1.07878e-12 -1.39564e-12 5.71252e-17) (-1.68542e-13 6.48768e-13 -1.92557e-11)))
899	(((1.87407e-07 7.12127e-10 3.05747e-16) (1.02292e-07 -1.50406e-10 1.13448e-11)) ((1.06713e-12 -1.38629e-12 5.71183e-17) (-1.67005e-13 6.47305e-13 -1.92557e-11)))
900	(((1.87397e-07 6.97552e-10 3.06945e-16) (1.02292e-07 -1.50463e-10 1.13221e-11)) ((1.07666e-12 -1.39633e-12 5.71997e-17) (-1.67925e-13 6.48796e-13 -1.92572e-11)))
901	(((1.874e-07 6.9607e-10 3.06094e-16) (1.02291e-07 -1.50554e-10 1.13769e-11)) ((1.06362e-12 -1.38509e-12 5.72066e-17) (-1.66336e-13 6.47455e-13 -1.92571e-11)))
902	(((1.87407e-07 7.05029e-10 3.06593e-16) (1.02291e-07 -1.50647e-10 1.13271e-11)) ((1.07666e-12 -1.39479e-12 5.71969e-17) (-1.68241e-13 6.49108e-13 -1.92559e-11)))
903	(((1.87413e-07 7.18464e-10 3.05838e-16) (1.02291e-07 -1.50586e-10 1.13569e-11)) ((1.06562e-12 -1.38543e-12 5.7118e-17) (-1.66975e-13 6.47728e-13 -1.92537e-11)))
904	(((1.87418e-07 7.25816e-10 3.06388e-16) (1.02291e-07 -1.50489e-10 1.1305e-11)) ((1.07806e-12 -1.39502e-12 5.71438e-17) (-1.68529e-13 6.48804e-13 -1.9252e-11)))
905	(((1.87404e-07 7.12332e-10 3.06007e-16) (1.0229e-07 -1.50393e-10 1.13485e-11)) ((1.06704e-12 -1.38699e-12 5.71275e-17) (-1.66919e-13 6.47519e-13 -1.92523e-11)))
906	(((1.8739e-07 6.93822e-10 3.06175e-16) (1.0229e-07 -1.5048e-10 1.12924e-11)) ((1.07852e-12 -1.39776e-12 5.71434e-17) (-1.68237e-13 6.49035e-13 -1.92537e-11)))
907	(((1.87396e-07 6.95405e-10 3.05843e-16) (1.02289e-07 -1.50581e-10 1.1353e-11)) ((1.06597e-12 -1.38718e-12 5.71738e-17) (-1.66683e-13 6.47722e-13 -1.92536e-11)))
908	(((1.87402e-07 7.03549e-10 3.06511e-16) (1.02289e-07 -1.50672e-10 1.13196e-11)) ((1.07683e-12 -1.39469e-12 5.71701e-17) (-1.68284e-13 6.4902e-13 -1.9253e-11)))
909	(((1.8741e-07 7.19211e-10 3.05958e-16) (1.02289e-07 -1.50607e-10 1.13475e-11)) ((1.06695e-12 -1.38664e-12 5.71192e-17) (-1.67256e-13 6.47869e-13 -1.92508e-11)))
910	(((1.87407e-07 7.21517e-10 3.06737e-16) (1.02288e-07 -1.50503e-10 1.13255e-11)) ((1.07418e-12 -1.39343e-12 5.71513e-17) (-1.67741e-13 6.48514e-13 -1.92505e-11)))
911	(((1.87406e-07 7.1605e-10 3.06021e-16) (1.02288e-07 -1.50407e-10 1.13613e-11)) ((1.06485e-12 -1.38561e-12 5.71831e-17) (-1.66483e-13 6.47331e-13 -1.925e-11)))
912	(((1.87391e-07 6.95988e-10 3.06594e-16) (1.02287e-07 -1.50478e-10 1.13199e-11)) ((1.07807e-12 -1.39582e-12 5.71939e-17) (-1.68179e-13 6.48829e-13 -1.9251e-11)))
913	(((1.87388e-07 6.91074e-10 3.06141e-16) (1.02287e-07 -1.50592e-10 1.13588e-11)) ((1.06751e-12 -1.38778e-12 5.71536e-17) (-1.66974e-13 6.47974e-13 -1.92514e-11)))
914	(((1.87396e-07 7.03108e-10 3.06924e-16) (1.02287e-07 -1.50701e-10 1.13067e-11)) ((1.08047e-12 -1.39829e-12 5.71406e-17) (-1.68866e-13 6.49676e-13 -1.92505e-11)))
915	(((1.87408e-07 7.20803e-10 3.05655e-16) (1.02287e-07 -1.50621e-10 1.1342e-11)) ((1.06832e-12 -1.38625e-12 5.71477e-17) (-1.676e-13 6.47775e-13 -1.92487e-11)))
916	(((1.87404e-07 7.20096e-10 3.05881e-16) (1.02286e-07 -1.50546e-10 1.12921e-11)) ((1.07537e-12 -1.39458e-12 5.71101e-17) (-1.6806e-13 6.48638e-13 -1.92476e-11)))
917	(((1.87396e-07 7.10961e-10 3.0588e-16) (1.02286e-07 -1.50468e-10 1.13311e-11)) ((1.06731e-12 -1.3887e-12 5.71277e-17) (-1.66978e-13 6.47765e-13 -1.92474e-11)))
918	(((1.87386e-07 6.95252e-10 3.06629e-16) (1.02285e-07 -1.50545e-10 1.13084e-11)) ((1.07868e-12 -1.39684e-12 5.71648e-17) (-1.68315e-13 6.48938e-13 -1.92483e-11)))
919	(((1.87391e-07 6.96487e-10 3.05942e-16) (1.02285e-07 -1.50635e-10 1.13684e-11)) ((1.06515e-12 -1.38517e-12 5.71757e-17) (-1.66644e-13 6.47493e-13 -1.92479e-11)))
920	(((1.874e-07 7.08714e-10 3.0718e-16) (1.02285e-07 -1.50694e-10 1.13343e-11)) ((1.0754e-12 -1.3956e-12 5.72293e-17) (-1.67857e-13 6.49237e-13 -1.92474e-11)))
921	(((1.87403e-07 7.19357e-10 3.06215e-16) (1.02285e-07 -1.50615e-10 1.13593e-11)) ((1.06587e-12 -1.38674e-12 5.71491e-17) (-1.66883e-13 6.47926e-13 -1.92458e-11)))
922	(((1.87395e-07 7.17692e-10 3.0649e-16) (1.02284e-07 -1.50539e-10 1.13078e-11)) ((1.0787e-12 -1.39582e-12 5.71128e-17) (-1.68502e-13 6.48905e-13 -1.92453e-11)))
923	(((1.87393e-07 7.1145e-10 3.05919e-16) (1.02284e-07 -1.50466e-10 1.13479e-11)) ((1.06774e-12 -1.38731e-12 5.71411e-17) (-1.67004e-13 6.47603e-13 -1.92449e-11)))
924	(((1.87383e-07 6.93664e-10 3.06621e-16) (1.02283e-07 -1.50556e-10 1.13138e-11)) ((1.07873e-12 -1.39639e-12 5.71652e-17) (-1.68405e-13 6.48965e-13 -1.92459e-11)))
925	(((1.87382e-07 6.91897e-10 3.05855e-16) (1.02283e-07 -1.50666e-10 1.13448e-11)) ((1.06935e-12 -1.38817e-12 5.71701e-17) (-1.67613e-13 6.48073e-13 -1.92467e-11)))
926	(((1.87392e-07 7.06123e-10 3.06576e-16) (1.02283e-07 -1.50764e-10 1.13013e-11)) ((1.07963e-12 -1.39738e-12 5.71638e-17) (-1.68984e-13 6.49481e-13 -1.92454e-11)))
927	(((1.87402e-07 7.21641e-10 3.05757e-16) (1.02283e-07 -1.50676e-10 1.13525e-11)) ((1.06473e-12 -1.38492e-12 5.71339e-17) (-1.66967e-13 6.47517e-13 -1.92429e-11)))
928	(((1.87396e-07 7.19549e-10 3.06204e-16) (1.02282e-07 -1.5058e-10 1.13142e-11)) ((1.07544e-12 -1.39303e-12 5.71291e-17) (-1.68145e-13 6.48403e-13 -1.92421e-11)))
929	(((1.87386e-07 7.08614e-10 3.05926e-16) (1.02282e-07 -1.5051e-10 1.13471e-11)) ((1.06713e-12 -1.38748e-12 5.71286e-17) (-1.6699e-13 6.47642e-13 -1.92423e-11)))
930	(((1.87378e-07 6.93551e-10 3.06525e-16) (1.02281e-07 -1.50605e-10 1.13173e-11)) ((1.0785e-12 -1.39597e-12 5.71568e-17) (-1.68484e-13 6.489e-13 -1.92432e-11)))
931	(((1.87385e-07 6.96449e-10 3.06028e-16) (1.02281e-07 -1.50698e-10 1.13787e-11)) ((1.05959e-12 -1.38433e-12 5.71795e-17) (-1.65591e-13 6.47513e-13 -1.9243e-11)))
932	(((1.87395e-07 7.09564e-10 3.0674e-16) (1.02281e-07 -1.50765e-10 1.13177e-11)) ((1.07636e-12 -1.39594e-12 5.71899e-17) (-1.68178e-13 6.49377e-13 -1.92416e-11)))
933	(((1.87396e-07 7.19888e-10 3.06017e-16) (1.02281e-07 -1.50671e-10 1.13482e-11)) ((1.06698e-12 -1.38675e-12 5.7127e-17) (-1.67104e-13 6.47925e-13 -1.92397e-11)))
934	(((1.87387e-07 7.17015e-10 3.06496e-16) (1.0228e-07 -1.50591e-10 1.13034e-11)) ((1.07927e-12 -1.39571e-12 5.71047e-17) (-1.68606e-13 6.48864e-13 -1.92393e-11)))
935	(((1.87384e-07 7.09705e-10 3.05607e-16) (1.0228e-07 -1.50518e-10 1.13369e-11)) ((1.06971e-12 -1.38737e-12 5.71663e-17) (-1.67552e-13 6.47579e-13 -1.92398e-11)))
936	(((1.87376e-07 6.93095e-10 3.0643e-16) (1.02279e-07 -1.50619e-10 1.13096e-11)) ((1.079e-12 -1.3961e-12 5.71857e-17) (-1.68682e-13 6.48899e-13 -1.92411e-11)))
937	(((1.87376e-07 6.92788e-10 3.06067e-16) (1.02279e-07 -1.50732e-10 1.13571e-11)) ((1.06608e-12 -1.387e-12 5.71471e-17) (-1.67093e-13 6.4795e-13 -1.92411e-11)))
938	(((1.87392e-07 7.10424e-10 3.06674e-16) (1.02279e-07 -1.50798e-10 1.1312e-11)) ((1.07768e-12 -1.39604e-12 5.71691e-17) (-1.68642e-13 6.49351e-13 -1.92391e-11)))
939	(((1.87394e-07 7.20884e-10 3.05937e-16) (1.02279e-07 -1.50696e-10 1.13484e-11)) ((1.06616e-12 -1.38638e-12 5.71155e-17) (-1.67107e-13 6.47815e-13 -1.9237e-11)))
940	(((1.87385e-07 7.17114e-10 3.0637e-16) (1.02278e-07 -1.50616e-10 1.13059e-11)) ((1.07821e-12 -1.39518e-12 5.71078e-17) (-1.68542e-13 6.48728e-13 -1.92365e-11)))
941	(((1.8738e-07 7.07665e-10 3.05878e-16) (1.02278e-07 -1.50557e-10 1.13671e-11)) ((1.05967e-12 -1.38446e-12 5.71527e-17) (-1.65394e-13 6.47143e-13 -1.9237e-11)))
942	(((1.87371e-07 6.92875e-10 3.06425e-16) (1.02278e-07 -1.50663e-10 1.13297e-11)) ((1.07397e-12 -1.39381e-12 5.71771e-17) (-1.67494e-13 6.48664e-13 -1.92382e-11)))
943	(((1.87379e-07 6.97629e-10 3.06116e-16) (1.02277e-07 -1.50755e-10 1.13582e-11)) ((1.06692e-12 -1.3876e-12 5.71736e-17) (-1.66933e-13 6.48194e-13 -1.92376e-11)))
944	(((1.87385e-07 7.08188e-10 3.06636e-16) (1.02277e-07 -1.50806e-10 1.13139e-11)) ((1.07871e-12 -1.3957e-12 5.7146e-17) (-1.68673e-13 6.49375e-13 -1.92363e-11)))
945	(((1.87393e-07 7.22974e-10 3.05408e-16) (1.02277e-07 -1.50691e-10 1.13495e-11)) ((1.06635e-12 -1.38377e-12 5.71431e-17) (-1.67354e-13 6.47429e-13 -1.92344e-11)))
946	(((1.87389e-07 7.20731e-10 3.0622e-16) (1.02277e-07 -1.50602e-10 1.13016e-11)) ((1.07806e-12 -1.39443e-12 5.71529e-17) (-1.68754e-13 6.48678e-13 -1.92338e-11)))
947	(((1.87374e-07 7.04616e-10 3.05897e-16) (1.02276e-07 -1.50557e-10 1.13477e-11)) ((1.06625e-12 -1.3865e-12 5.71311e-17) (-1.67038e-13 6.47524e-13 -1.92345e-11)))
948	(((1.87369e-07 6.93475e-10 3.06474e-16) (1.02276e-07 -1.50671e-10 1.13237e-11)) ((1.07597e-12 -1.39423e-12 5.71674e-17) (-1.68123e-13 6.48714e-13 -1.92353e-11)))
949	(((1.87371e-07 6.95113e-10 3.06e-16) (1.02276e-07 -1.50768e-10 1.13673e-11)) ((1.06477e-12 -1.3856e-12 5.71401e-17) (-1.66752e-13 6.47842e-13 -1.92353e-11)))
950	(((1.87386e-07 7.1162e-10 3.06635e-16) (1.02276e-07 -1.50818e-10 1.13142e-11)) ((1.07835e-12 -1.39593e-12 5.71611e-17) (-1.68709e-13 6.49397e-13 -1.92334e-11)))
951	(((1.8739e-07 7.2209e-10 3.05576e-16) (1.02275e-07 -1.50717e-10 1.13347e-11)) ((1.06471e-12 -1.3868e-12 5.70913e-17) (-1.66786e-13 6.47915e-13 -1.92309e-11)))
952	(((1.87381e-07 7.1818e-10 3.0665e-16) (1.02275e-07 -1.50617e-10 1.13155e-11)) ((1.07393e-12 -1.3943e-12 5.71404e-17) (-1.67587e-13 6.48657e-13 -1.92313e-11)))
953	(((1.87378e-07 7.0957e-10 3.06107e-16) (1.02274e-07 -1.50561e-10 1.13561e-11)) ((1.06545e-12 -1.38636e-12 5.71792e-17) (-1.66533e-13 6.47547e-13 -1.92316e-11)))
954	(((1.87367e-07 6.9286e-10 3.0665e-16) (1.02274e-07 -1.50667e-10 1.13217e-11)) ((1.078e-12 -1.39554e-12 5.71866e-17) (-1.68216e-13 6.48979e-13 -1.92329e-11)))
955	(((1.87367e-07 6.94074e-10 3.05759e-16) (1.02274e-07 -1.50759e-10 1.13498e-11)) ((1.06906e-12 -1.38732e-12 5.71669e-17) (-1.67571e-13 6.48142e-13 -1.92336e-11)))
956	(((1.87376e-07 7.07613e-10 3.06428e-16) (1.02274e-07 -1.50825e-10 1.13055e-11)) ((1.07927e-12 -1.39592e-12 5.71316e-17) (-1.6905e-13 6.49378e-13 -1.92326e-11)))
957	(((1.87385e-07 7.22007e-10 3.05582e-16) (1.02274e-07 -1.50725e-10 1.13572e-11)) ((1.0634e-12 -1.38296e-12 5.71056e-17) (-1.66929e-13 6.47324e-13 -1.92304e-11)))
958	(((1.87383e-07 7.19553e-10 3.06364e-16) (1.02273e-07 -1.50643e-10 1.13046e-11)) ((1.07685e-12 -1.39456e-12 5.71438e-17) (-1.68506e-13 6.48766e-13 -1.92296e-11)))
959	(((1.87368e-07 7.0292e-10 3.05963e-16) (1.02273e-07 -1.50608e-10 1.13488e-11)) ((1.0664e-12 -1.38691e-12 5.71376e-17) (-1.66919e-13 6.47631e-13 -1.92302e-11)))
960	(((1.87359e-07 6.90526e-10 3.06622e-16) (1.02272e-07 -1.50738e-10 1.13178e-11)) ((1.07813e-12 -1.39604e-12 5.71543e-17) (-1.68362e-13 6.49004e-13 -1.92314e-11)))
961	(((1.87372e-07 7.00773e-10 3.05753e-16) (1.02272e-07 -1.5083e-10 1.13494e-11)) ((1.06417e-12 -1.38721e-12 5.71462e-17) (-1.66468e-13 6.48075e-13 -1.92299e-11)))
962	(((1.87379e-07 7.11544e-10 3.06645e-16) (1.02272e-07 -1.50846e-10 1.13217e-11)) ((1.07413e-12 -1.39421e-12 5.71618e-17) (-1.67824e-13 6.49095e-13 -1.92291e-11)))
963	(((1.87379e-07 7.19703e-10 3.0591e-16) (1.02272e-07 -1.50738e-10 1.13546e-11)) ((1.06451e-12 -1.38477e-12 5.71012e-17) (-1.6676e-13 6.47658e-13 -1.92279e-11)))
964	(((1.87375e-07 7.16652e-10 3.06577e-16) (1.02272e-07 -1.50667e-10 1.13004e-11)) ((1.07943e-12 -1.39637e-12 5.71231e-17) (-1.68648e-13 6.49063e-13 -1.92275e-11)))
965	(((1.87367e-07 7.03521e-10 3.05508e-16) (1.02271e-07 -1.50623e-10 1.13445e-11)) ((1.06833e-12 -1.38599e-12 5.71732e-17) (-1.6732e-13 6.47441e-13 -1.92285e-11)))
966	(((1.87358e-07 6.89631e-10 3.06338e-16) (1.02271e-07 -1.50755e-10 1.13149e-11)) ((1.07821e-12 -1.39509e-12 5.71849e-17) (-1.68576e-13 6.48844e-13 -1.92298e-11)))
967	(((1.87361e-07 6.94647e-10 3.05993e-16) (1.02271e-07 -1.50862e-10 1.13605e-11)) ((1.06537e-12 -1.38597e-12 5.71379e-17) (-1.6706e-13 6.47949e-13 -1.92296e-11)))
968	(((1.87377e-07 7.13224e-10 3.06642e-16) (1.02271e-07 -1.50901e-10 1.13102e-11)) ((1.07752e-12 -1.39562e-12 5.71464e-17) (-1.68731e-13 6.49376e-13 -1.92275e-11)))
969	(((1.8738e-07 7.21881e-10 3.05985e-16) (1.0227e-07 -1.50782e-10 1.13434e-11)) ((1.06658e-12 -1.38669e-12 5.70992e-17) (-1.67241e-13 6.47929e-13 -1.92255e-11)))
970	(((1.87375e-07 7.17586e-10 3.06199e-16) (1.0227e-07 -1.50701e-10 1.13151e-11)) ((1.07586e-12 -1.39262e-12 5.71284e-17) (-1.68203e-13 6.48392e-13 -1.92249e-11)))
971	(((1.87364e-07 7.02912e-10 3.05755e-16) (1.02269e-07 -1.50677e-10 1.13436e-11)) ((1.06671e-12 -1.3869e-12 5.71271e-17) (-1.67046e-13 6.47626e-13 -1.92251e-11)))
972	(((1.87355e-07 6.91056e-10 3.06829e-16) (1.02269e-07 -1.50791e-10 1.13251e-11)) ((1.07551e-12 -1.39537e-12 5.71799e-17) (-1.67957e-13 6.48991e-13 -1.92268e-11)))
973	(((1.87369e-07 7.03397e-10 3.06255e-16) (1.02269e-07 -1.50859e-10 1.13645e-11)) ((1.06514e-12 -1.38641e-12 5.71963e-17) (-1.6683e-13 6.48114e-13 -1.92259e-11)))
974	(((1.87373e-07 7.12546e-10 3.06626e-16) (1.02269e-07 -1.50873e-10 1.13169e-11)) ((1.07722e-12 -1.39469e-12 5.71524e-17) (-1.68507e-13 6.49259e-13 -1.92245e-11)))
975	(((1.87373e-07 7.18916e-10 3.05553e-16) (1.02269e-07 -1.50754e-10 1.13347e-11)) ((1.06877e-12 -1.38625e-12 5.71134e-17) (-1.67715e-13 6.47864e-13 -1.92238e-11)))
976	(((1.87365e-07 7.11982e-10 3.06385e-16) (1.02268e-07 -1.50704e-10 1.129e-11)) ((1.08075e-12 -1.39678e-12 5.71115e-17) (-1.69109e-13 6.4906e-13 -1.9224e-11)))
977	(((1.87358e-07 6.99755e-10 3.05752e-16) (1.02268e-07 -1.50705e-10 1.13491e-11)) ((1.06548e-12 -1.38575e-12 5.71282e-17) (-1.66887e-13 6.47403e-13 -1.92244e-11)))
978	(((1.87355e-07 6.90993e-10 3.06621e-16) (1.02268e-07 -1.50845e-10 1.13129e-11)) ((1.07776e-12 -1.3963e-12 5.71712e-17) (-1.68463e-13 6.49101e-13 -1.92251e-11)))
979	(((1.87359e-07 6.98259e-10 3.06158e-16) (1.02268e-07 -1.50928e-10 1.13564e-11)) ((1.06651e-12 -1.38738e-12 5.71423e-17) (-1.67099e-13 6.48212e-13 -1.92244e-11)))
980	(((1.87374e-07 7.16509e-10 3.06701e-16) (1.02268e-07 -1.50938e-10 1.13027e-11)) ((1.07973e-12 -1.39725e-12 5.71521e-17) (-1.68953e-13 6.49587e-13 -1.92221e-11)))
981	(((1.87374e-07 7.22482e-10 3.06209e-16) (1.02267e-07 -1.50798e-10 1.1343e-11)) ((1.0672e-12 -1.3877e-12 5.71152e-17) (-1.67214e-13 6.48018e-13 -1.92208e-11)))
982	(((1.87367e-07 7.14763e-10 3.06398e-16) (1.02267e-07 -1.50722e-10 1.13138e-11)) ((1.07681e-12 -1.39381e-12 5.71384e-17) (-1.68297e-13 6.48532e-13 -1.92209e-11)))
983	(((1.87354e-07 6.9794e-10 3.05558e-16) (1.02266e-07 -1.50728e-10 1.13449e-11)) ((1.06386e-12 -1.38629e-12 5.71041e-17) (-1.6634e-13 6.47511e-13 -1.92215e-11)))
984	(((1.87353e-07 6.92029e-10 3.06588e-16) (1.02266e-07 -1.50862e-10 1.13026e-11)) ((1.07899e-12 -1.39805e-12 5.71578e-17) (-1.6847e-13 6.49405e-13 -1.92219e-11)))
985	(((1.87362e-07 7.03047e-10 3.0561e-16) (1.02266e-07 -1.50909e-10 1.13486e-11)) ((1.06771e-12 -1.38613e-12 5.71919e-17) (-1.67402e-13 6.47995e-13 -1.92216e-11)))
986	(((1.87369e-07 7.14291e-10 3.0623e-16) (1.02266e-07 -1.50915e-10 1.13126e-11)) ((1.07711e-12 -1.39324e-12 5.71548e-17) (-1.68708e-13 6.48906e-13 -1.92203e-11)))
987	(((1.8737e-07 7.21826e-10 3.05801e-16) (1.02266e-07 -1.50794e-10 1.13436e-11)) ((1.06606e-12 -1.38544e-12 5.70977e-17) (-1.67316e-13 6.47646e-13 -1.92188e-11)))
988	(((1.87363e-07 7.13545e-10 3.06202e-16) (1.02265e-07 -1.50728e-10 1.1311e-11)) ((1.07589e-12 -1.39296e-12 5.71141e-17) (-1.68365e-13 6.48396e-13 -1.92187e-11)))
989	(((1.87353e-07 6.99489e-10 3.06394e-16) (1.02265e-07 -1.50713e-10 1.13669e-11)) ((1.06335e-12 -1.38632e-12 5.71647e-17) (-1.66251e-13 6.47547e-13 -1.92202e-11)))
990	(((1.87351e-07 6.92514e-10 3.06708e-16) (1.02265e-07 -1.50849e-10 1.13316e-11)) ((1.07565e-12 -1.39462e-12 5.71906e-17) (-1.67885e-13 6.48904e-13 -1.92208e-11)))
991	(((1.87358e-07 7.02369e-10 3.06229e-16) (1.02265e-07 -1.50919e-10 1.13581e-11)) ((1.06748e-12 -1.38784e-12 5.71581e-17) (-1.67108e-13 6.4836e-13 -1.92198e-11)))
992	(((1.87369e-07 7.1693e-10 3.06478e-16) (1.02265e-07 -1.50912e-10 1.13148e-11)) ((1.07788e-12 -1.39444e-12 5.71393e-17) (-1.68682e-13 6.49181e-13 -1.92177e-11)))
993	(((1.87371e-07 7.23629e-10 3.05571e-16) (1.02264e-07 -1.50784e-10 1.1329e-11)) ((1.06483e-12 -1.3867e-12 5.70717e-17) (-1.6684e-13 6.47915e-13 -1.92156e-11)))
994	(((1.87361e-07 7.13474e-10 3.06253e-16) (1.02264e-07 -1.50718e-10 1.12971e-11)) ((1.07668e-12 -1.39472e-12 5.71044e-17) (-1.68291e-13 6.48733e-13 -1.92157e-11)))
995	(((1.87355e-07 7.02055e-10 3.05496e-16) (1.02264e-07 -1.50705e-10 1.13393e-11)) ((1.06777e-12 -1.38588e-12 5.71809e-17) (-1.67292e-13 6.47475e-13 -1.9217e-11)))
996	(((1.87347e-07 6.91253e-10 3.06368e-16) (1.02263e-07 -1.5084e-10 1.13144e-11)) ((1.07799e-12 -1.3946e-12 5.71927e-17) (-1.68567e-13 6.48855e-13 -1.92185e-11)))
997	(((1.87353e-07 7.00989e-10 3.06121e-16) (1.02263e-07 -1.5091e-10 1.13541e-11)) ((1.06688e-12 -1.38701e-12 5.71493e-17) (-1.67301e-13 6.48168e-13 -1.92181e-11)))
998	(((1.87362e-07 7.14782e-10 3.06596e-16) (1.02263e-07 -1.50906e-10 1.13082e-11)) ((1.07807e-12 -1.39562e-12 5.71154e-17) (-1.68827e-13 6.49277e-13 -1.92165e-11)))
999	(((1.87369e-07 7.24153e-10 3.0569e-16) (1.02263e-07 -1.50766e-10 1.13506e-11)) ((1.065e-12 -1.38438e-12 5.70985e-17) (-1.67061e-13 6.4744e-13 -1.92147e-11)))
1000	(((1.87358e-07 7.11955e-10 3.06679e-16) (1.02263e-07 -1.507e-10 1.13236e-11)) ((1.07424e-12 -1.39339e-12 5.71548e-17) (-1.67788e-13 6.48554e-13 -1.92157e-11)))
