# Time	forces(pressure, viscous) moment(pressure, viscous)
1	(((9.5119e-07 3.8615e-09 -5.95051e-16) (1.47547e-05 -1.19708e-09 7.10058e-11)) ((1.47622e-11 -4.27352e-11 -8.47944e-16) (-1.41777e-11 1.67325e-12 -1.23042e-10)))
2	(((1.38439e-06 7.09485e-09 3.15406e-15) (1.03146e-05 -2.15143e-09 1.29301e-10)) ((2.3901e-11 -5.00552e-11 -5.02272e-15) (-2.24877e-11 -3.86957e-12 -3.18638e-10)))
3	(((1.19603e-06 7.47529e-09 1.12521e-14) (7.81251e-06 -2.99307e-09 2.06676e-10)) ((1.3487e-11 -3.36276e-11 -1.05513e-14) (-2.80134e-11 2.44244e-12 -6.35677e-10)))
4	(((6.7615e-07 6.00686e-09 2.05444e-14) (6.35691e-06 -3.79893e-09 2.40605e-10)) ((-4.5926e-12 -8.33084e-12 -1.50982e-14) (-3.15023e-11 4.84393e-12 -9.52104e-10)))
5	(((1.96446e-07 4.55929e-09 2.61209e-14) (5.40175e-06 -4.38738e-09 2.5917e-10)) ((-1.3404e-11 1.09564e-11 -1.6888e-14) (-3.3524e-11 5.84151e-12 -1.2411e-09)))
6	(((-1.71629e-08 3.24727e-09 2.48548e-14) (4.74062e-06 -5.17799e-09 2.73681e-10)) ((-1.10206e-11 1.89718e-11 -1.60994e-14) (-3.59268e-11 2.80604e-12 -1.50673e-09)))
7	(((4.40966e-08 2.5938e-09 1.9465e-14) (4.25369e-06 -5.96423e-09 2.9944e-10)) ((-4.17684e-12 1.71712e-11 -1.37619e-14) (-4.29999e-11 -8.74073e-13 -1.73562e-09)))
8	(((2.52293e-07 2.70038e-09 1.28489e-14) (3.86903e-06 -6.65912e-09 3.31055e-10)) ((2.1212e-12 9.9712e-12 -1.10496e-14) (-4.89155e-11 -3.70375e-12 -1.92059e-09)))
9	(((4.43522e-07 2.5945e-09 7.81768e-15) (3.54662e-06 -7.24853e-09 3.16369e-10)) ((4.19104e-12 2.68052e-12 -8.96026e-15) (-5.28237e-11 -4.97604e-12 -2.05089e-09)))
10	(((5.219e-07 2.30992e-09 5.2963e-15) (3.26812e-06 -7.58026e-09 3.04578e-10)) ((1.87743e-12 -2.08826e-12 -7.76818e-15) (-5.49524e-11 -4.86117e-12 -2.13286e-09)))
11	(((4.84116e-07 2.42689e-09 5.15838e-15) (3.0266e-06 -7.71629e-09 2.48646e-10)) ((-3.89756e-12 -3.58343e-12 -7.16382e-15) (-5.59556e-11 -3.87508e-12 -2.17883e-09)))
12	(((3.90145e-07 2.67692e-09 5.85835e-15) (2.8184e-06 -7.60672e-09 1.8397e-10)) ((-1.07823e-11 -2.42062e-12 -6.8725e-15) (-5.53784e-11 -2.98455e-12 -2.19533e-09)))
13	(((3.06449e-07 2.93959e-09 6.18032e-15) (2.6394e-06 -7.4184e-09 1.49548e-10)) ((-1.51236e-11 5.29429e-13 -6.64303e-15) (-5.32158e-11 -2.80558e-12 -2.19103e-09)))
14	(((2.70228e-07 3.12856e-09 5.74575e-15) (2.48421e-06 -7.27825e-09 1.35701e-10)) ((-1.62132e-11 3.21214e-12 -6.29415e-15) (-5.11603e-11 -2.38459e-12 -2.17368e-09)))
15	(((2.81588e-07 3.10018e-09 4.71946e-15) (2.34736e-06 -7.17145e-09 1.37472e-10)) ((-1.48095e-11 4.85993e-12 -5.79614e-15) (-4.97207e-11 -1.79893e-12 -2.15064e-09)))
16	(((3.16089e-07 2.86723e-09 3.75125e-15) (2.22423e-06 -7.04654e-09 1.50447e-10)) ((-1.26916e-11 5.25965e-12 -5.24325e-15) (-4.87386e-11 -1.48192e-12 -2.12351e-09)))
17	(((3.46052e-07 2.62086e-09 3.27934e-15) (2.11159e-06 -6.92615e-09 1.61209e-10)) ((-1.08281e-11 5.05013e-12 -4.79578e-15) (-4.74096e-11 -1.14602e-12 -2.08994e-09)))
18	(((3.56049e-07 2.6201e-09 3.3102e-15) (2.00779e-06 -6.76647e-09 1.63632e-10)) ((-1.02596e-11 4.40107e-12 -4.41646e-15) (-4.59182e-11 -7.94011e-13 -2.05115e-09)))
19	(((3.46797e-07 2.79007e-09 3.65867e-15) (1.91223e-06 -6.59286e-09 1.58288e-10)) ((-1.08917e-11 3.87156e-12 -4.12859e-15) (-4.4428e-11 -3.37881e-13 -2.0069e-09)))
20	(((3.28931e-07 2.98028e-09 3.9852e-15) (1.82449e-06 -6.40088e-09 1.43903e-10)) ((-1.14121e-11 3.40552e-12 -3.87408e-15) (-4.28482e-11 2.31244e-13 -1.95933e-09)))
21	(((3.13759e-07 3.09319e-09 4.06719e-15) (1.74405e-06 -6.20526e-09 1.30377e-10)) ((-1.14634e-11 3.33217e-12 -3.6406e-15) (-4.12946e-11 7.21607e-13 -1.90966e-09)))
22	(((3.07045e-07 3.14641e-09 3.91085e-15) (1.6701e-06 -6.00771e-09 1.21778e-10)) ((-1.14437e-11 3.30677e-12 -3.41523e-15) (-3.98214e-11 1.16035e-12 -1.859e-09)))
23	(((3.08139e-07 3.15386e-09 3.43812e-15) (1.6017e-06 -5.8107e-09 1.14655e-10)) ((-1.12546e-11 3.42088e-12 -3.21224e-15) (-3.84043e-11 1.53932e-12 -1.80854e-09)))
24	(((3.12441e-07 3.07697e-09 2.81061e-15) (1.53799e-06 -5.60775e-09 1.11944e-10)) ((-1.1222e-11 3.5206e-12 -3.05124e-15) (-3.6813e-11 1.81444e-12 -1.75877e-09)))
25	(((3.15414e-07 2.95589e-09 2.26125e-15) (1.47831e-06 -5.39805e-09 1.05329e-10)) ((-1.15696e-11 3.33501e-12 -2.89932e-15) (-3.55856e-11 2.0829e-12 -1.71018e-09)))
26	(((3.14851e-07 2.86452e-09 1.82607e-15) (1.42225e-06 -5.20149e-09 1.00362e-10)) ((-1.20126e-11 3.12262e-12 -2.78345e-15) (-3.42549e-11 2.36851e-12 -1.66274e-09)))
27	(((3.11362e-07 2.7903e-09 1.57514e-15) (1.36955e-06 -5.01601e-09 9.64013e-11)) ((-1.26148e-11 2.70722e-12 -2.69368e-15) (-3.29835e-11 2.71057e-12 -1.61621e-09)))
28	(((3.06971e-07 2.76943e-09 1.44467e-15) (1.32002e-06 -4.85116e-09 9.243e-11)) ((-1.31361e-11 2.62505e-12 -2.59081e-15) (-3.17109e-11 2.96207e-12 -1.57043e-09)))
29	(((3.03458e-07 2.85334e-09 1.43412e-15) (1.27346e-06 -4.69768e-09 8.50519e-11)) ((-1.33903e-11 2.62498e-12 -2.48696e-15) (-3.05535e-11 3.22507e-12 -1.52552e-09)))
30	(((3.01464e-07 3.00172e-09 1.40916e-15) (1.22962e-06 -4.55042e-09 7.85422e-11)) ((-1.32982e-11 2.71928e-12 -2.38332e-15) (-2.94406e-11 3.48923e-12 -1.48171e-09)))
31	(((3.00535e-07 3.12281e-09 1.2771e-15) (1.18824e-06 -4.40876e-09 7.66163e-11)) ((-1.31479e-11 2.79615e-12 -2.28435e-15) (-2.83029e-11 3.7251e-12 -1.43899e-09)))
32	(((2.9978e-07 3.11195e-09 1.16632e-15) (1.14909e-06 -4.27141e-09 7.20572e-11)) ((-1.2666e-11 2.67656e-12 -2.19175e-15) (-2.73404e-11 3.9325e-12 -1.39762e-09)))
33	(((2.98521e-07 3.00132e-09 1.00796e-15) (1.11196e-06 -4.13685e-09 6.98466e-11)) ((-1.26866e-11 2.45619e-12 -2.11002e-15) (-2.62119e-11 4.03972e-12 -1.35772e-09)))
34	(((2.96628e-07 2.77109e-09 9.19933e-16) (1.07672e-06 -4.00633e-09 6.54206e-11)) ((-1.236e-11 2.02913e-12 -2.03579e-15) (-2.52932e-11 4.15566e-12 -1.31918e-09)))
35	(((2.94441e-07 2.62223e-09 8.54042e-16) (1.04324e-06 -3.88047e-09 6.42826e-11)) ((-1.23438e-11 1.69759e-12 -1.95675e-15) (-2.43143e-11 4.24451e-12 -1.28198e-09)))
36	(((2.92312e-07 2.5422e-09 8.69245e-16) (1.01141e-06 -3.75874e-09 6.14479e-11)) ((-1.20873e-11 1.48583e-12 -1.88373e-15) (-2.34594e-11 4.3189e-12 -1.24612e-09)))
37	(((2.90439e-07 2.54365e-09 8.57089e-16) (9.81123e-07 -3.64385e-09 5.95923e-11)) ((-1.1825e-11 1.47033e-12 -1.80851e-15) (-2.26666e-11 4.33881e-12 -1.21152e-09)))
38	(((2.88886e-07 2.57903e-09 8.05397e-16) (9.52274e-07 -3.53331e-09 5.52916e-11)) ((-1.13487e-11 1.49876e-12 -1.73674e-15) (-2.19491e-11 4.33434e-12 -1.17808e-09)))
39	(((2.8755e-07 2.672e-09 6.84843e-16) (9.24763e-07 -3.42582e-09 5.21374e-11)) ((-1.09057e-11 1.59605e-12 -1.67267e-15) (-2.11524e-11 4.29041e-12 -1.14593e-09)))
40	(((2.86292e-07 2.85084e-09 5.48208e-16) (8.98492e-07 -3.31892e-09 5.14657e-11)) ((-1.05857e-11 1.61525e-12 -1.61064e-15) (-2.02213e-11 4.26671e-12 -1.11492e-09)))
41	(((2.84942e-07 2.95868e-09 3.73809e-16) (8.73379e-07 -3.2171e-09 4.851e-11)) ((-1.02647e-11 1.61663e-12 -1.55662e-15) (-1.94638e-11 4.20848e-12 -1.08497e-09)))
42	(((2.83487e-07 3.0541e-09 2.58311e-16) (8.49353e-07 -3.1182e-09 4.58221e-11)) ((-1.00946e-11 1.49759e-12 -1.50826e-15) (-1.86932e-11 4.17157e-12 -1.05594e-09)))
43	(((2.81993e-07 3.08111e-09 2.11409e-16) (8.26349e-07 -3.02316e-09 4.37029e-11)) ((-1.00608e-11 1.29492e-12 -1.46577e-15) (-1.79139e-11 4.14268e-12 -1.02786e-09)))
44	(((2.80581e-07 3.1399e-09 1.9304e-16) (8.04308e-07 -2.93106e-09 4.0997e-11)) ((-9.90715e-12 1.13417e-12 -1.42941e-15) (-1.71994e-11 4.12579e-12 -1.00071e-09)))
45	(((2.79321e-07 3.18162e-09 2.14925e-16) (7.83175e-07 -2.84086e-09 3.9434e-11)) ((-9.84291e-12 9.44442e-13 -1.39435e-15) (-1.64835e-11 4.09468e-12 -9.74484e-10)))
46	(((2.78114e-07 3.18799e-09 2.29761e-16) (7.62899e-07 -2.75265e-09 3.79768e-11)) ((-9.60074e-12 7.78756e-13 -1.35794e-15) (-1.58244e-11 4.04558e-12 -9.49232e-10)))
47	(((2.76973e-07 3.12843e-09 2.85324e-16) (7.43429e-07 -2.66904e-09 3.65151e-11)) ((-9.53024e-12 6.05525e-13 -1.32432e-15) (-1.52067e-11 3.97967e-12 -9.2487e-10)))
48	(((2.75815e-07 3.04707e-09 3.27185e-16) (7.24726e-07 -2.58879e-09 3.64156e-11)) ((-9.21912e-12 3.76677e-13 -1.28848e-15) (-1.45793e-11 3.93374e-12 -9.01372e-10)))
49	(((2.7469e-07 2.959e-09 3.81141e-16) (7.06743e-07 -2.51143e-09 3.44561e-11)) ((-9.11005e-12 1.70558e-13 -1.25451e-15) (-1.40728e-11 3.85516e-12 -8.78624e-10)))
50	(((2.73505e-07 2.87457e-09 3.90146e-16) (6.89445e-07 -2.43695e-09 3.37172e-11)) ((-8.85197e-12 4.75047e-15 -1.2198e-15) (-1.34951e-11 3.79268e-12 -8.56638e-10)))
51	(((2.72347e-07 2.74502e-09 4.14687e-16) (6.72795e-07 -2.36618e-09 3.32195e-11)) ((-8.62992e-12 -1.12136e-13 -1.18996e-15) (-1.29045e-11 3.74019e-12 -8.35282e-10)))
52	(((2.71188e-07 2.70797e-09 4.59374e-16) (6.56763e-07 -2.29824e-09 3.26157e-11)) ((-8.16782e-12 -1.26911e-13 -1.15551e-15) (-1.23982e-11 3.69266e-12 -8.14598e-10)))
53	(((2.70101e-07 2.63271e-09 5.19944e-16) (6.41317e-07 -2.23307e-09 3.03929e-11)) ((-7.61405e-12 -1.31808e-13 -1.12566e-15) (-1.20306e-11 3.61647e-12 -7.94527e-10)))
54	(((2.68997e-07 2.61666e-09 4.78193e-16) (6.26432e-07 -2.17012e-09 3.06953e-11)) ((-7.3091e-12 -2.73867e-14 -1.09432e-15) (-1.15114e-11 3.51506e-12 -7.75012e-10)))
55	(((2.6796e-07 2.58301e-09 4.62004e-16) (6.12075e-07 -2.10888e-09 3.04874e-11)) ((-6.80279e-12 8.11385e-15 -1.06499e-15) (-1.10788e-11 3.4616e-12 -7.56081e-10)))
56	(((2.66883e-07 2.59925e-09 3.79461e-16) (5.98222e-07 -2.05088e-09 2.98015e-11)) ((-6.58287e-12 8.57142e-14 -1.03407e-15) (-1.062e-11 3.40542e-12 -7.37787e-10)))
57	(((2.65835e-07 2.51576e-09 3.45408e-16) (5.8485e-07 -1.99455e-09 2.75065e-11)) ((-6.52273e-12 -2.8848e-14 -1.0055e-15) (-1.01286e-11 3.38768e-12 -7.20231e-10)))
58	(((2.64783e-07 2.51932e-09 2.87897e-16) (5.71933e-07 -1.94172e-09 2.58703e-11)) ((-6.37444e-12 -1.6599e-14 -9.77153e-16) (-9.68598e-12 3.36892e-12 -7.03273e-10)))
59	(((2.63747e-07 2.40704e-09 2.14701e-16) (5.59455e-07 -1.89052e-09 2.37816e-11)) ((-6.08504e-12 2.44772e-14 -9.50215e-16) (-9.27649e-12 3.33597e-12 -6.86958e-10)))
60	(((2.62775e-07 2.33312e-09 2.05124e-16) (5.47393e-07 -1.84223e-09 2.08463e-11)) ((-5.96342e-12 -1.5559e-13 -9.26607e-16) (-8.8837e-12 3.34859e-12 -6.71204e-10)))
61	(((2.61813e-07 2.25701e-09 1.86273e-16) (5.35733e-07 -1.79596e-09 1.87148e-11)) ((-5.77506e-12 -9.06422e-14 -8.9763e-16) (-8.52891e-12 3.3148e-12 -6.55949e-10)))
62	(((2.60895e-07 2.17784e-09 1.63874e-16) (5.24453e-07 -1.75179e-09 1.80301e-11)) ((-5.61454e-12 -9.86252e-14 -8.7331e-16) (-8.22331e-12 3.25235e-12 -6.41133e-10)))
63	(((2.60023e-07 2.09468e-09 1.23562e-16) (5.13536e-07 -1.7081e-09 1.68982e-11)) ((-5.43806e-12 -1.41025e-14 -8.52622e-16) (-7.96264e-12 3.17277e-12 -6.26722e-10)))
64	(((2.59082e-07 2.08989e-09 1.16861e-16) (5.02968e-07 -1.66726e-09 1.72831e-11)) ((-5.30471e-12 -1.44108e-14 -8.30529e-16) (-7.68709e-12 3.08726e-12 -6.12681e-10)))
65	(((2.58129e-07 2.04783e-09 1.10995e-16) (4.92735e-07 -1.62745e-09 1.7684e-11)) ((-5.09365e-12 7.88045e-15 -8.11219e-16) (-7.4439e-12 3.00732e-12 -5.98995e-10)))
66	(((2.57243e-07 2.02176e-09 1.38074e-16) (4.82821e-07 -1.58992e-09 1.73774e-11)) ((-4.78511e-12 2.38028e-15 -7.91009e-16) (-7.2373e-12 2.93204e-12 -5.85583e-10)))
67	(((2.56311e-07 1.94534e-09 1.76055e-16) (4.73216e-07 -1.55422e-09 1.63063e-11)) ((-4.66733e-12 -5.73013e-14 -7.71099e-16) (-6.99162e-12 2.88886e-12 -5.72554e-10)))
68	(((2.55428e-07 1.88915e-09 1.46516e-16) (4.63905e-07 -1.51905e-09 1.52844e-11)) ((-4.68069e-12 -6.60952e-14 -7.4613e-16) (-6.72246e-12 2.84044e-12 -5.598e-10)))
69	(((2.5456e-07 1.85188e-09 1.64594e-16) (4.54879e-07 -1.48561e-09 1.41249e-11)) ((-4.11341e-12 -9.79977e-14 -7.25896e-16) (-6.59098e-12 2.79717e-12 -5.4741e-10)))
70	(((2.53715e-07 1.81174e-09 1.31838e-16) (4.46127e-07 -1.45409e-09 1.41894e-11)) ((-4.08004e-12 4.53278e-16 -7.05282e-16) (-6.37103e-12 2.72281e-12 -5.35298e-10)))
71	(((2.52888e-07 1.81994e-09 1.86515e-16) (4.3764e-07 -1.42343e-09 1.34403e-11)) ((-3.71445e-12 -7.74777e-14 -6.8208e-16) (-6.20888e-12 2.66848e-12 -5.23458e-10)))
72	(((2.52068e-07 1.80671e-09 1.77394e-16) (4.29406e-07 -1.39385e-09 1.27634e-11)) ((-3.52351e-12 -6.09728e-14 -6.60786e-16) (-6.01211e-12 2.60446e-12 -5.11877e-10)))
73	(((2.51277e-07 1.69771e-09 1.82667e-16) (4.21418e-07 -1.36526e-09 1.3204e-11)) ((-3.31179e-12 8.97005e-15 -6.39516e-16) (-5.85637e-12 2.53229e-12 -5.00605e-10)))
74	(((2.5048e-07 1.71055e-09 1.81702e-16) (4.13665e-07 -1.33814e-09 1.37505e-11)) ((-2.89681e-12 2.37415e-14 -6.18687e-16) (-5.74128e-12 2.46224e-12 -4.89549e-10)))
75	(((2.49646e-07 1.66053e-09 1.91067e-16) (4.06141e-07 -1.311e-09 1.26512e-11)) ((-3.00067e-12 -6.99485e-15 -5.97026e-16) (-5.54633e-12 2.41873e-12 -4.78806e-10)))
76	(((2.48883e-07 1.63581e-09 1.57653e-16) (3.98834e-07 -1.28427e-09 1.24439e-11)) ((-3.05196e-12 4.21836e-14 -5.78643e-16) (-5.34116e-12 2.35262e-12 -4.68346e-10)))
77	(((2.48065e-07 1.59682e-09 1.89244e-16) (3.9174e-07 -1.25815e-09 1.16156e-11)) ((-2.85233e-12 -1.85027e-15 -5.58295e-16) (-5.13822e-12 2.32076e-12 -4.58158e-10)))
78	(((2.47275e-07 1.56616e-09 1.43114e-16) (3.8485e-07 -1.23264e-09 1.14254e-11)) ((-2.91332e-12 4.01659e-14 -5.43842e-16) (-4.95075e-12 2.26964e-12 -4.48219e-10)))
79	(((2.4658e-07 1.52128e-09 1.52543e-16) (3.78154e-07 -1.20705e-09 1.15683e-11)) ((-2.80035e-12 6.41477e-14 -5.24957e-16) (-4.72119e-12 2.18864e-12 -4.38567e-10)))
80	(((2.45819e-07 1.47456e-09 1.56372e-16) (3.71649e-07 -1.18291e-09 1.17701e-11)) ((-2.63022e-12 9.41521e-14 -5.08099e-16) (-4.55032e-12 2.10135e-12 -4.29152e-10)))
81	(((2.45155e-07 1.38819e-09 2.06839e-16) (3.65325e-07 -1.1584e-09 1.09935e-11)) ((-2.20008e-12 -1.94544e-15 -4.91736e-16) (-4.46884e-12 2.06112e-12 -4.20014e-10)))
82	(((2.44419e-07 1.37737e-09 2.19471e-16) (3.59179e-07 -1.13543e-09 1.11859e-11)) ((-2.36526e-12 1.08465e-13 -4.78974e-16) (-4.32176e-12 1.98512e-12 -4.11095e-10)))
83	(((2.43762e-07 1.29209e-09 3.25463e-16) (3.53204e-07 -1.11157e-09 9.50608e-12)) ((-2.30711e-12 3.0268e-15 -4.66835e-16) (-4.18316e-12 1.95398e-12 -4.02462e-10)))
84	(((2.43065e-07 1.26784e-09 3.40259e-16) (3.47393e-07 -1.08914e-09 9.14701e-12)) ((-2.19381e-12 4.29847e-14 -4.48945e-16) (-4.08003e-12 1.90624e-12 -3.9403e-10)))
85	(((2.42449e-07 1.18917e-09 4.33992e-16) (3.41741e-07 -1.06649e-09 7.36219e-12)) ((-2.05369e-12 -1.23127e-13 -4.32669e-16) (-3.96667e-12 1.8974e-12 -3.85829e-10)))
86	(((2.4175e-07 1.18696e-09 3.77515e-16) (3.36244e-07 -1.04532e-09 8.32145e-12)) ((-2.04971e-12 2.55536e-14 -4.21407e-16) (-3.87454e-12 1.82605e-12 -3.77807e-10)))
87	(((2.41128e-07 1.14977e-09 4.24544e-16) (3.30897e-07 -1.0241e-09 6.68809e-12)) ((-1.59413e-12 -1.57145e-13 -4.09317e-16) (-3.83693e-12 1.83117e-12 -3.70022e-10)))
88	(((2.40448e-07 1.11754e-09 3.79553e-16) (3.25694e-07 -1.00452e-09 7.15286e-12)) ((-2.0675e-12 -1.11669e-14 -3.99807e-16) (-3.65605e-12 1.75203e-12 -3.62414e-10)))
89	(((2.39871e-07 9.80418e-10 4.15622e-16) (3.20632e-07 -9.85589e-10 5.33018e-12)) ((-1.89242e-12 -1.65858e-13 -3.87729e-16) (-3.5771e-12 1.74425e-12 -3.5499e-10)))
90	(((2.39221e-07 9.72411e-10 3.44284e-16) (3.15703e-07 -9.68704e-10 6.71741e-12)) ((-2.10376e-12 -4.69687e-14 -3.77043e-16) (-3.43615e-12 1.6551e-12 -3.47706e-10)))
91	(((2.38705e-07 8.77237e-10 3.11436e-16) (3.10905e-07 -9.51623e-10 6.94988e-12)) ((-1.87717e-12 -2.23196e-15 -3.6468e-16) (-3.36917e-12 1.58346e-12 -3.40671e-10)))
92	(((2.38085e-07 8.61234e-10 3.45771e-16) (3.06234e-07 -9.3541e-10 7.18025e-12)) ((-2.11392e-12 -1.43126e-14 -3.50059e-16) (-3.22897e-12 1.51548e-12 -3.33825e-10)))
93	(((2.37516e-07 7.65765e-10 3.94968e-16) (3.01685e-07 -9.19418e-10 5.92183e-12)) ((-1.55511e-12 -1.42017e-13 -3.41946e-16) (-3.22257e-12 1.48779e-12 -3.27181e-10)))
94	(((2.36875e-07 7.31498e-10 3.43278e-16) (2.97257e-07 -9.03712e-10 6.54809e-12)) ((-1.89852e-12 -1.2206e-14 -3.31162e-16) (-3.08472e-12 1.40509e-12 -3.2069e-10)))
95	(((2.36324e-07 6.2839e-10 4.31398e-16) (2.92944e-07 -8.88339e-10 5.10112e-12)) ((-1.49128e-12 -1.24442e-13 -3.20002e-16) (-3.04261e-12 1.37982e-12 -3.14363e-10)))
96	(((2.35741e-07 5.70872e-10 3.87671e-16) (2.88743e-07 -8.72614e-10 4.74496e-12)) ((-1.66543e-12 -7.9838e-14 -3.11512e-16) (-2.92524e-12 1.32996e-12 -3.08231e-10)))
97	(((2.35239e-07 4.85414e-10 3.81539e-16) (2.84649e-07 -8.56929e-10 4.36329e-12)) ((-1.29846e-12 9.11807e-15 -3.04463e-16) (-2.86756e-12 1.2707e-12 -3.02246e-10)))
98	(((2.34722e-07 4.40104e-10 3.66286e-16) (2.8066e-07 -8.40734e-10 3.54617e-12)) ((-1.24448e-12 -2.70457e-14 -2.94954e-16) (-2.82283e-12 1.23755e-12 -2.96413e-10)))
99	(((2.3424e-07 3.31326e-10 3.90272e-16) (2.76773e-07 -8.25713e-10 3.10148e-12)) ((-1.03421e-12 -2.77519e-14 -2.86325e-16) (-2.73286e-12 1.19182e-12 -2.90685e-10)))
100	(((2.33729e-07 3.54471e-10 3.31155e-16) (2.72985e-07 -8.1087e-10 3.80328e-12)) ((-1.2961e-12 7.78172e-14 -2.78455e-16) (-2.643e-12 1.11951e-12 -2.85093e-10)))
101	(((2.33241e-07 2.73978e-10 3.89848e-16) (2.69292e-07 -7.9694e-10 2.45318e-12)) ((-8.92419e-13 -1.76145e-14 -2.68776e-16) (-2.58978e-12 1.0942e-12 -2.79557e-10)))
102	(((2.32727e-07 2.66282e-10 4.12321e-16) (2.65693e-07 -7.8253e-10 2.17805e-12)) ((-1.14405e-12 -2.84798e-14 -2.60164e-16) (-2.48959e-12 1.05486e-12 -2.74173e-10)))
103	(((2.32268e-07 1.74707e-10 4.28537e-16) (2.62184e-07 -7.68859e-10 2.06374e-12)) ((-1.09463e-12 -2.30735e-15 -2.53956e-16) (-2.37872e-12 1.01633e-12 -2.68841e-10)))
104	(((2.3179e-07 1.57283e-10 4.6034e-16) (2.58764e-07 -7.54742e-10 1.95415e-12)) ((-1.19932e-12 -1.97108e-14 -2.43945e-16) (-2.29546e-12 9.81641e-13 -2.63649e-10)))
105	(((2.31325e-07 5.57612e-11 4.36791e-16) (2.5543e-07 -7.40538e-10 2.37775e-12)) ((-1.07571e-12 -1.32716e-14 -2.33796e-16) (-2.19116e-12 9.50844e-13 -2.58568e-10)))
106	(((2.30858e-07 3.63134e-11 4.4346e-16) (2.52179e-07 -7.27321e-10 2.09396e-12)) ((-1.31014e-12 4.52969e-14 -2.24637e-16) (-2.09195e-12 9.12448e-13 -2.53571e-10)))
107	(((2.30425e-07 -2.07635e-11 4.5533e-16) (2.49007e-07 -7.15219e-10 1.63579e-12)) ((-8.00423e-13 -1.00221e-15 -2.16118e-16) (-2.04618e-12 9.07509e-13 -2.48643e-10)))
108	(((2.29992e-07 -3.58854e-11 3.67623e-16) (2.45916e-07 -7.0267e-10 2.3736e-12)) ((-9.234e-13 5.73884e-14 -2.0841e-16) (-1.96043e-12 8.72642e-13 -2.43832e-10)))
109	(((2.29583e-07 -7.82362e-11 4.10386e-16) (2.42901e-07 -6.915e-10 1.11073e-12)) ((-7.52913e-13 -5.41119e-15 -2.00256e-16) (-1.88073e-12 8.70235e-13 -2.39055e-10)))
110	(((2.29178e-07 -6.38965e-11 3.70474e-16) (2.39961e-07 -6.80151e-10 1.63857e-12)) ((-8.6462e-13 3.63117e-15 -1.92942e-16) (-1.8298e-12 8.45358e-13 -2.3437e-10)))
111	(((2.28804e-07 -1.79808e-10 4.43434e-16) (2.37093e-07 -6.6877e-10 5.82255e-13)) ((-6.95316e-13 -1.28746e-13 -1.86277e-16) (-1.79756e-12 8.5202e-13 -2.29771e-10)))
112	(((2.28403e-07 -2.09067e-10 3.86128e-16) (2.34296e-07 -6.57736e-10 1.12421e-12)) ((-1.11372e-12 -1.17607e-13 -1.78926e-16) (-1.71759e-12 8.26427e-13 -2.25273e-10)))
113	(((2.28006e-07 -2.57549e-10 3.93609e-16) (2.31567e-07 -6.47436e-10 9.8689e-13)) ((-5.66643e-13 -7.09612e-14 -1.72263e-16) (-1.74728e-12 7.94608e-13 -2.2082e-10)))
114	(((2.27603e-07 -2.68089e-10 3.6013e-16) (2.28908e-07 -6.36352e-10 1.808e-12)) ((-9.48251e-13 -7.19213e-14 -1.66638e-16) (-1.66345e-12 7.5339e-13 -2.1649e-10)))
115	(((2.27226e-07 -2.57031e-10 3.24063e-16) (2.26312e-07 -6.25898e-10 1.94823e-12)) ((-4.6605e-13 1.20724e-14 -1.58889e-16) (-1.68679e-12 7.21615e-13 -2.12219e-10)))
116	(((2.26882e-07 -2.89844e-10 3.26594e-16) (2.23781e-07 -6.15781e-10 2.59438e-12)) ((-7.20163e-13 1.43341e-14 -1.53087e-16) (-1.59225e-12 6.68218e-13 -2.08031e-10)))
117	(((2.26533e-07 -3.67423e-10 3.28228e-16) (2.21311e-07 -6.06066e-10 2.42789e-12)) ((-3.03217e-13 1.76951e-15 -1.45523e-16) (-1.61363e-12 6.54445e-13 -2.03906e-10)))
118	(((2.26178e-07 -3.859e-10 3.17198e-16) (2.18902e-07 -5.97587e-10 2.59625e-12)) ((-5.62178e-13 4.24286e-14 -1.39093e-16) (-1.56281e-12 6.22596e-13 -1.99833e-10)))
119	(((2.25825e-07 -4.06971e-10 3.40413e-16) (2.16551e-07 -5.88895e-10 2.22059e-12)) ((-2.28293e-13 2.32067e-14 -1.33646e-16) (-1.5518e-12 6.10429e-13 -1.95837e-10)))
120	(((2.25462e-07 -4.49377e-10 3.3792e-16) (2.14258e-07 -5.81536e-10 2.39231e-12)) ((-5.67935e-13 3.45671e-14 -1.27713e-16) (-1.47075e-12 5.73689e-13 -1.91903e-10)))
121	(((2.25121e-07 -4.77519e-10 3.24718e-16) (2.12021e-07 -5.73924e-10 2.43651e-12)) ((-1.54657e-13 5.44274e-14 -1.2071e-16) (-1.48836e-12 5.52371e-13 -1.88032e-10)))
122	(((2.24822e-07 -5.02499e-10 3.28849e-16) (2.09838e-07 -5.65913e-10 2.64825e-12)) ((-4.0307e-13 5.5065e-14 -1.17238e-16) (-1.44859e-12 5.27979e-13 -1.8428e-10)))
123	(((2.24526e-07 -5.2562e-10 3.538e-16) (2.07706e-07 -5.58686e-10 2.26912e-12)) ((-2.7199e-13 -2.14649e-14 -1.11572e-16) (-1.42247e-12 5.22591e-13 -1.80579e-10)))
124	(((2.2422e-07 -5.43338e-10 3.27562e-16) (2.05627e-07 -5.51335e-10 2.68297e-12)) ((-5.25511e-13 1.72803e-14 -1.07146e-16) (-1.35852e-12 4.95927e-13 -1.76962e-10)))
125	(((2.23941e-07 -5.29193e-10 3.17638e-16) (2.03597e-07 -5.44288e-10 2.65213e-12)) ((-2.35764e-13 4.19235e-14 -1.03361e-16) (-1.347e-12 4.7591e-13 -1.73407e-10)))
126	(((2.23628e-07 -6.03879e-10 3.13951e-16) (2.01616e-07 -5.36704e-10 2.60341e-12)) ((-3.53999e-13 4.72177e-14 -9.76452e-17) (-1.29651e-12 4.57988e-13 -1.69958e-10)))
127	(((2.23323e-07 -5.85564e-10 3.41372e-16) (1.99682e-07 -5.30124e-10 1.65224e-12)) ((-1.85266e-13 -3.52564e-14 -9.32719e-17) (-1.27261e-12 4.70695e-13 -1.66551e-10)))
128	(((2.23019e-07 -6.23187e-10 3.13387e-16) (1.97794e-07 -5.23317e-10 2.16831e-12)) ((-3.46079e-13 7.21599e-15 -9.10636e-17) (-1.21814e-12 4.4457e-13 -1.63232e-10)))
129	(((2.2273e-07 -6.03065e-10 3.21742e-16) (1.95952e-07 -5.17266e-10 1.79774e-12)) ((-1.76915e-13 1.24852e-14 -8.57444e-17) (-1.21097e-12 4.38268e-13 -1.59952e-10)))
130	(((2.22469e-07 -5.97968e-10 3.14235e-16) (1.94152e-07 -5.1083e-10 1.82031e-12)) ((-1.47571e-13 2.75397e-14 -8.2494e-17) (-1.19263e-12 4.19521e-13 -1.56743e-10)))
131	(((2.22237e-07 -5.96007e-10 3.14137e-16) (1.92395e-07 -5.05256e-10 1.56204e-12)) ((-1.30253e-13 -3.13161e-15 -7.95666e-17) (-1.14876e-12 4.16536e-13 -1.53581e-10)))
132	(((2.21946e-07 -6.26892e-10 3.05607e-16) (1.9068e-07 -4.99413e-10 1.95337e-12)) ((-2.14894e-13 2.89324e-14 -7.50492e-17) (-1.1171e-12 3.91851e-13 -1.50496e-10)))
133	(((2.217e-07 -6.72162e-10 3.41378e-16) (1.89003e-07 -4.9374e-10 1.33817e-12)) ((3.07297e-14 -2.85164e-14 -7.09952e-17) (-1.12094e-12 3.90567e-13 -1.47471e-10)))
134	(((2.21379e-07 -6.92076e-10 3.25514e-16) (1.87367e-07 -4.88489e-10 1.61668e-12)) ((-2.08893e-14 4.95545e-14 -6.88524e-17) (-1.10383e-12 3.665e-13 -1.44517e-10)))
135	(((2.21114e-07 -6.8426e-10 3.43341e-16) (1.85768e-07 -4.83546e-10 1.16361e-12)) ((1.24617e-14 2.64563e-14 -6.63274e-17) (-1.07613e-12 3.65156e-13 -1.416e-10)))
136	(((2.20846e-07 -6.63072e-10 3.45076e-16) (1.84206e-07 -4.7842e-10 1.01435e-12)) ((-1.30498e-13 -2.4054e-14 -6.38337e-17) (-1.04754e-12 3.63155e-13 -1.38754e-10)))
137	(((2.20648e-07 -6.66964e-10 3.35596e-16) (1.82679e-07 -4.73208e-10 8.55897e-13)) ((6.77736e-14 -9.84318e-15 -6.08998e-17) (-1.04154e-12 3.55906e-13 -1.3598e-10)))
138	(((2.20392e-07 -6.26354e-10 3.05002e-16) (1.81188e-07 -4.68174e-10 1.11651e-12)) ((2.2479e-14 -1.59809e-15 -5.72438e-17) (-1.01212e-12 3.42833e-13 -1.33255e-10)))
139	(((2.20141e-07 -6.35152e-10 3.10597e-16) (1.79731e-07 -4.63716e-10 9.33709e-13)) ((1.15141e-13 -1.13654e-14 -5.43269e-17) (-1.00268e-12 3.35302e-13 -1.3055e-10)))
140	(((2.19891e-07 -6.48041e-10 2.98617e-16) (1.78306e-07 -4.58862e-10 1.11694e-12)) ((8.75194e-14 1.67142e-14 -5.31583e-17) (-9.82272e-13 3.16017e-13 -1.27914e-10)))
141	(((2.19674e-07 -6.60026e-10 3.15428e-16) (1.76914e-07 -4.54875e-10 7.72269e-13)) ((1.70099e-13 2.77489e-15 -5.02129e-17) (-9.67847e-13 3.12063e-13 -1.25299e-10)))
142	(((2.19393e-07 -6.41654e-10 3.01642e-16) (1.75554e-07 -4.50387e-10 1.01647e-12)) ((8.34452e-14 2.27558e-14 -4.62102e-17) (-9.48499e-13 2.96446e-13 -1.2274e-10)))
143	(((2.19151e-07 -6.7509e-10 3.14388e-16) (1.74225e-07 -4.46246e-10 7.32951e-13)) ((2.27061e-13 -1.1692e-14 -4.41237e-17) (-9.4688e-13 2.9242e-13 -1.20232e-10)))
144	(((2.1893e-07 -6.5149e-10 3.0078e-16) (1.72926e-07 -4.42486e-10 8.89739e-13)) ((1.51074e-13 -9.04615e-15 -4.16478e-17) (-9.20462e-13 2.81579e-13 -1.17763e-10)))
145	(((2.18723e-07 -6.33143e-10 3.17665e-16) (1.71657e-07 -4.39008e-10 6.60788e-13)) ((3.21604e-13 -4.24759e-14 -3.84709e-17) (-9.27417e-13 2.7898e-13 -1.15338e-10)))
146	(((2.18517e-07 -6.77446e-10 3.06562e-16) (1.70415e-07 -4.35532e-10 1.16396e-12)) ((2.54415e-13 -3.22655e-14 -3.65388e-17) (-9.17868e-13 2.54312e-13 -1.12971e-10)))
147	(((2.18302e-07 -6.5366e-10 3.081e-16) (1.69201e-07 -4.33465e-10 8.50808e-13)) ((3.66861e-13 -4.28908e-14 -3.48404e-17) (-9.07501e-13 2.5425e-13 -1.10618e-10)))
148	(((2.18071e-07 -6.31866e-10 2.86956e-16) (1.68015e-07 -4.30899e-10 1.11927e-12)) ((2.18906e-13 -1.40546e-14 -3.13951e-17) (-8.6339e-13 2.38233e-13 -1.08311e-10)))
149	(((2.17837e-07 -6.62943e-10 2.90238e-16) (1.66854e-07 -4.28197e-10 1.21465e-12)) ((3.27773e-13 -2.37094e-14 -3.02407e-17) (-8.48014e-13 2.26638e-13 -1.06068e-10)))
150	(((2.17622e-07 -6.43342e-10 2.79819e-16) (1.65719e-07 -4.26159e-10 8.44426e-13)) ((3.00486e-13 -1.18912e-14 -2.74858e-17) (-8.49614e-13 2.31159e-13 -1.03857e-10)))
151	(((2.17381e-07 -6.12872e-10 2.92692e-16) (1.6461e-07 -4.24311e-10 5.49589e-13)) ((4.0478e-13 -2.58723e-14 -2.52553e-17) (-8.57712e-13 2.32798e-13 -1.01684e-10)))
152	(((2.172e-07 -6.32845e-10 2.72353e-16) (1.63524e-07 -4.21648e-10 9.63392e-13)) ((2.84808e-13 1.34249e-15 -2.3645e-17) (-8.2868e-13 2.13828e-13 -9.95813e-11)))
153	(((2.17001e-07 -6.24152e-10 2.70403e-16) (1.62462e-07 -4.19859e-10 7.76989e-13)) ((4.28428e-13 1.01502e-14 -2.17157e-17) (-8.33092e-13 2.11606e-13 -9.7512e-11)))
154	(((2.16804e-07 -6.03049e-10 2.6279e-16) (1.61424e-07 -4.17716e-10 8.57245e-13)) ((3.03913e-13 2.28611e-14 -1.96538e-17) (-7.94872e-13 2.03167e-13 -9.54755e-11)))
155	(((2.16587e-07 -6.13572e-10 2.71259e-16) (1.60407e-07 -4.15686e-10 7.24018e-13)) ((3.93703e-13 5.67577e-15 -1.73369e-17) (-7.91918e-13 2.00305e-13 -9.34813e-11)))
156	(((2.16392e-07 -6.25207e-10 2.49005e-16) (1.59413e-07 -4.13079e-10 1.13906e-12)) ((2.4534e-13 3.69185e-14 -1.47977e-17) (-7.52259e-13 1.80691e-13 -9.15513e-11)))
157	(((2.16151e-07 -6.03707e-10 2.60655e-16) (1.5844e-07 -4.11338e-10 9.8008e-13)) ((3.7498e-13 1.96698e-14 -1.21791e-17) (-7.64448e-13 1.75431e-13 -8.96351e-11)))
158	(((2.15962e-07 -6.15761e-10 2.5119e-16) (1.57488e-07 -4.08821e-10 1.12248e-12)) ((2.66828e-13 2.04504e-14 -1.09611e-17) (-7.33099e-13 1.63448e-13 -8.77597e-11)))
159	(((2.1575e-07 -6.13982e-10 2.61499e-16) (1.56556e-07 -4.06778e-10 8.98571e-13)) ((3.6616e-13 -8.00501e-16 -9.26572e-18) (-7.34915e-13 1.63122e-13 -8.59196e-11)))
160	(((2.15556e-07 -5.92443e-10 2.36774e-16) (1.55645e-07 -4.04347e-10 1.22498e-12)) ((2.27168e-13 3.80656e-14 -7.52305e-18) (-6.97267e-13 1.48605e-13 -8.41058e-11)))
161	(((2.15378e-07 -6.10106e-10 2.42018e-16) (1.54752e-07 -4.02409e-10 1.07541e-12)) ((3.26702e-13 1.77813e-14 -5.004e-18) (-6.97769e-13 1.48262e-13 -8.23205e-11)))
162	(((2.15209e-07 -6.14533e-10 2.27179e-16) (1.53879e-07 -4.0045e-10 1.46598e-12)) ((2.39506e-13 6.10057e-14 -4.06787e-18) (-6.72135e-13 1.27621e-13 -8.05854e-11)))
163	(((2.14984e-07 -5.98984e-10 2.38784e-16) (1.53024e-07 -3.99013e-10 1.32994e-12)) ((3.50109e-13 3.07653e-14 -2.33052e-18) (-6.80153e-13 1.24564e-13 -7.88698e-11)))
164	(((2.1477e-07 -6.11837e-10 2.16219e-16) (1.52186e-07 -3.97378e-10 1.69568e-12)) ((2.48147e-13 9.03888e-14 -1.63804e-18) (-6.58619e-13 1.03735e-13 -7.72021e-11)))
165	(((2.14571e-07 -6.12109e-10 2.30998e-16) (1.51367e-07 -3.96289e-10 1.25572e-12)) ((3.92369e-13 3.19235e-14 -7.7231e-19) (-6.6449e-13 1.11797e-13 -7.5574e-11)))
166	(((2.14383e-07 -5.9941e-10 1.97507e-16) (1.50565e-07 -3.95315e-10 1.68839e-12)) ((2.50175e-13 9.71958e-14 9.49321e-19) (-6.36401e-13 9.34896e-14 -7.39747e-11)))
167	(((2.14206e-07 -6.09233e-10 2.17337e-16) (1.4978e-07 -3.94232e-10 1.40492e-12)) ((3.38662e-13 3.69156e-14 1.12727e-18) (-6.33397e-13 9.60753e-14 -7.24164e-11)))
168	(((2.14052e-07 -6.33439e-10 1.98043e-16) (1.49011e-07 -3.93154e-10 1.53435e-12)) ((3.12776e-13 8.30331e-14 2.22184e-18) (-6.30048e-13 8.46903e-14 -7.08962e-11)))
169	(((2.13872e-07 -6.1607e-10 2.01651e-16) (1.48258e-07 -3.91833e-10 1.47758e-12)) ((3.3914e-13 6.50626e-14 3.27832e-18) (-6.25119e-13 8.26967e-14 -6.93995e-11)))
170	(((2.13733e-07 -6.29743e-10 1.81588e-16) (1.47519e-07 -3.90912e-10 1.66888e-12)) ((2.59331e-13 8.96837e-14 3.98316e-18) (-5.99984e-13 7.37024e-14 -6.79273e-11)))
171	(((2.13499e-07 -6.29111e-10 1.87499e-16) (1.46795e-07 -3.89599e-10 1.64567e-12)) ((3.35387e-13 7.62871e-14 5.56434e-18) (-6.04187e-13 6.92005e-14 -6.64839e-11)))
172	(((2.13278e-07 -6.11255e-10 1.52761e-16) (1.46087e-07 -3.88658e-10 2.15255e-12)) ((1.93323e-13 1.61149e-13 7.97641e-18) (-5.74341e-13 4.85693e-14 -6.50654e-11)))
173	(((2.13091e-07 -6.23239e-10 1.64544e-16) (1.45393e-07 -3.87793e-10 1.94441e-12)) ((2.9291e-13 1.21852e-13 9.1456e-18) (-5.78824e-13 5.03736e-14 -6.36796e-11)))
174	(((2.12939e-07 -6.31341e-10 1.57451e-16) (1.44713e-07 -3.86687e-10 2.16163e-12)) ((2.26005e-13 1.36132e-13 1.03913e-17) (-5.55885e-13 3.77972e-14 -6.2328e-11)))
175	(((2.12774e-07 -6.29609e-10 1.81884e-16) (1.44047e-07 -3.85816e-10 1.6353e-12)) ((3.35755e-13 6.21882e-14 1.26388e-17) (-5.63704e-13 4.65923e-14 -6.10028e-11)))
176	(((2.12691e-07 -6.50691e-10 1.64383e-16) (1.43393e-07 -3.85174e-10 1.83112e-12)) ((2.05265e-13 1.18386e-13 1.40787e-17) (-5.31074e-13 3.26983e-14 -5.97072e-11)))
177	(((2.12513e-07 -6.50802e-10 1.8842e-16) (1.42752e-07 -3.84352e-10 1.36655e-12)) ((3.12802e-13 5.38364e-14 1.5775e-17) (-5.40246e-13 4.39641e-14 -5.84395e-11)))
178	(((2.12293e-07 -6.27366e-10 1.61227e-16) (1.42124e-07 -3.84152e-10 1.65429e-12)) ((2.28561e-13 1.18658e-13 1.72542e-17) (-5.20853e-13 3.21705e-14 -5.7191e-11)))
179	(((2.12098e-07 -6.19773e-10 1.76711e-16) (1.41509e-07 -3.84073e-10 1.21408e-12)) ((2.9401e-13 5.13266e-14 1.78333e-17) (-5.21755e-13 4.39064e-14 -5.59758e-11)))
180	(((2.1189e-07 -6.22174e-10 1.53502e-16) (1.40906e-07 -3.83832e-10 1.56281e-12)) ((1.65249e-13 1.09941e-13 1.92431e-17) (-4.90291e-13 3.48028e-14 -5.47863e-11)))
181	(((2.11744e-07 -6.15468e-10 1.60411e-16) (1.40316e-07 -3.83565e-10 1.42416e-12)) ((2.4063e-13 9.94358e-14 2.08057e-17) (-4.93292e-13 3.57942e-14 -5.36231e-11)))
182	(((2.11606e-07 -6.19922e-10 1.40255e-16) (1.39737e-07 -3.83206e-10 1.76207e-12)) ((1.71888e-13 1.36024e-13 2.1081e-17) (-4.70672e-13 2.61456e-14 -5.24842e-11)))
183	(((2.11516e-07 -6.36533e-10 1.66988e-16) (1.39168e-07 -3.82832e-10 1.44275e-12)) ((2.56255e-13 7.1029e-14 2.24901e-17) (-4.71032e-13 3.31332e-14 -5.13743e-11)))
184	(((2.1135e-07 -6.09761e-10 1.5423e-16) (1.3861e-07 -3.82701e-10 1.63309e-12)) ((1.81486e-13 1.12781e-13 2.32436e-17) (-4.54747e-13 2.03837e-14 -5.02801e-11)))
185	(((2.11151e-07 -6.03237e-10 1.58022e-16) (1.38063e-07 -3.8243e-10 1.44322e-12)) ((3.02308e-13 8.06874e-14 2.48745e-17) (-4.65993e-13 2.59617e-14 -4.9198e-11)))
186	(((2.10964e-07 -6.0043e-10 1.42172e-16) (1.37527e-07 -3.82181e-10 1.7056e-12)) ((1.53013e-13 1.32807e-13 2.63907e-17) (-4.40289e-13 1.0622e-14 -4.81329e-11)))
187	(((2.10751e-07 -5.81371e-10 1.497e-16) (1.37002e-07 -3.81525e-10 1.52917e-12)) ((3.19892e-13 9.61814e-14 2.84757e-17) (-4.66554e-13 1.49484e-14 -4.70773e-11)))
188	(((2.10586e-07 -6.00972e-10 1.23201e-16) (1.36488e-07 -3.80788e-10 2.13506e-12)) ((2.81047e-13 1.60874e-13 2.9474e-17) (-4.65596e-13 -4.33679e-15 -4.60489e-11)))
189	(((2.10476e-07 -6.18247e-10 1.36295e-16) (1.35983e-07 -3.80387e-10 1.98122e-12)) ((3.38366e-13 1.19239e-13 2.99412e-17) (-4.71062e-13 -2.41426e-15 -4.5058e-11)))
190	(((2.10355e-07 -6.11291e-10 1.23844e-16) (1.35487e-07 -3.80274e-10 2.23503e-12)) ((2.34151e-13 1.69233e-13 3.0483e-17) (-4.48502e-13 -1.44351e-14 -4.40953e-11)))
191	(((2.10235e-07 -6.1071e-10 1.40353e-16) (1.35e-07 -3.80587e-10 2.04805e-12)) ((3.1295e-13 1.20193e-13 3.1272e-17) (-4.49057e-13 -1.04478e-14 -4.31624e-11)))
192	(((2.10047e-07 -5.98461e-10 1.24279e-16) (1.34523e-07 -3.8116e-10 2.28971e-12)) ((2.05716e-13 1.61801e-13 3.19632e-17) (-4.27398e-13 -2.23906e-14 -4.22437e-11)))
193	(((2.09845e-07 -5.62127e-10 1.40236e-16) (1.34056e-07 -3.81676e-10 1.99728e-12)) ((2.86258e-13 1.16206e-13 3.27721e-17) (-4.33983e-13 -1.57517e-14 -4.13453e-11)))
194	(((2.0965e-07 -5.73987e-10 1.16268e-16) (1.33598e-07 -3.81888e-10 2.35603e-12)) ((2.15399e-13 1.6392e-13 3.36289e-17) (-4.20316e-13 -2.86956e-14 -4.0471e-11)))
195	(((2.09487e-07 -5.85669e-10 1.34755e-16) (1.3315e-07 -3.82235e-10 1.88563e-12)) ((2.58609e-13 1.07532e-13 3.44915e-17) (-4.17434e-13 -1.65194e-14 -3.96123e-11)))
196	(((2.09357e-07 -5.67662e-10 1.14797e-16) (1.3271e-07 -3.82439e-10 2.14557e-12)) ((1.79204e-13 1.58821e-13 3.56561e-17) (-4.02435e-13 -2.60405e-14 -3.87559e-11)))
197	(((2.09257e-07 -5.95679e-10 1.2447e-16) (1.32277e-07 -3.82549e-10 1.91626e-12)) ((2.44611e-13 1.25381e-13 3.66211e-17) (-4.04871e-13 -2.01518e-14 -3.79085e-11)))
198	(((2.09147e-07 -6.13372e-10 1.06634e-16) (1.31852e-07 -3.82749e-10 2.32337e-12)) ((1.7145e-13 1.77686e-13 3.75338e-17) (-3.84576e-13 -3.20004e-14 -3.70855e-11)))
199	(((2.08988e-07 -5.92677e-10 1.24385e-16) (1.31434e-07 -3.83081e-10 1.94739e-12)) ((2.68947e-13 1.30322e-13 3.71419e-17) (-3.99603e-13 -2.39897e-14 -3.62787e-11)))
200	(((2.08801e-07 -5.81898e-10 1.08624e-16) (1.31025e-07 -3.83197e-10 2.25135e-12)) ((1.95168e-13 1.74814e-13 3.71657e-17) (-3.84342e-13 -3.50773e-14 -3.54872e-11)))
201	(((2.08615e-07 -5.65231e-10 1.21658e-16) (1.30623e-07 -3.83512e-10 2.03574e-12)) ((2.54826e-13 1.35742e-13 3.77733e-17) (-3.90819e-13 -2.95244e-14 -3.47123e-11)))
202	(((2.08433e-07 -5.38867e-10 8.36413e-17) (1.3023e-07 -3.83821e-10 2.51585e-12)) ((1.09349e-13 2.26853e-13 3.88645e-17) (-3.73747e-13 -4.47296e-14 -3.39467e-11)))
203	(((2.08318e-07 -5.70985e-10 1.04967e-16) (1.29843e-07 -3.84058e-10 2.06023e-12)) ((2.22168e-13 1.56616e-13 3.99759e-17) (-3.88932e-13 -3.40489e-14 -3.31881e-11)))
204	(((2.08204e-07 -5.72212e-10 8.45029e-17) (1.29463e-07 -3.84082e-10 2.39821e-12)) ((1.29734e-13 2.15941e-13 4.11058e-17) (-3.68668e-13 -4.6386e-14 -3.24338e-11)))
205	(((2.08106e-07 -5.86563e-10 9.11135e-17) (1.29089e-07 -3.84247e-10 2.13192e-12)) ((1.74045e-13 1.78994e-13 4.10184e-17) (-3.71772e-13 -3.8963e-14 -3.16829e-11)))
206	(((2.07955e-07 -5.9464e-10 5.47642e-17) (1.28722e-07 -3.84378e-10 2.60713e-12)) ((3.04999e-14 2.58223e-13 4.18525e-17) (-3.52115e-13 -5.21838e-14 -3.09364e-11)))
207	(((2.07784e-07 -6.12273e-10 8.18243e-17) (1.28362e-07 -3.84536e-10 2.2062e-12)) ((1.89073e-13 1.74421e-13 4.19069e-17) (-3.7015e-13 -4.11618e-14 -3.02042e-11)))
208	(((2.07602e-07 -5.86446e-10 5.72393e-17) (1.28009e-07 -3.8464e-10 2.59924e-12)) ((8.92009e-14 2.35849e-13 4.24525e-17) (-3.56102e-13 -5.23787e-14 -2.94752e-11)))
209	(((2.0745e-07 -6.08258e-10 8.24002e-17) (1.27662e-07 -3.84717e-10 2.32198e-12)) ((2.26731e-13 1.66988e-13 4.28766e-17) (-3.66088e-13 -4.40821e-14 -2.87626e-11)))
210	(((2.07316e-07 -5.89646e-10 5.72792e-17) (1.27321e-07 -3.84768e-10 2.66539e-12)) ((1.22447e-13 2.28558e-13 4.34503e-17) (-3.51879e-13 -5.57014e-14 -2.80566e-11)))
211	(((2.07219e-07 -6.00242e-10 5.93255e-17) (1.26985e-07 -3.8449e-10 2.59269e-12)) ((1.18135e-13 2.13014e-13 4.29783e-17) (-3.50188e-13 -5.62859e-14 -2.73672e-11)))
212	(((2.07117e-07 -5.91097e-10 4.31303e-17) (1.26655e-07 -3.84274e-10 2.7651e-12)) ((6.30053e-14 2.60808e-13 4.3486e-17) (-3.4297e-13 -6.43679e-14 -2.66792e-11)))
213	(((2.06986e-07 -6.15284e-10 5.7357e-17) (1.2633e-07 -3.83719e-10 2.55077e-12)) ((1.03314e-13 2.256e-13 4.36695e-17) (-3.42496e-13 -6.17076e-14 -2.60088e-11)))
214	(((2.06824e-07 -5.95407e-10 4.61241e-17) (1.26011e-07 -3.83494e-10 2.73207e-12)) ((8.93475e-14 2.54592e-13 4.44781e-17) (-3.37601e-13 -6.71091e-14 -2.53442e-11)))
215	(((2.06656e-07 -6.09731e-10 5.8979e-17) (1.25698e-07 -3.83022e-10 2.56547e-12)) ((1.51995e-13 2.18338e-13 4.45207e-17) (-3.43681e-13 -6.42713e-14 -2.46964e-11)))
216	(((2.06491e-07 -6.04405e-10 5.65785e-17) (1.25391e-07 -3.8269e-10 2.54308e-12)) ((1.65717e-13 2.24398e-13 4.49637e-17) (-3.4378e-13 -6.56861e-14 -2.40564e-11)))
217	(((2.06372e-07 -6.10832e-10 6.53979e-17) (1.2509e-07 -3.82307e-10 2.41545e-12)) ((1.97872e-13 1.98568e-13 4.47247e-17) (-3.43218e-13 -6.43526e-14 -2.34349e-11)))
218	(((2.06264e-07 -6.09198e-10 5.81063e-17) (1.24793e-07 -3.81917e-10 2.58312e-12)) ((1.88372e-13 2.17743e-13 4.52426e-17) (-3.3882e-13 -6.99588e-14 -2.28207e-11)))
219	(((2.06176e-07 -6.23619e-10 6.45793e-17) (1.245e-07 -3.8155e-10 2.48961e-12)) ((1.89101e-13 1.98209e-13 4.51979e-17) (-3.35386e-13 -6.95491e-14 -2.22197e-11)))
220	(((2.06048e-07 -6.05417e-10 5.37918e-17) (1.24213e-07 -3.81279e-10 2.44947e-12)) ((1.60682e-13 2.18452e-13 4.56474e-17) (-3.25754e-13 -6.99675e-14 -2.16231e-11)))
221	(((2.05906e-07 -6.11777e-10 5.6417e-17) (1.2393e-07 -3.80704e-10 2.41076e-12)) ((1.69599e-13 2.07164e-13 4.58889e-17) (-3.26509e-13 -6.93129e-14 -2.10359e-11)))
222	(((2.05739e-07 -5.96673e-10 4.63951e-17) (1.23653e-07 -3.80216e-10 2.58979e-12)) ((1.57707e-13 2.34582e-13 4.6741e-17) (-3.22994e-13 -7.4967e-14 -2.04511e-11)))
223	(((2.05596e-07 -6.00544e-10 5.30122e-17) (1.23381e-07 -3.79681e-10 2.50867e-12)) ((1.69982e-13 2.12344e-13 4.67834e-17) (-3.2637e-13 -7.37592e-14 -1.98794e-11)))
224	(((2.05466e-07 -6.00543e-10 4.88411e-17) (1.23113e-07 -3.79171e-10 2.49145e-12)) ((1.45126e-13 2.30526e-13 4.71566e-17) (-3.19977e-13 -7.60628e-14 -1.93147e-11)))
225	(((2.05375e-07 -6.20041e-10 5.20629e-17) (1.22849e-07 -3.78649e-10 2.43611e-12)) ((1.53308e-13 2.14857e-13 4.69276e-17) (-3.17857e-13 -7.62593e-14 -1.87615e-11)))
226	(((2.05275e-07 -6.12564e-10 4.76792e-17) (1.22589e-07 -3.78281e-10 2.55396e-12)) ((1.5524e-13 2.32357e-13 4.71431e-17) (-3.13679e-13 -8.10825e-14 -1.82144e-11)))
227	(((2.05162e-07 -6.22319e-10 5.35979e-17) (1.22333e-07 -3.77793e-10 2.46679e-12)) ((1.6275e-13 2.14195e-13 4.70553e-17) (-3.11565e-13 -8.02335e-14 -1.76771e-11)))
228	(((2.05014e-07 -6.07881e-10 4.61318e-17) (1.22082e-07 -3.77464e-10 2.50476e-12)) ((1.46506e-13 2.30804e-13 4.74829e-17) (-3.09909e-13 -8.31158e-14 -1.71428e-11)))
229	(((2.04871e-07 -6.10409e-10 5.25736e-17) (1.21835e-07 -3.76944e-10 2.42263e-12)) ((1.69056e-13 2.13061e-13 4.72377e-17) (-3.10787e-13 -8.19696e-14 -1.66232e-11)))
230	(((2.04728e-07 -6.05385e-10 4.31123e-17) (1.21593e-07 -3.76391e-10 2.58703e-12)) ((1.62918e-13 2.35428e-13 4.76499e-17) (-3.0718e-13 -8.69712e-14 -1.61189e-11)))
231	(((2.0461e-07 -6.1018e-10 4.94763e-17) (1.21354e-07 -3.75768e-10 2.48534e-12)) ((1.67131e-13 2.14914e-13 4.75214e-17) (-3.0666e-13 -8.61493e-14 -1.56266e-11)))
232	(((2.0452e-07 -6.20729e-10 4.52041e-17) (1.21119e-07 -3.75322e-10 2.50208e-12)) ((1.54567e-13 2.3443e-13 4.738e-17) (-3.00623e-13 -8.93995e-14 -1.51401e-11)))
233	(((2.04425e-07 -6.19652e-10 5.27684e-17) (1.20887e-07 -3.74763e-10 2.46428e-12)) ((1.64101e-13 2.151e-13 4.76655e-17) (-2.98636e-13 -8.98001e-14 -1.46641e-11)))
234	(((2.04316e-07 -6.20075e-10 5.06199e-17) (1.20659e-07 -3.74315e-10 2.77264e-12)) ((1.55529e-13 2.30361e-13 4.8001e-17) (-2.81825e-13 -9.86371e-14 -1.41926e-11)))
235	(((2.04185e-07 -6.17953e-10 4.98547e-17) (1.20435e-07 -3.73905e-10 2.5826e-12)) ((1.75045e-13 2.17372e-13 4.80958e-17) (-2.9207e-13 -9.4407e-14 -1.37298e-11)))
236	(((2.0404e-07 -6.09277e-10 4.21909e-17) (1.20214e-07 -3.73489e-10 2.67093e-12)) ((1.64127e-13 2.34914e-13 4.82806e-17) (-2.86949e-13 -9.89878e-14 -1.3278e-11)))
237	(((2.03907e-07 -6.0823e-10 5.042e-17) (1.19998e-07 -3.72926e-10 2.5023e-12)) ((1.84861e-13 2.16407e-13 4.84334e-17) (-2.89296e-13 -9.51871e-14 -1.28335e-11)))
238	(((2.03801e-07 -6.15339e-10 4.48615e-17) (1.19785e-07 -3.72544e-10 2.62482e-12)) ((1.64865e-13 2.3191e-13 4.82878e-17) (-2.81091e-13 -9.92046e-14 -1.23988e-11)))
239	(((2.03706e-07 -6.21556e-10 4.81921e-17) (1.19575e-07 -3.72044e-10 2.39799e-12)) ((1.7116e-13 2.14765e-13 4.8342e-17) (-2.82388e-13 -9.3865e-14 -1.197e-11)))
240	(((2.03621e-07 -6.29286e-10 3.709e-17) (1.19367e-07 -3.71597e-10 2.63407e-12)) ((1.63412e-13 2.40676e-13 4.85781e-17) (-2.76866e-13 -1.01932e-13 -1.15435e-11)))
241	(((2.03522e-07 -6.30355e-10 4.16028e-17) (1.19162e-07 -3.71221e-10 2.27654e-12)) ((1.68111e-13 2.24659e-13 4.8675e-17) (-2.85924e-13 -9.36264e-14 -1.11253e-11)))
242	(((2.03393e-07 -6.26854e-10 3.30824e-17) (1.18961e-07 -3.70789e-10 2.5088e-12)) ((1.60144e-13 2.46199e-13 4.9111e-17) (-2.75114e-13 -9.99393e-14 -1.07121e-11)))
243	(((2.03254e-07 -6.24367e-10 4.55802e-17) (1.18764e-07 -3.70253e-10 2.42343e-12)) ((1.8274e-13 2.22364e-13 4.92333e-17) (-2.81607e-13 -9.77061e-14 -1.0306e-11)))
244	(((2.03127e-07 -6.18674e-10 3.14456e-17) (1.1857e-07 -3.69664e-10 2.6751e-12)) ((1.65189e-13 2.44901e-13 4.94051e-17) (-2.69628e-13 -1.05882e-13 -9.90902e-12)))
245	(((2.03022e-07 -6.2419e-10 4.71557e-17) (1.18379e-07 -3.69038e-10 2.72054e-12)) ((1.91702e-13 2.23019e-13 4.97926e-17) (-2.66537e-13 -1.06271e-13 -9.52094e-12)))
246	(((2.02937e-07 -6.34111e-10 3.21356e-17) (1.18191e-07 -3.68406e-10 2.56707e-12)) ((1.54027e-13 2.46883e-13 4.95929e-17) (-2.65305e-13 -1.04733e-13 -9.14205e-12)))
247	(((2.02859e-07 -6.35324e-10 4.29287e-17) (1.18004e-07 -3.67863e-10 2.51494e-12)) ((1.76562e-13 2.279e-13 4.94599e-17) (-2.6911e-13 -1.03297e-13 -8.76671e-12)))
248	(((2.02765e-07 -6.43937e-10 2.63506e-17) (1.17821e-07 -3.67211e-10 2.59739e-12)) ((1.45777e-13 2.5749e-13 4.95114e-17) (-2.62398e-13 -1.07545e-13 -8.39588e-12)))
249	(((2.02646e-07 -6.4115e-10 4.08695e-17) (1.1764e-07 -3.6662e-10 2.4638e-12)) ((1.96554e-13 2.26798e-13 4.97434e-17) (-2.71393e-13 -1.03473e-13 -8.03187e-12)))
250	(((2.02513e-07 -6.34991e-10 2.93807e-17) (1.17463e-07 -3.6602e-10 2.49362e-12)) ((1.53606e-13 2.53958e-13 4.97115e-17) (-2.60569e-13 -1.06447e-13 -7.67584e-12)))
251	(((2.02393e-07 -6.35441e-10 4.46932e-17) (1.17288e-07 -3.65504e-10 2.40554e-12)) ((2.01959e-13 2.18638e-13 4.97942e-17) (-2.66927e-13 -1.0375e-13 -7.32987e-12)))
252	(((2.02291e-07 -6.36243e-10 3.17605e-17) (1.17117e-07 -3.64838e-10 2.57567e-12)) ((1.60324e-13 2.54998e-13 4.98475e-17) (-2.58948e-13 -1.08517e-13 -6.98675e-12)))
253	(((2.02214e-07 -6.40094e-10 4.0703e-17) (1.16947e-07 -3.64244e-10 2.50949e-12)) ((1.99365e-13 2.2492e-13 4.98364e-17) (-2.62718e-13 -1.06814e-13 -6.64838e-12)))
254	(((2.02141e-07 -6.50016e-10 2.91999e-17) (1.1678e-07 -3.63645e-10 2.56714e-12)) ((1.47348e-13 2.6092e-13 4.971e-17) (-2.54805e-13 -1.10876e-13 -6.31813e-12)))
255	(((2.02057e-07 -6.54357e-10 4.20155e-17) (1.16614e-07 -3.63088e-10 2.41122e-12)) ((1.90901e-13 2.21462e-13 4.97468e-17) (-2.54823e-13 -1.06626e-13 -5.98892e-12)))
256	(((2.01944e-07 -6.50334e-10 3.04045e-17) (1.16451e-07 -3.62573e-10 2.74385e-12)) ((1.42733e-13 2.59116e-13 4.96971e-17) (-2.39995e-13 -1.15176e-13 -5.66356e-12)))
257	(((2.01818e-07 -6.48717e-10 3.87767e-17) (1.16291e-07 -3.61991e-10 2.52022e-12)) ((2.11104e-13 2.24512e-13 4.96648e-17) (-2.57045e-13 -1.09357e-13 -5.34409e-12)))
258	(((2.01699e-07 -6.47086e-10 2.28695e-17) (1.16134e-07 -3.61503e-10 2.63559e-12)) ((1.49092e-13 2.59708e-13 4.96035e-17) (-2.46726e-13 -1.14415e-13 -5.02929e-12)))
259	(((2.01604e-07 -6.46605e-10 4.48918e-17) (1.15979e-07 -3.60984e-10 2.44536e-12)) ((2.09392e-13 2.16913e-13 4.94862e-17) (-2.52889e-13 -1.08978e-13 -4.71971e-12)))
260	(((2.01526e-07 -6.53819e-10 2.49148e-17) (1.15827e-07 -3.60461e-10 2.60808e-12)) ((1.48194e-13 2.54848e-13 4.92802e-17) (-2.39983e-13 -1.14523e-13 -4.41575e-12)))
261	(((2.01461e-07 -6.63354e-10 4.11129e-17) (1.15675e-07 -3.59947e-10 2.6311e-12)) ((2.13326e-13 2.24759e-13 4.92176e-17) (-2.45164e-13 -1.14764e-13 -4.11547e-12)))
262	(((2.01384e-07 -6.65274e-10 2.10428e-17) (1.15526e-07 -3.59559e-10 2.62606e-12)) ((1.45872e-13 2.6087e-13 4.91404e-17) (-2.40853e-13 -1.15695e-13 -3.81536e-12)))
263	(((2.01279e-07 -6.62841e-10 4.0781e-17) (1.15378e-07 -3.59052e-10 2.51326e-12)) ((2.01269e-13 2.20075e-13 4.94346e-17) (-2.40802e-13 -1.12489e-13 -3.52008e-12)))
264	(((2.01159e-07 -6.61479e-10 1.92724e-17) (1.15233e-07 -3.58623e-10 2.53454e-12)) ((1.47182e-13 2.65464e-13 4.94468e-17) (-2.39356e-13 -1.14908e-13 -3.22904e-12)))
265	(((2.01046e-07 -6.54048e-10 3.66134e-17) (1.15091e-07 -3.58237e-10 2.4402e-12)) ((2.08731e-13 2.22866e-13 4.94573e-17) (-2.44292e-13 -1.1283e-13 -2.93798e-12)))
266	(((2.00947e-07 -6.56889e-10 2.23733e-17) (1.14951e-07 -3.57683e-10 2.59139e-12)) ((1.45291e-13 2.66494e-13 4.95302e-17) (-2.36262e-13 -1.18275e-13 -2.65482e-12)))
267	(((2.00872e-07 -6.66346e-10 3.4455e-17) (1.14813e-07 -3.57192e-10 2.49822e-12)) ((2.08426e-13 2.27235e-13 4.94035e-17) (-2.39801e-13 -1.16527e-13 -2.37575e-12)))
268	(((2.00813e-07 -6.74186e-10 2.00669e-17) (1.14676e-07 -3.56759e-10 2.54004e-12)) ((1.49609e-13 2.71604e-13 4.92019e-17) (-2.33123e-13 -1.19393e-13 -2.10015e-12)))
269	(((2.00742e-07 -6.79887e-10 3.03974e-17) (1.14541e-07 -3.56246e-10 2.52146e-12)) ((2.05601e-13 2.31083e-13 4.93918e-17) (-2.31274e-13 -1.17153e-13 -1.83084e-12)))
270	(((2.00648e-07 -6.82428e-10 1.64839e-17) (1.14407e-07 -3.5596e-10 2.54773e-12)) ((1.44941e-13 2.65352e-13 4.93663e-17) (-2.27496e-13 -1.18947e-13 -1.56278e-12)))
271	(((2.00534e-07 -6.75693e-10 3.45936e-17) (1.14276e-07 -3.55638e-10 2.54442e-12)) ((2.08571e-13 2.27432e-13 4.94149e-17) (-2.33025e-13 -1.1904e-13 -1.29774e-12)))
272	(((2.0042e-07 -6.67234e-10 1.55397e-17) (1.14147e-07 -3.55311e-10 2.50112e-12)) ((1.5193e-13 2.66679e-13 4.9321e-17) (-2.29196e-13 -1.20899e-13 -1.036e-12)))
273	(((2.00326e-07 -6.71456e-10 3.74831e-17) (1.14019e-07 -3.54795e-10 2.50775e-12)) ((2.152e-13 2.2635e-13 4.95368e-17) (-2.28755e-13 -1.21241e-13 -7.79644e-13)))
274	(((2.00252e-07 -6.79803e-10 1.61397e-17) (1.13894e-07 -3.54434e-10 2.51033e-12)) ((1.54802e-13 2.64974e-13 4.93945e-17) (-2.28024e-13 -1.23231e-13 -5.29347e-13)))
275	(((2.00197e-07 -6.86679e-10 3.16256e-17) (1.1377e-07 -3.54137e-10 2.49908e-12)) ((2.07206e-13 2.27652e-13 4.91916e-17) (-2.27757e-13 -1.22069e-13 -2.87022e-13)))
276	(((2.00135e-07 -6.96038e-10 1.81096e-17) (1.13647e-07 -3.53772e-10 2.57589e-12)) ((1.52334e-13 2.69573e-13 4.91331e-17) (-2.21406e-13 -1.2476e-13 -4.66026e-14)))
277	(((2.00048e-07 -6.96703e-10 3.48602e-17) (1.13525e-07 -3.53544e-10 2.56569e-12)) ((2.06867e-13 2.2572e-13 4.90413e-17) (-2.1533e-13 -1.23954e-13 1.95473e-13)))
278	(((1.9994e-07 -6.92008e-10 1.89066e-17) (1.13405e-07 -3.53309e-10 2.59786e-12)) ((1.5584e-13 2.70376e-13 4.89797e-17) (-2.16789e-13 -1.27018e-13 4.34812e-13)))
279	(((1.99831e-07 -6.83772e-10 3.22437e-17) (1.13288e-07 -3.53013e-10 2.59521e-12)) ((2.161e-13 2.28595e-13 4.89895e-17) (-2.14701e-13 -1.25674e-13 6.69697e-13)))
280	(((1.99737e-07 -6.86839e-10 1.50759e-17) (1.13172e-07 -3.52738e-10 2.64054e-12)) ((1.57298e-13 2.70388e-13 4.89247e-17) (-2.19065e-13 -1.29947e-13 8.9754e-13)))
281	(((1.99665e-07 -6.94157e-10 3.12841e-17) (1.13058e-07 -3.52482e-10 2.63717e-12)) ((2.09221e-13 2.30106e-13 4.87503e-17) (-2.20224e-13 -1.29388e-13 1.11823e-12)))
282	(((1.99611e-07 -7.0073e-10 1.38845e-17) (1.12945e-07 -3.52243e-10 2.66522e-12)) ((1.52054e-13 2.68835e-13 4.85345e-17) (-2.1539e-13 -1.31086e-13 1.33526e-12)))
283	(((1.99556e-07 -7.09897e-10 3.58621e-17) (1.12833e-07 -3.51962e-10 2.62578e-12)) ((2.04211e-13 2.24968e-13 4.85384e-17) (-2.07933e-13 -1.28757e-13 1.54958e-12)))
284	(((1.99478e-07 -7.13949e-10 1.37225e-17) (1.12722e-07 -3.51844e-10 2.6694e-12)) ((1.45867e-13 2.69323e-13 4.84014e-17) (-2.06686e-13 -1.31735e-13 1.76367e-12)))
285	(((1.99376e-07 -7.10484e-10 3.18816e-17) (1.12613e-07 -3.51735e-10 2.76399e-12)) ((2.05297e-13 2.25129e-13 4.85281e-17) (-2.09396e-13 -1.32685e-13 1.9738e-12)))
286	(((1.99268e-07 -7.00344e-10 1.62894e-17) (1.12505e-07 -3.51617e-10 2.68072e-12)) ((1.54255e-13 2.67393e-13 4.83233e-17) (-2.09665e-13 -1.33105e-13 2.18376e-12)))
287	(((1.99174e-07 -7.01193e-10 2.83218e-17) (1.124e-07 -3.51372e-10 2.62834e-12)) ((2.13525e-13 2.32497e-13 4.83037e-17) (-2.12087e-13 -1.32365e-13 2.38773e-12)))
288	(((1.99105e-07 -7.09216e-10 1.74824e-17) (1.12296e-07 -3.51173e-10 2.5654e-12)) ((1.5514e-13 2.70342e-13 4.82753e-17) (-2.0461e-13 -1.3162e-13 2.58905e-12)))
289	(((1.99053e-07 -7.13096e-10 2.77073e-17) (1.12192e-07 -3.5097e-10 2.58856e-12)) ((2.10289e-13 2.32412e-13 4.81408e-17) (-2.07076e-13 -1.31763e-13 2.78325e-12)))
290	(((1.99005e-07 -7.22401e-10 1.20546e-17) (1.1209e-07 -3.50797e-10 2.6236e-12)) ((1.42287e-13 2.72595e-13 4.81089e-17) (-2.01828e-13 -1.34086e-13 2.97287e-12)))
291	(((1.98936e-07 -7.27283e-10 3.02779e-17) (1.11988e-07 -3.50713e-10 2.70589e-12)) ((2.05598e-13 2.33959e-13 4.80944e-17) (-2.01102e-13 -1.34373e-13 3.16397e-12)))
292	(((1.9884e-07 -7.23923e-10 1.19128e-17) (1.11888e-07 -3.50658e-10 2.69584e-12)) ((1.43071e-13 2.71552e-13 4.79877e-17) (-2.01702e-13 -1.36113e-13 3.35647e-12)))
293	(((1.98733e-07 -7.11599e-10 3.05499e-17) (1.1179e-07 -3.50495e-10 2.54204e-12)) ((2.03634e-13 2.34918e-13 4.80521e-17) (-2.00217e-13 -1.32261e-13 3.54235e-12)))
294	(((1.98642e-07 -7.13479e-10 1.33307e-17) (1.11693e-07 -3.50374e-10 2.4182e-12)) ((1.45308e-13 2.74859e-13 4.8015e-17) (-1.92172e-13 -1.30149e-13 3.72728e-12)))
295	(((1.9857e-07 -7.18704e-10 2.6002e-17) (1.11598e-07 -3.50192e-10 2.60053e-12)) ((2.06327e-13 2.38391e-13 4.81408e-17) (-2.05119e-13 -1.34331e-13 3.90547e-12)))
296	(((1.98524e-07 -7.26239e-10 1.13452e-17) (1.11503e-07 -3.50051e-10 2.65472e-12)) ((1.39925e-13 2.76945e-13 4.79036e-17) (-2.03777e-13 -1.37991e-13 4.07594e-12)))
297	(((1.98483e-07 -7.35367e-10 2.39958e-17) (1.11409e-07 -3.49966e-10 2.59278e-12)) ((1.91937e-13 2.39845e-13 4.77481e-17) (-2.05082e-13 -1.35946e-13 4.24777e-12)))
298	(((1.98422e-07 -7.38847e-10 1.00276e-17) (1.11316e-07 -3.49863e-10 2.73735e-12)) ((1.3925e-13 2.8081e-13 4.77481e-17) (-2.01248e-13 -1.40083e-13 4.42029e-12)))
299	(((1.9833e-07 -7.34714e-10 2.57368e-17) (1.11224e-07 -3.49818e-10 2.34414e-12)) ((1.93401e-13 2.41891e-13 4.77853e-17) (-1.90463e-13 -1.28776e-13 4.59313e-12)))
300	(((1.98229e-07 -7.2501e-10 8.01731e-18) (1.11133e-07 -3.49747e-10 2.58217e-12)) ((1.35524e-13 2.81352e-13 4.78015e-17) (-1.99867e-13 -1.37275e-13 4.7646e-12)))
301	(((1.98133e-07 -7.21061e-10 2.59555e-17) (1.11044e-07 -3.49633e-10 2.60795e-12)) ((2.03566e-13 2.46534e-13 4.78488e-17) (-2.05987e-13 -1.37255e-13 4.92737e-12)))
302	(((1.98064e-07 -7.28956e-10 7.07638e-18) (1.10957e-07 -3.49517e-10 2.64896e-12)) ((1.41888e-13 2.8652e-13 4.76909e-17) (-2.01061e-13 -1.39749e-13 5.08849e-12)))
303	(((1.98017e-07 -7.42722e-10 2.27569e-17) (1.1087e-07 -3.49491e-10 2.60449e-12)) ((1.92809e-13 2.49567e-13 4.76146e-17) (-2.10717e-13 -1.38061e-13 5.24288e-12)))
304	(((1.97982e-07 -7.47519e-10 9.68323e-18) (1.10784e-07 -3.49417e-10 2.71154e-12)) ((1.34663e-13 2.86196e-13 4.7477e-17) (-2.03493e-13 -1.42132e-13 5.39616e-12)))
305	(((1.97928e-07 -7.4917e-10 2.48362e-17) (1.10698e-07 -3.49399e-10 2.28687e-12)) ((1.83861e-13 2.47028e-13 4.73948e-17) (-1.91338e-13 -1.30181e-13 5.55104e-12)))
306	(((1.97849e-07 -7.46904e-10 7.80939e-18) (1.10613e-07 -3.49334e-10 2.66657e-12)) ((1.34332e-13 2.8995e-13 4.74193e-17) (-2.0098e-13 -1.40936e-13 5.70532e-12)))
307	(((1.9775e-07 -7.39466e-10 2.13492e-17) (1.1053e-07 -3.49405e-10 2.62875e-12)) ((1.96336e-13 2.54203e-13 4.7453e-17) (-2.05439e-13 -1.39535e-13 5.85785e-12)))
308	(((1.97657e-07 -7.32038e-10 6.0199e-18) (1.10448e-07 -3.49408e-10 2.71957e-12)) ((1.41024e-13 2.92475e-13 4.7413e-17) (-2.04231e-13 -1.43974e-13 6.00991e-12)))
309	(((1.97582e-07 -7.38173e-10 2.26054e-17) (1.10367e-07 -3.49374e-10 2.56848e-12)) ((1.98068e-13 2.5648e-13 4.74429e-17) (-2.09604e-13 -1.39557e-13 6.15576e-12)))
310	(((1.97535e-07 -7.49136e-10 7.02883e-18) (1.10288e-07 -3.49318e-10 2.67142e-12)) ((1.41522e-13 2.90564e-13 4.73724e-17) (-2.0257e-13 -1.42519e-13 6.30136e-12)))
311	(((1.975e-07 -7.59047e-10 2.35591e-17) (1.10208e-07 -3.49303e-10 2.33004e-12)) ((1.88728e-13 2.52115e-13 4.74345e-17) (-1.97975e-13 -1.33358e-13 6.43974e-12)))
312	(((1.97459e-07 -7.59598e-10 8.02404e-18) (1.10129e-07 -3.49333e-10 2.66252e-12)) ((1.36212e-13 2.89143e-13 4.72403e-17) (-2.07261e-13 -1.43906e-13 6.5814e-12)))
313	(((1.97391e-07 -7.5836e-10 2.15976e-17) (1.10051e-07 -3.49343e-10 2.57319e-12)) ((1.93328e-13 2.53057e-13 4.73104e-17) (-2.03986e-13 -1.40118e-13 6.72361e-12)))
314	(((1.973e-07 -7.5162e-10 8.88658e-18) (1.09974e-07 -3.49333e-10 2.62836e-12)) ((1.39348e-13 2.88801e-13 4.73151e-17) (-2.04897e-13 -1.43188e-13 6.86539e-12)))
315	(((1.97206e-07 -7.48252e-10 2.30157e-17) (1.09898e-07 -3.49391e-10 2.48222e-12)) ((1.95431e-13 2.53036e-13 4.74486e-17) (-2.07724e-13 -1.39026e-13 7.00406e-12)))
316	(((1.97129e-07 -7.44982e-10 7.94565e-18) (1.09824e-07 -3.4939e-10 2.57451e-12)) ((1.44643e-13 2.86859e-13 4.73961e-17) (-2.04722e-13 -1.41581e-13 7.14141e-12)))
317	(((1.97075e-07 -7.54164e-10 2.31747e-17) (1.0975e-07 -3.49356e-10 2.52965e-12)) ((1.99167e-13 2.53584e-13 4.73751e-17) (-2.11803e-13 -1.40529e-13 7.27267e-12)))
318	(((1.97042e-07 -7.67424e-10 9.59753e-18) (1.09677e-07 -3.49337e-10 2.2784e-12)) ((1.44252e-13 2.83871e-13 4.72259e-17) (-1.96269e-13 -1.35132e-13 7.40344e-12)))
319	(((1.97008e-07 -7.73103e-10 2.54794e-17) (1.09604e-07 -3.49398e-10 2.16475e-12)) ((1.99036e-13 2.48802e-13 4.72726e-17) (-1.92154e-13 -1.3082e-13 7.53015e-12)))
320	(((1.9695e-07 -7.66027e-10 1.07004e-17) (1.09532e-07 -3.49397e-10 2.5314e-12)) ((1.47734e-13 2.85276e-13 4.7203e-17) (-2.0526e-13 -1.42262e-13 7.65991e-12)))
321	(((1.96868e-07 -7.63539e-10 2.33123e-17) (1.0946e-07 -3.49437e-10 2.41931e-12)) ((1.98312e-13 2.49305e-13 4.72182e-17) (-2.07652e-13 -1.38836e-13 7.78733e-12)))
322	(((1.96779e-07 -7.61544e-10 9.94512e-18) (1.0939e-07 -3.4951e-10 2.49351e-12)) ((1.52899e-13 2.83141e-13 4.73396e-17) (-2.03996e-13 -1.41271e-13 7.91568e-12)))
323	(((1.96699e-07 -7.62563e-10 2.6231e-17) (1.09321e-07 -3.49525e-10 2.42239e-12)) ((2.03267e-13 2.49028e-13 4.74483e-17) (-2.08848e-13 -1.38827e-13 8.03927e-12)))
324	(((1.96642e-07 -7.65249e-10 9.07721e-18) (1.09253e-07 -3.49608e-10 2.43234e-12)) ((1.57926e-13 2.8041e-13 4.73593e-17) (-2.0704e-13 -1.40295e-13 8.16273e-12)))
325	(((1.96607e-07 -7.75587e-10 2.70551e-17) (1.09186e-07 -3.49598e-10 2.4338e-12)) ((2.08909e-13 2.44497e-13 4.74723e-17) (-2.10565e-13 -1.38807e-13 8.2817e-12)))
326	(((1.96578e-07 -7.8361e-10 1.33138e-17) (1.09119e-07 -3.49582e-10 2.11397e-12)) ((1.55743e-13 2.80817e-13 4.74103e-17) (-1.93596e-13 -1.31181e-13 8.39819e-12)))
327	(((1.9653e-07 -7.84678e-10 2.62872e-17) (1.09052e-07 -3.49609e-10 2.36657e-12)) ((2.04908e-13 2.44231e-13 4.74495e-17) (-2.10552e-13 -1.37951e-13 8.51451e-12)))
328	(((1.96457e-07 -7.75423e-10 1.10914e-17) (1.08986e-07 -3.49742e-10 2.41806e-12)) ((1.60722e-13 2.79508e-13 4.75054e-17) (-2.05442e-13 -1.39993e-13 8.63191e-12)))
329	(((1.96372e-07 -7.73664e-10 2.86376e-17) (1.0892e-07 -3.49782e-10 2.34956e-12)) ((2.04915e-13 2.45591e-13 4.75651e-17) (-2.10091e-13 -1.37265e-13 8.74793e-12)))
330	(((1.96293e-07 -7.76509e-10 1.04499e-17) (1.08857e-07 -3.49905e-10 2.33315e-12)) ((1.61115e-13 2.77536e-13 4.75333e-17) (-2.07411e-13 -1.38141e-13 8.86357e-12)))
331	(((1.96234e-07 -7.79972e-10 2.85396e-17) (1.08793e-07 -3.49958e-10 2.29059e-12)) ((2.11299e-13 2.41491e-13 4.77149e-17) (-2.09126e-13 -1.35621e-13 8.97485e-12)))
332	(((1.96197e-07 -7.81951e-10 1.21991e-17) (1.08731e-07 -3.50036e-10 2.32291e-12)) ((1.59953e-13 2.80566e-13 4.75261e-17) (-2.07671e-13 -1.37914e-13 9.08319e-12)))
333	(((1.96171e-07 -7.91054e-10 2.71048e-17) (1.08669e-07 -3.50072e-10 2.18904e-12)) ((2.08272e-13 2.42569e-13 4.74039e-17) (-2.0742e-13 -1.34653e-13 9.18976e-12)))
334	(((1.96131e-07 -7.93347e-10 1.26265e-17) (1.08607e-07 -3.50183e-10 2.31362e-12)) ((1.60469e-13 2.77996e-13 4.74566e-17) (-2.04102e-13 -1.38611e-13 9.29705e-12)))
335	(((1.96066e-07 -7.90078e-10 3.06388e-17) (1.08545e-07 -3.50235e-10 1.9833e-12)) ((2.03218e-13 2.44807e-13 4.76243e-17) (-1.95928e-13 -1.28956e-13 9.40332e-12)))
336	(((1.95987e-07 -7.82933e-10 1.39231e-17) (1.08485e-07 -3.50403e-10 2.03812e-12)) ((1.55744e-13 2.76434e-13 4.7575e-17) (-1.95564e-13 -1.3168e-13 9.51102e-12)))
337	(((1.95909e-07 -7.84183e-10 2.62282e-17) (1.08425e-07 -3.50429e-10 2.33465e-12)) ((2.14313e-13 2.4412e-13 4.78975e-17) (-2.10938e-13 -1.38334e-13 9.61618e-12)))
338	(((1.95849e-07 -7.88823e-10 1.27519e-17) (1.08367e-07 -3.50496e-10 2.39366e-12)) ((1.58957e-13 2.81117e-13 4.78688e-17) (-2.10514e-13 -1.40943e-13 9.71772e-12)))
339	(((1.95811e-07 -7.95327e-10 2.51958e-17) (1.08309e-07 -3.5054e-10 2.22662e-12)) ((2.12084e-13 2.44229e-13 4.78351e-17) (-2.10266e-13 -1.36568e-13 9.81708e-12)))
340	(((1.95786e-07 -7.96922e-10 1.29134e-17) (1.08251e-07 -3.50636e-10 2.32953e-12)) ((1.6085e-13 2.78744e-13 4.77961e-17) (-2.05614e-13 -1.39928e-13 9.91439e-12)))
341	(((1.95752e-07 -8.01184e-10 2.74185e-17) (1.08193e-07 -3.50671e-10 2.23475e-12)) ((2.07205e-13 2.47971e-13 4.77608e-17) (-2.06791e-13 -1.37181e-13 1.00113e-11)))
342	(((1.95696e-07 -8.01236e-10 1.19842e-17) (1.08136e-07 -3.50778e-10 2.2462e-12)) ((1.58562e-13 2.7951e-13 4.76577e-17) (-2.02863e-13 -1.39231e-13 1.01106e-11)))
343	(((1.95623e-07 -7.97092e-10 2.74913e-17) (1.0808e-07 -3.50866e-10 2.18713e-12)) ((2.1139e-13 2.45197e-13 4.78904e-17) (-2.02757e-13 -1.36427e-13 1.02095e-11)))
344	(((1.95544e-07 -7.9205e-10 1.32558e-17) (1.08025e-07 -3.51005e-10 2.29295e-12)) ((1.56443e-13 2.84379e-13 4.77833e-17) (-2.03119e-13 -1.40054e-13 1.03094e-11)))
345	(((1.95485e-07 -7.95995e-10 2.8908e-17) (1.0797e-07 -3.51011e-10 2.14771e-12)) ((2.07468e-13 2.39447e-13 4.78666e-17) (-2.06642e-13 -1.35684e-13 1.04059e-11)))
346	(((1.95448e-07 -8.01493e-10 1.23067e-17) (1.07916e-07 -3.51059e-10 2.25289e-12)) ((1.61753e-13 2.80142e-13 4.79943e-17) (-2.01195e-13 -1.3898e-13 1.04986e-11)))
347	(((1.95424e-07 -8.0786e-10 2.91701e-17) (1.07863e-07 -3.51112e-10 2.18224e-12)) ((2.06667e-13 2.43367e-13 4.78951e-17) (-2.05823e-13 -1.3649e-13 1.0589e-11)))
348	(((1.95395e-07 -8.06605e-10 1.18682e-17) (1.07809e-07 -3.51185e-10 2.22053e-12)) ((1.5756e-13 2.78811e-13 4.77861e-17) (-1.99369e-13 -1.39364e-13 1.06784e-11)))
349	(((1.95348e-07 -8.07612e-10 2.95111e-17) (1.07756e-07 -3.51219e-10 2.14038e-12)) ((2.04887e-13 2.38632e-13 4.79955e-17) (-2.01888e-13 -1.36254e-13 1.07676e-11)))
350	(((1.95278e-07 -8.07372e-10 1.33022e-17) (1.07704e-07 -3.51311e-10 2.26037e-12)) ((1.61558e-13 2.81749e-13 4.79545e-17) (-2.00128e-13 -1.40255e-13 1.0857e-11)))
351	(((1.95207e-07 -8.05824e-10 2.48239e-17) (1.07652e-07 -3.51379e-10 2.12275e-12)) ((2.0731e-13 2.46209e-13 4.79214e-17) (-2.03627e-13 -1.365e-13 1.09462e-11)))
352	(((1.95146e-07 -8.016e-10 1.25768e-17) (1.07601e-07 -3.5147e-10 2.22948e-12)) ((1.6396e-13 2.78417e-13 4.80639e-17) (-1.98133e-13 -1.39688e-13 1.10336e-11)))
353	(((1.95101e-07 -8.07432e-10 2.59851e-17) (1.07551e-07 -3.51485e-10 2.19243e-12)) ((2.0759e-13 2.49274e-13 4.81357e-17) (-2.04807e-13 -1.37556e-13 1.11185e-11)))
354	(((1.95074e-07 -8.15055e-10 1.34428e-17) (1.07501e-07 -3.51541e-10 2.28459e-12)) ((1.62112e-13 2.78507e-13 4.80536e-17) (-1.99663e-13 -1.41218e-13 1.12011e-11)))
355	(((1.95048e-07 -8.19459e-10 2.48891e-17) (1.07451e-07 -3.51612e-10 2.16927e-12)) ((2.08173e-13 2.44778e-13 4.82606e-17) (-2.00756e-13 -1.37618e-13 1.1282e-11)))
356	(((1.95013e-07 -8.17274e-10 1.31369e-17) (1.07402e-07 -3.51741e-10 2.33957e-12)) ((1.56403e-13 2.85287e-13 4.80115e-17) (-1.96964e-13 -1.43096e-13 1.13644e-11)))
357	(((1.94957e-07 -8.16459e-10 2.29636e-17) (1.07353e-07 -3.51795e-10 2.143e-12)) ((2.07611e-13 2.45707e-13 4.81557e-17) (-2.00672e-13 -1.37753e-13 1.14464e-11)))
358	(((1.94886e-07 -8.14143e-10 1.29366e-17) (1.07304e-07 -3.51862e-10 2.30021e-12)) ((1.63703e-13 2.79853e-13 4.82904e-17) (-1.96169e-13 -1.4207e-13 1.15269e-11)))
359	(((1.94823e-07 -8.14726e-10 2.31638e-17) (1.07257e-07 -3.51979e-10 2.17246e-12)) ((2.03697e-13 2.52977e-13 4.84074e-17) (-2.02494e-13 -1.38343e-13 1.16077e-11)))
360	(((1.94775e-07 -8.14177e-10 1.09126e-17) (1.0721e-07 -3.521e-10 2.24173e-12)) ((1.62724e-13 2.81004e-13 4.82355e-17) (-1.98414e-13 -1.40824e-13 1.16867e-11)))
361	(((1.94745e-07 -8.19398e-10 2.5389e-17) (1.07164e-07 -3.52136e-10 2.14053e-12)) ((2.11652e-13 2.46942e-13 4.85765e-17) (-2.01624e-13 -1.37302e-13 1.1762e-11)))
362	(((1.94721e-07 -8.25731e-10 1.38399e-17) (1.07117e-07 -3.52141e-10 2.2066e-12)) ((1.64664e-13 2.83371e-13 4.85033e-17) (-2.00398e-13 -1.41039e-13 1.18341e-11)))
363	(((1.94694e-07 -8.28949e-10 2.51038e-17) (1.07071e-07 -3.52211e-10 2.02659e-12)) ((2.0059e-13 2.46322e-13 4.84464e-17) (-2.05702e-13 -1.35915e-13 1.19073e-11)))
364	(((1.94648e-07 -8.24372e-10 1.05387e-17) (1.07025e-07 -3.52339e-10 2.20465e-12)) ((1.623e-13 2.83569e-13 4.84143e-17) (-1.96465e-13 -1.41095e-13 1.19818e-11)))
365	(((1.94582e-07 -8.23182e-10 2.65528e-17) (1.0698e-07 -3.52345e-10 2.06453e-12)) ((2.06795e-13 2.48723e-13 4.84871e-17) (-2.05435e-13 -1.37334e-13 1.20538e-11)))
366	(((1.94519e-07 -8.23637e-10 8.68209e-18) (1.06936e-07 -3.52418e-10 2.14323e-12)) ((1.57649e-13 2.83188e-13 4.85673e-17) (-1.99823e-13 -1.39822e-13 1.21261e-11)))
367	(((1.94467e-07 -8.24383e-10 2.58179e-17) (1.06892e-07 -3.52493e-10 2.08302e-12)) ((2.11786e-13 2.46434e-13 4.86429e-17) (-2.01678e-13 -1.37121e-13 1.21971e-11)))
368	(((1.9443e-07 -8.25691e-10 1.12869e-17) (1.06848e-07 -3.52599e-10 2.18232e-12)) ((1.65289e-13 2.84375e-13 4.86113e-17) (-2.00268e-13 -1.40498e-13 1.22664e-11)))
369	(((1.94412e-07 -8.31683e-10 2.52477e-17) (1.06805e-07 -3.52558e-10 2.03336e-12)) ((2.10375e-13 2.43632e-13 4.86113e-17) (-2.04133e-13 -1.36342e-13 1.23321e-11)))
370	(((1.94389e-07 -8.36937e-10 1.12927e-17) (1.06762e-07 -3.52665e-10 2.18614e-12)) ((1.58083e-13 2.83542e-13 4.87897e-17) (-1.99282e-13 -1.41053e-13 1.23986e-11)))
371	(((1.94347e-07 -8.37189e-10 2.69226e-17) (1.06719e-07 -3.52728e-10 2.07265e-12)) ((2.10112e-13 2.47592e-13 4.87218e-17) (-2.03695e-13 -1.38021e-13 1.24651e-11)))
372	(((1.94294e-07 -8.32281e-10 1.11014e-17) (1.06677e-07 -3.52871e-10 2.12977e-12)) ((1.5961e-13 2.79669e-13 4.87584e-17) (-1.99291e-13 -1.40342e-13 1.25331e-11)))
373	(((1.94232e-07 -8.30596e-10 2.41853e-17) (1.06635e-07 -3.52903e-10 2.01818e-12)) ((2.08815e-13 2.49109e-13 4.89858e-17) (-2.02446e-13 -1.36575e-13 1.25997e-11)))
374	(((1.94174e-07 -8.33118e-10 1.19992e-17) (1.06594e-07 -3.5299e-10 2.16591e-12)) ((1.6248e-13 2.83975e-13 4.89746e-17) (-2.01664e-13 -1.40857e-13 1.26655e-11)))
375	(((1.94137e-07 -8.35691e-10 2.12193e-17) (1.06554e-07 -3.53014e-10 1.97821e-12)) ((2.07239e-13 2.46755e-13 4.90472e-17) (-2.06537e-13 -1.34912e-13 1.27279e-11)))
376	(((1.94116e-07 -8.37294e-10 8.66427e-18) (1.06514e-07 -3.53111e-10 2.12619e-12)) ((1.58659e-13 2.8656e-13 4.8969e-17) (-2.01353e-13 -1.39174e-13 1.27899e-11)))
377	(((1.94094e-07 -8.44336e-10 2.39318e-17) (1.06473e-07 -3.5318e-10 2.01778e-12)) ((2.07728e-13 2.49169e-13 4.90037e-17) (-2.05115e-13 -1.36347e-13 1.28523e-11)))
378	(((1.94065e-07 -8.46076e-10 1.01765e-17) (1.06433e-07 -3.53203e-10 2.07343e-12)) ((1.61602e-13 2.80502e-13 4.89047e-17) (-2.00171e-13 -1.39091e-13 1.29134e-11)))
379	(((1.94017e-07 -8.43666e-10 2.44008e-17) (1.06394e-07 -3.53298e-10 1.97035e-12)) ((2.05156e-13 2.47967e-13 4.91692e-17) (-2.04893e-13 -1.3605e-13 1.29758e-11)))
380	(((1.93956e-07 -8.40209e-10 1.26548e-17) (1.06354e-07 -3.53458e-10 2.13193e-12)) ((1.66816e-13 2.83544e-13 4.89999e-17) (-1.9888e-13 -1.40567e-13 1.30399e-11)))
381	(((1.939e-07 -8.40378e-10 2.35685e-17) (1.06316e-07 -3.53497e-10 1.98561e-12)) ((2.08485e-13 2.45364e-13 4.90976e-17) (-2.04803e-13 -1.3613e-13 1.31019e-11)))
382	(((1.93857e-07 -8.42363e-10 9.70504e-18) (1.06278e-07 -3.53546e-10 2.09735e-12)) ((1.66242e-13 2.85309e-13 4.92771e-17) (-2.00861e-13 -1.39456e-13 1.31603e-11)))
383	(((1.93829e-07 -8.46694e-10 2.33737e-17) (1.0624e-07 -3.53565e-10 1.96145e-12)) ((2.09067e-13 2.52246e-13 4.92253e-17) (-2.08429e-13 -1.35259e-13 1.3216e-11)))
384	(((1.93815e-07 -8.5067e-10 7.45685e-18) (1.06203e-07 -3.53723e-10 2.09336e-12)) ((1.5941e-13 2.84683e-13 4.90528e-17) (-2.00212e-13 -1.39876e-13 1.32747e-11)))
385	(((1.93793e-07 -8.52931e-10 2.29845e-17) (1.06165e-07 -3.53706e-10 1.95088e-12)) ((2.07428e-13 2.52061e-13 4.91219e-17) (-2.04351e-13 -1.36579e-13 1.33303e-11)))
386	(((1.93751e-07 -8.54202e-10 1.14016e-17) (1.06128e-07 -3.53792e-10 2.08023e-12)) ((1.59076e-13 2.87015e-13 4.91578e-17) (-2.0174e-13 -1.40864e-13 1.33863e-11)))
387	(((1.93697e-07 -8.52901e-10 2.17478e-17) (1.06091e-07 -3.53922e-10 1.98918e-12)) ((2.0741e-13 2.50365e-13 4.91057e-17) (-2.00741e-13 -1.37565e-13 1.34447e-11)))
388	(((1.93642e-07 -8.47958e-10 8.59644e-18) (1.06055e-07 -3.54088e-10 2.10405e-12)) ((1.57255e-13 2.89246e-13 4.92348e-17) (-1.99696e-13 -1.40962e-13 1.35035e-11)))
389	(((1.93592e-07 -8.49332e-10 2.40006e-17) (1.06019e-07 -3.54094e-10 2.0143e-12)) ((2.12284e-13 2.53088e-13 4.92553e-17) (-2.04042e-13 -1.36989e-13 1.35574e-11)))
390	(((1.93562e-07 -8.53141e-10 7.88245e-18) (1.05984e-07 -3.54115e-10 2.05986e-12)) ((1.63798e-13 2.84787e-13 4.92745e-17) (-2.01898e-13 -1.38777e-13 1.36088e-11)))
391	(((1.93547e-07 -8.58372e-10 2.33329e-17) (1.05949e-07 -3.54222e-10 1.95619e-12)) ((2.1159e-13 2.51863e-13 4.93775e-17) (-2.04935e-13 -1.35979e-13 1.36613e-11)))
392	(((1.93528e-07 -8.60277e-10 1.0461e-17) (1.05914e-07 -3.54329e-10 2.05485e-12)) ((1.64005e-13 2.87693e-13 4.91279e-17) (-2.02325e-13 -1.39659e-13 1.37136e-11)))
393	(((1.93499e-07 -8.61929e-10 2.18021e-17) (1.05879e-07 -3.54344e-10 1.90652e-12)) ((2.02709e-13 2.50007e-13 4.91735e-17) (-2.05447e-13 -1.3556e-13 1.37646e-11)))
394	(((1.93451e-07 -8.61437e-10 9.56815e-18) (1.05844e-07 -3.54473e-10 2.0293e-12)) ((1.66082e-13 2.86555e-13 4.92173e-17) (-1.99232e-13 -1.40174e-13 1.38172e-11)))
395	(((1.93393e-07 -8.5919e-10 2.44192e-17) (1.0581e-07 -3.54579e-10 1.94895e-12)) ((2.10616e-13 2.51258e-13 4.93084e-17) (-2.05718e-13 -1.37043e-13 1.38696e-11)))
396	(((1.93343e-07 -8.55481e-10 7.11472e-18) (1.05776e-07 -3.54674e-10 2.06769e-12)) ((1.66569e-13 2.89312e-13 4.92117e-17) (-2.00244e-13 -1.40062e-13 1.39198e-11)))
397	(((1.93312e-07 -8.57565e-10 2.00689e-17) (1.05743e-07 -3.54673e-10 1.87548e-12)) ((2.08663e-13 2.53198e-13 4.94202e-17) (-2.09217e-13 -1.34179e-13 1.39666e-11)))
398	(((1.93295e-07 -8.63783e-10 9.76477e-18) (1.0571e-07 -3.54801e-10 2.12215e-12)) ((1.64953e-13 2.88514e-13 4.93253e-17) (-2.00288e-13 -1.4078e-13 1.40145e-11)))
399	(((1.9328e-07 -8.6754e-10 1.97346e-17) (1.05677e-07 -3.54829e-10 1.90796e-12)) ((2.02749e-13 2.52569e-13 4.93088e-17) (-2.05562e-13 -1.35371e-13 1.40608e-11)))
400	(((1.93258e-07 -8.65489e-10 9.28771e-18) (1.05645e-07 -3.54936e-10 2.03971e-12)) ((1.66691e-13 2.85731e-13 4.93616e-17) (-2.01986e-13 -1.39835e-13 1.41084e-11)))
401	(((1.93218e-07 -8.66969e-10 2.13844e-17) (1.05612e-07 -3.55036e-10 1.93107e-12)) ((2.13174e-13 2.54137e-13 4.93112e-17) (-2.04815e-13 -1.36748e-13 1.41568e-11)))
402	(((1.93162e-07 -8.66394e-10 6.93924e-18) (1.0558e-07 -3.55116e-10 2.04132e-12)) ((1.59447e-13 2.85981e-13 4.93778e-17) (-2.00207e-13 -1.40061e-13 1.42043e-11)))
403	(((1.93108e-07 -8.64806e-10 2.11606e-17) (1.05548e-07 -3.55184e-10 1.88091e-12)) ((2.10179e-13 2.51483e-13 4.95154e-17) (-2.0551e-13 -1.35154e-13 1.42503e-11)))
404	(((1.93073e-07 -8.62744e-10 8.75084e-18) (1.05517e-07 -3.55302e-10 2.02929e-12)) ((1.6102e-13 2.86516e-13 4.9479e-17) (-2.03171e-13 -1.38329e-13 1.42942e-11)))
405	(((1.93052e-07 -8.68179e-10 2.13824e-17) (1.05486e-07 -3.55375e-10 1.95313e-12)) ((2.08989e-13 2.50817e-13 4.94543e-17) (-2.03326e-13 -1.35993e-13 1.43378e-11)))
406	(((1.93038e-07 -8.73055e-10 6.80757e-18) (1.05456e-07 -3.55427e-10 2.02049e-12)) ((1.65333e-13 2.87263e-13 4.95239e-17) (-2.01378e-13 -1.38983e-13 1.43806e-11)))
407	(((1.9302e-07 -8.75929e-10 2.37156e-17) (1.05425e-07 -3.55509e-10 1.90763e-12)) ((2.09367e-13 2.519e-13 4.94461e-17) (-2.05605e-13 -1.35962e-13 1.44247e-11)))
408	(((1.92993e-07 -8.73481e-10 5.5926e-18) (1.05394e-07 -3.5567e-10 2.0393e-12)) ((1.65894e-13 2.85787e-13 4.93539e-17) (-1.97402e-13 -1.40008e-13 1.44708e-11)))
409	(((1.92948e-07 -8.71887e-10 2.02653e-17) (1.05364e-07 -3.55728e-10 1.90402e-12)) ((2.07778e-13 2.5293e-13 4.95729e-17) (-2.04141e-13 -1.36325e-13 1.45149e-11)))
410	(((1.92892e-07 -8.70767e-10 8.08589e-18) (1.05334e-07 -3.55812e-10 2.04982e-12)) ((1.68345e-13 2.87976e-13 4.95038e-17) (-2.00144e-13 -1.39912e-13 1.45575e-11)))
411	(((1.92845e-07 -8.7123e-10 1.89307e-17) (1.05304e-07 -3.55914e-10 1.98459e-12)) ((2.10887e-13 2.53046e-13 4.95933e-17) (-2.02106e-13 -1.36696e-13 1.45989e-11)))
412	(((1.92822e-07 -8.69731e-10 1.04211e-17) (1.05276e-07 -3.56004e-10 2.04149e-12)) ((1.66903e-13 2.82153e-13 4.96185e-17) (-2.00496e-13 -1.38973e-13 1.46378e-11)))
413	(((1.9281e-07 -8.75628e-10 2.21561e-17) (1.05247e-07 -3.56042e-10 1.91944e-12)) ((2.06583e-13 2.52569e-13 4.95434e-17) (-2.06112e-13 -1.35206e-13 1.46758e-11)))
414	(((1.92796e-07 -8.81546e-10 7.72228e-18) (1.05218e-07 -3.56139e-10 2.0206e-12)) ((1.61352e-13 2.88231e-13 4.94822e-17) (-2.01851e-13 -1.3885e-13 1.47153e-11)))
415	(((1.92772e-07 -8.82466e-10 1.9145e-17) (1.05189e-07 -3.56242e-10 1.89479e-12)) ((2.14115e-13 2.54094e-13 4.96168e-17) (-2.03741e-13 -1.35683e-13 1.47564e-11)))
416	(((1.92736e-07 -8.78321e-10 8.6943e-18) (1.0516e-07 -3.56383e-10 2.03018e-12)) ((1.64369e-13 2.85043e-13 4.95244e-17) (-2.00393e-13 -1.39552e-13 1.47977e-11)))
417	(((1.92688e-07 -8.7687e-10 1.90189e-17) (1.05132e-07 -3.56419e-10 1.86414e-12)) ((2.11395e-13 2.5141e-13 4.95546e-17) (-2.04068e-13 -1.34955e-13 1.48376e-11)))
418	(((1.92636e-07 -8.77206e-10 6.96918e-18) (1.05104e-07 -3.56543e-10 2.06679e-12)) ((1.67508e-13 2.84955e-13 4.97944e-17) (-1.97375e-13 -1.40062e-13 1.48766e-11)))
419	(((1.92601e-07 -8.78612e-10 2.31566e-17) (1.05077e-07 -3.56614e-10 1.92829e-12)) ((2.097e-13 2.50233e-13 4.97646e-17) (-2.04405e-13 -1.35246e-13 1.49125e-11)))
420	(((1.92587e-07 -8.78692e-10 6.14522e-18) (1.0505e-07 -3.56715e-10 2.01909e-12)) ((1.60313e-13 2.83564e-13 4.95964e-17) (-1.99607e-13 -1.38174e-13 1.49476e-11)))
421	(((1.92581e-07 -8.85121e-10 2.2263e-17) (1.05023e-07 -3.56811e-10 1.95346e-12)) ((2.11881e-13 2.5079e-13 4.96743e-17) (-2.02262e-13 -1.36768e-13 1.49844e-11)))
422	(((1.92563e-07 -8.88908e-10 7.3271e-18) (1.04996e-07 -3.56901e-10 2.04011e-12)) ((1.6648e-13 2.87412e-13 4.95925e-17) (-1.98033e-13 -1.39859e-13 1.50213e-11)))
423	(((1.9253e-07 -8.88663e-10 1.96465e-17) (1.04969e-07 -3.56992e-10 1.91391e-12)) ((2.06128e-13 2.5086e-13 4.95731e-17) (-2.01116e-13 -1.36336e-13 1.50588e-11)))
424	(((1.92484e-07 -8.82778e-10 6.73622e-18) (1.04942e-07 -3.5713e-10 1.92801e-12)) ((1.59556e-13 2.88066e-13 4.96656e-17) (-2.0025e-13 -1.38096e-13 1.50972e-11)))
425	(((1.92439e-07 -8.81812e-10 2.20648e-17) (1.04916e-07 -3.57201e-10 1.92584e-12)) ((2.11418e-13 2.4889e-13 4.97344e-17) (-2.01616e-13 -1.35621e-13 1.51331e-11)))
426	(((1.92404e-07 -8.8325e-10 6.18365e-18) (1.0489e-07 -3.57292e-10 1.98773e-12)) ((1.61784e-13 2.85444e-13 4.97554e-17) (-1.99474e-13 -1.37864e-13 1.5166e-11)))
427	(((1.9238e-07 -8.85135e-10 2.0451e-17) (1.04865e-07 -3.57321e-10 1.92475e-12)) ((2.12787e-13 2.49877e-13 4.98969e-17) (-2.01828e-13 -1.35008e-13 1.51961e-11)))
428	(((1.9237e-07 -8.86764e-10 8.90639e-18) (1.0484e-07 -3.57476e-10 2.11019e-12)) ((1.69588e-13 2.8634e-13 4.97089e-17) (-1.97476e-13 -1.40452e-13 1.52291e-11)))
429	(((1.9236e-07 -8.91533e-10 1.78866e-17) (1.04814e-07 -3.57514e-10 1.95908e-12)) ((2.08516e-13 2.53403e-13 4.96974e-17) (-1.97984e-13 -1.36523e-13 1.52617e-11)))
430	(((1.92339e-07 -8.92754e-10 8.56181e-18) (1.04789e-07 -3.57619e-10 2.03868e-12)) ((1.6331e-13 2.82847e-13 4.98236e-17) (-1.95532e-13 -1.40088e-13 1.52956e-11)))
431	(((1.92302e-07 -8.91716e-10 2.24274e-17) (1.04763e-07 -3.57736e-10 1.95346e-12)) ((2.11127e-13 2.51391e-13 4.97489e-17) (-1.97372e-13 -1.37418e-13 1.5331e-11)))
432	(((1.92251e-07 -8.85794e-10 6.05764e-18) (1.04738e-07 -3.57851e-10 2.05297e-12)) ((1.6196e-13 2.86538e-13 4.97891e-17) (-1.93939e-13 -1.40043e-13 1.53643e-11)))
433	(((1.92207e-07 -8.86869e-10 2.07311e-17) (1.04714e-07 -3.57918e-10 1.91616e-12)) ((2.10638e-13 2.51583e-13 4.9926e-17) (-2.00093e-13 -1.35497e-13 1.53954e-11)))
434	(((1.92178e-07 -8.90421e-10 7.47559e-18) (1.0469e-07 -3.58045e-10 2.07797e-12)) ((1.64568e-13 2.89051e-13 4.99165e-17) (-1.97184e-13 -1.39048e-13 1.54256e-11)))
435	(((1.9217e-07 -8.93537e-10 2.06291e-17) (1.04666e-07 -3.58131e-10 1.91986e-12)) ((2.11601e-13 2.4985e-13 4.97921e-17) (-2.00902e-13 -1.3479e-13 1.54551e-11)))
436	(((1.92167e-07 -8.9321e-10 6.03598e-18) (1.04642e-07 -3.58235e-10 2.01567e-12)) ((1.63765e-13 2.87779e-13 4.98322e-17) (-1.94917e-13 -1.39029e-13 1.5485e-11)))
437	(((1.9215e-07 -8.97099e-10 2.12208e-17) (1.04618e-07 -3.5827e-10 1.91928e-12)) ((2.09093e-13 2.53019e-13 4.97238e-17) (-2.00151e-13 -1.36153e-13 1.55146e-11)))
438	(((1.92116e-07 -8.98647e-10 5.11905e-18) (1.04594e-07 -3.5842e-10 2.05575e-12)) ((1.68518e-13 2.87903e-13 4.97907e-17) (-1.91815e-13 -1.40774e-13 1.55465e-11)))
439	(((1.92069e-07 -8.95025e-10 1.80602e-17) (1.04571e-07 -3.58486e-10 1.92679e-12)) ((2.10207e-13 2.55639e-13 4.99709e-17) (-1.98856e-13 -1.36468e-13 1.55763e-11)))
440	(((1.92027e-07 -8.89942e-10 8.63843e-18) (1.04548e-07 -3.58646e-10 2.06147e-12)) ((1.65351e-13 2.86104e-13 4.99804e-17) (-1.97376e-13 -1.39601e-13 1.56057e-11)))
441	(((1.91996e-07 -8.9304e-10 1.67288e-17) (1.04525e-07 -3.58731e-10 1.97471e-12)) ((2.08297e-13 2.54132e-13 4.99839e-17) (-1.98634e-13 -1.36005e-13 1.5634e-11)))
442	(((1.91978e-07 -8.97054e-10 7.47601e-18) (1.04503e-07 -3.58797e-10 2.0727e-12)) ((1.66357e-13 2.86275e-13 5.00724e-17) (-1.97271e-13 -1.39426e-13 1.56606e-11)))
443	(((1.91972e-07 -9.01997e-10 1.91623e-17) (1.0448e-07 -3.58883e-10 1.93083e-12)) ((2.09484e-13 2.5445e-13 4.99414e-17) (-2.01537e-13 -1.35331e-13 1.56876e-11)))
444	(((1.91962e-07 -9.0198e-10 5.95591e-18) (1.04458e-07 -3.59058e-10 2.05137e-12)) ((1.65222e-13 2.86498e-13 4.97093e-17) (-1.93591e-13 -1.39812e-13 1.57167e-11)))
445	(((1.91942e-07 -9.02777e-10 2.15743e-17) (1.04435e-07 -3.59152e-10 1.86199e-12)) ((2.14169e-13 2.4767e-13 4.98522e-17) (-1.98305e-13 -1.35391e-13 1.57463e-11)))
446	(((1.91904e-07 -9.0044e-10 8.0176e-18) (1.04413e-07 -3.59235e-10 2.05699e-12)) ((1.6448e-13 2.87406e-13 4.98607e-17) (-1.92412e-13 -1.40399e-13 1.5774e-11)))
447	(((1.91854e-07 -8.98997e-10 1.86856e-17) (1.04391e-07 -3.59366e-10 1.86853e-12)) ((2.00771e-13 2.53543e-13 4.99416e-17) (-1.98782e-13 -1.34487e-13 1.58014e-11)))
448	(((1.91815e-07 -8.94945e-10 5.12825e-18) (1.04369e-07 -3.59501e-10 2.09014e-12)) ((1.63735e-13 2.87246e-13 5.00139e-17) (-1.90672e-13 -1.39742e-13 1.58274e-11)))
449	(((1.91793e-07 -8.9884e-10 2.13317e-17) (1.04348e-07 -3.59525e-10 1.9755e-12)) ((2.08775e-13 2.52911e-13 5.00625e-17) (-1.99643e-13 -1.35545e-13 1.58505e-11)))
450	(((1.91791e-07 -9.04619e-10 4.59069e-18) (1.04327e-07 -3.5959e-10 2.08622e-12)) ((1.65925e-13 2.83946e-13 4.99198e-17) (-1.92023e-13 -1.39117e-13 1.58744e-11)))
451	(((1.91788e-07 -9.08517e-10 1.92488e-17) (1.04306e-07 -3.59693e-10 1.9986e-12)) ((2.12555e-13 2.49412e-13 5.00093e-17) (-1.94956e-13 -1.36962e-13 1.58996e-11)))
452	(((1.91771e-07 -9.05892e-10 8.76845e-18) (1.04285e-07 -3.59816e-10 2.09517e-12)) ((1.66004e-13 2.84612e-13 4.98051e-17) (-1.93134e-13 -1.40827e-13 1.59257e-11)))
453	(((1.91737e-07 -9.05964e-10 1.73386e-17) (1.04263e-07 -3.59892e-10 1.95409e-12)) ((2.0807e-13 2.51938e-13 4.98489e-17) (-1.94128e-13 -1.36628e-13 1.59519e-11)))
454	(((1.91691e-07 -9.03862e-10 6.34926e-18) (1.04242e-07 -3.6002e-10 2.06612e-12)) ((1.64897e-13 2.86271e-13 5.00368e-17) (-1.92929e-13 -1.40311e-13 1.59775e-11)))
455	(((1.9165e-07 -9.01768e-10 1.88026e-17) (1.04222e-07 -3.60106e-10 1.97174e-12)) ((2.11366e-13 2.54136e-13 5.00682e-17) (-1.98056e-13 -1.35676e-13 1.60006e-11)))
456	(((1.91626e-07 -8.98468e-10 3.03125e-18) (1.04202e-07 -3.60219e-10 2.11716e-12)) ((1.64226e-13 2.90624e-13 4.99723e-17) (-1.93403e-13 -1.40182e-13 1.60225e-11)))
457	(((1.91619e-07 -9.04236e-10 1.81963e-17) (1.04182e-07 -3.60277e-10 1.99468e-12)) ((2.09721e-13 2.53266e-13 5.00704e-17) (-1.98774e-13 -1.35899e-13 1.60442e-11)))
458	(((1.91614e-07 -9.10811e-10 6.49121e-18) (1.04162e-07 -3.60365e-10 2.11397e-12)) ((1.67375e-13 2.87105e-13 4.99392e-17) (-1.94102e-13 -1.39944e-13 1.60662e-11)))
459	(((1.91603e-07 -9.13964e-10 2.00776e-17) (1.04142e-07 -3.60475e-10 2.00472e-12)) ((2.11921e-13 2.49253e-13 4.98678e-17) (-1.93261e-13 -1.37599e-13 1.60898e-11)))
460	(((1.91577e-07 -9.08621e-10 5.04352e-18) (1.04122e-07 -3.60593e-10 2.07207e-12)) ((1.70412e-13 2.85327e-13 4.99564e-17) (-1.89385e-13 -1.40461e-13 1.61137e-11)))
461	(((1.91538e-07 -9.07234e-10 1.9622e-17) (1.04102e-07 -3.60678e-10 1.94934e-12)) ((2.12231e-13 2.54135e-13 4.99851e-17) (-1.97646e-13 -1.36428e-13 1.61376e-11)))
462	(((1.91493e-07 -9.06715e-10 2.74612e-18) (1.04082e-07 -3.60797e-10 2.12869e-12)) ((1.67375e-13 2.89102e-13 5.00239e-17) (-1.89567e-13 -1.408e-13 1.61598e-11)))
463	(((1.91462e-07 -9.06069e-10 1.82624e-17) (1.04064e-07 -3.60856e-10 1.93877e-12)) ((2.14238e-13 2.50385e-13 5.01919e-17) (-1.9999e-13 -1.34643e-13 1.61792e-11)))
464	(((1.91445e-07 -9.0551e-10 8.01791e-18) (1.04045e-07 -3.60984e-10 2.13599e-12)) ((1.66652e-13 2.83056e-13 5.00441e-17) (-1.94858e-13 -1.39586e-13 1.6199e-11)))
465	(((1.91443e-07 -9.13361e-10 1.71973e-17) (1.04026e-07 -3.61059e-10 1.98971e-12)) ((2.13544e-13 2.49099e-13 4.99486e-17) (-1.96238e-13 -1.35951e-13 1.62194e-11)))
466	(((1.9144e-07 -9.17563e-10 6.75853e-18) (1.04007e-07 -3.61145e-10 2.08863e-12)) ((1.73415e-13 2.8208e-13 4.9983e-17) (-1.93003e-13 -1.40094e-13 1.624e-11)))
467	(((1.91426e-07 -9.17268e-10 1.74208e-17) (1.03988e-07 -3.61245e-10 1.9827e-12)) ((2.15933e-13 2.54098e-13 4.99231e-17) (-1.95901e-13 -1.36831e-13 1.62616e-11)))
468	(((1.9139e-07 -9.10758e-10 4.59508e-18) (1.03969e-07 -3.61399e-10 2.10371e-12)) ((1.69686e-13 2.84644e-13 4.98472e-17) (-1.88194e-13 -1.4154e-13 1.62847e-11)))
469	(((1.91347e-07 -9.08373e-10 1.83952e-17) (1.03951e-07 -3.6146e-10 1.97594e-12)) ((2.12149e-13 2.49176e-13 5.00423e-17) (-1.95908e-13 -1.36528e-13 1.63059e-11)))
470	(((1.91307e-07 -9.0883e-10 7.68468e-18) (1.03933e-07 -3.61561e-10 2.10807e-12)) ((1.72193e-13 2.84257e-13 5.00773e-17) (-1.9365e-13 -1.39804e-13 1.63246e-11)))
471	(((1.91285e-07 -9.12145e-10 1.8e-17) (1.03915e-07 -3.61667e-10 2.03401e-12)) ((2.11931e-13 2.49423e-13 5.0106e-17) (-1.94598e-13 -1.36735e-13 1.63431e-11)))
472	(((1.9128e-07 -9.12125e-10 5.82143e-18) (1.03897e-07 -3.61756e-10 2.08087e-12)) ((1.74056e-13 2.8356e-13 5.00381e-17) (-1.92141e-13 -1.39259e-13 1.63608e-11)))
473	(((1.91285e-07 -9.18414e-10 1.98824e-17) (1.0388e-07 -3.61816e-10 1.95152e-12)) ((2.13076e-13 2.52955e-13 4.98571e-17) (-1.95789e-13 -1.35671e-13 1.63793e-11)))
474	(((1.91275e-07 -9.21763e-10 2.12843e-18) (1.03861e-07 -3.61949e-10 2.07038e-12)) ((1.64608e-13 2.87562e-13 4.98578e-17) (-1.87355e-13 -1.40117e-13 1.63992e-11)))
475	(((1.91248e-07 -9.18364e-10 1.90615e-17) (1.03843e-07 -3.62016e-10 1.90324e-12)) ((2.12152e-13 2.50113e-13 4.99834e-17) (-1.94107e-13 -1.35491e-13 1.64183e-11)))
476	(((1.91202e-07 -9.11163e-10 6.8897e-18) (1.03825e-07 -3.62177e-10 2.08293e-12)) ((1.6398e-13 2.85685e-13 4.99432e-17) (-1.90104e-13 -1.39922e-13 1.64384e-11)))
477	(((1.91159e-07 -9.11975e-10 1.63442e-17) (1.03808e-07 -3.62249e-10 1.97025e-12)) ((2.09348e-13 2.51529e-13 5.00351e-17) (-1.92581e-13 -1.35544e-13 1.64566e-11)))
478	(((1.91133e-07 -9.14104e-10 5.93831e-18) (1.03792e-07 -3.62309e-10 2.07246e-12)) ((1.6713e-13 2.84652e-13 5.02064e-17) (-1.92952e-13 -1.38436e-13 1.64721e-11)))
479	(((1.91128e-07 -9.17577e-10 1.69172e-17) (1.03775e-07 -3.6237e-10 1.99014e-12)) ((2.09519e-13 2.55121e-13 5.00475e-17) (-1.9631e-13 -1.35069e-13 1.64875e-11)))
480	(((1.9113e-07 -9.18619e-10 2.02245e-18) (1.03758e-07 -3.62518e-10 2.13994e-12)) ((1.67013e-13 2.87767e-13 4.98755e-17) (-1.89592e-13 -1.39902e-13 1.65057e-11)))
481	(((1.91125e-07 -9.22023e-10 1.60441e-17) (1.03741e-07 -3.62559e-10 1.9953e-12)) ((2.0781e-13 2.53871e-13 4.9918e-17) (-1.94489e-13 -1.36281e-13 1.65231e-11)))
482	(((1.91107e-07 -9.22783e-10 4.85098e-18) (1.03724e-07 -3.62706e-10 2.10377e-12)) ((1.69183e-13 2.85424e-13 4.99492e-17) (-1.89183e-13 -1.40207e-13 1.65423e-11)))
483	(((1.91067e-07 -9.20028e-10 1.61577e-17) (1.03707e-07 -3.62822e-10 2.03586e-12)) ((2.08236e-13 2.4944e-13 4.99467e-17) (-1.90036e-13 -1.37515e-13 1.65616e-11)))
484	(((1.91023e-07 -9.12817e-10 2.91793e-18) (1.0369e-07 -3.62948e-10 2.09227e-12)) ((1.67712e-13 2.83596e-13 5.00628e-17) (-1.87896e-13 -1.39591e-13 1.65792e-11)))
485	(((1.90991e-07 -9.14401e-10 1.77906e-17) (1.03674e-07 -3.62993e-10 1.99225e-12)) ((2.11715e-13 2.50332e-13 5.00363e-17) (-1.94773e-13 -1.35057e-13 1.65942e-11)))
486	(((1.90981e-07 -9.1881e-10 2.75565e-18) (1.03659e-07 -3.63101e-10 2.18987e-12)) ((1.63105e-13 2.85377e-13 4.98985e-17) (-1.88725e-13 -1.40819e-13 1.66092e-11)))
487	(((1.90981e-07 -9.22947e-10 1.71557e-17) (1.03643e-07 -3.63146e-10 1.98484e-12)) ((2.11335e-13 2.50959e-13 4.99609e-17) (-1.95356e-13 -1.35581e-13 1.66229e-11)))
488	(((1.90981e-07 -9.2276e-10 6.52544e-18) (1.03627e-07 -3.63287e-10 2.14155e-12)) ((1.66189e-13 2.85088e-13 4.97563e-17) (-1.89958e-13 -1.40438e-13 1.6639e-11)))
489	(((1.90971e-07 -9.25603e-10 1.69096e-17) (1.03611e-07 -3.63378e-10 2.01898e-12)) ((2.12111e-13 2.47134e-13 4.97437e-17) (-1.88694e-13 -1.37173e-13 1.66569e-11)))
490	(((1.90937e-07 -9.2404e-10 6.22511e-18) (1.03594e-07 -3.63449e-10 2.06407e-12)) ((1.7058e-13 2.8151e-13 4.98692e-17) (-1.87324e-13 -1.40269e-13 1.66727e-11)))
491	(((1.90894e-07 -9.21236e-10 1.89316e-17) (1.03578e-07 -3.63557e-10 1.97365e-12)) ((2.14274e-13 2.50448e-13 4.99917e-17) (-1.92009e-13 -1.36182e-13 1.66883e-11)))
492	(((1.90856e-07 -9.1468e-10 5.13366e-18) (1.03563e-07 -3.63652e-10 2.13016e-12)) ((1.69652e-13 2.80959e-13 4.9907e-17) (-1.87324e-13 -1.40272e-13 1.6703e-11)))
493	(((1.90839e-07 -9.17948e-10 1.66673e-17) (1.03548e-07 -3.63689e-10 1.99706e-12)) ((2.07597e-13 2.50319e-13 5.00731e-17) (-1.92923e-13 -1.35939e-13 1.67151e-11)))
494	(((1.90836e-07 -9.23487e-10 6.33736e-18) (1.03534e-07 -3.63764e-10 2.08548e-12)) ((1.73907e-13 2.83724e-13 4.9993e-17) (-1.9017e-13 -1.39304e-13 1.67273e-11)))
495	(((1.9084e-07 -9.29027e-10 1.78985e-17) (1.03518e-07 -3.63886e-10 2.01389e-12)) ((2.11641e-13 2.47904e-13 4.99626e-17) (-1.90475e-13 -1.36824e-13 1.67422e-11)))
496	(((1.90837e-07 -9.25916e-10 3.77656e-18) (1.03503e-07 -3.63986e-10 2.09049e-12)) ((1.7308e-13 2.82574e-13 4.9781e-17) (-1.86226e-13 -1.40106e-13 1.67576e-11)))
497	(((1.9081e-07 -9.26131e-10 1.97334e-17) (1.03487e-07 -3.64061e-10 1.96305e-12)) ((2.17642e-13 2.50104e-13 4.98926e-17) (-1.92799e-13 -1.36497e-13 1.67735e-11)))
498	(((1.90769e-07 -9.24606e-10 4.06527e-18) (1.03472e-07 -3.64195e-10 2.1519e-12)) ((1.65425e-13 2.83927e-13 4.98688e-17) (-1.84204e-13 -1.41706e-13 1.67902e-11)))
499	(((1.90728e-07 -9.21989e-10 1.63513e-17) (1.03457e-07 -3.64279e-10 1.98318e-12)) ((2.11808e-13 2.49878e-13 5.00778e-17) (-1.91117e-13 -1.35761e-13 1.68037e-11)))
500	(((1.90704e-07 -9.16766e-10 4.43318e-18) (1.03443e-07 -3.64378e-10 2.17123e-12)) ((1.70323e-13 2.87299e-13 4.99824e-17) (-1.89121e-13 -1.40615e-13 1.6816e-11)))
501	(((1.90696e-07 -9.23221e-10 1.59212e-17) (1.03429e-07 -3.64449e-10 2.04315e-12)) ((2.15736e-13 2.50284e-13 4.9891e-17) (-1.89927e-13 -1.36844e-13 1.68282e-11)))
502	(((1.90702e-07 -9.29681e-10 4.26006e-18) (1.03415e-07 -3.64502e-10 2.11909e-12)) ((1.69323e-13 2.83524e-13 4.98859e-17) (-1.86913e-13 -1.39842e-13 1.68389e-11)))
503	(((1.90702e-07 -9.32465e-10 1.92089e-17) (1.034e-07 -3.64589e-10 1.98655e-12)) ((2.11477e-13 2.51777e-13 4.97668e-17) (-1.91238e-13 -1.36359e-13 1.68516e-11)))
504	(((1.90688e-07 -9.27786e-10 4.44352e-18) (1.03386e-07 -3.64741e-10 2.09058e-12)) ((1.68007e-13 2.82167e-13 4.96969e-17) (-1.82514e-13 -1.40332e-13 1.68672e-11)))
505	(((1.90652e-07 -9.26345e-10 1.75446e-17) (1.03371e-07 -3.64788e-10 1.98139e-12)) ((2.05763e-13 2.49415e-13 4.98199e-17) (-1.87927e-13 -1.36676e-13 1.68809e-11)))
506	(((1.90609e-07 -9.24402e-10 6.02799e-18) (1.03357e-07 -3.64906e-10 2.09021e-12)) ((1.71718e-13 2.84087e-13 4.99958e-17) (-1.8596e-13 -1.39708e-13 1.68942e-11)))
507	(((1.90577e-07 -9.23442e-10 1.65463e-17) (1.03343e-07 -3.64983e-10 2.02444e-12)) ((2.11999e-13 2.48428e-13 5.00071e-17) (-1.87937e-13 -1.36198e-13 1.6906e-11)))
508	(((1.90564e-07 -9.20579e-10 5.2696e-18) (1.0333e-07 -3.65064e-10 2.10857e-12)) ((1.66663e-13 2.81948e-13 4.99284e-17) (-1.86031e-13 -1.39598e-13 1.6916e-11)))
509	(((1.90567e-07 -9.26727e-10 1.92878e-17) (1.03317e-07 -3.65096e-10 1.95873e-12)) ((2.15861e-13 2.4978e-13 4.98601e-17) (-1.91919e-13 -1.35209e-13 1.69266e-11)))
510	(((1.90577e-07 -9.32581e-10 4.27493e-18) (1.03303e-07 -3.65194e-10 2.14247e-12)) ((1.64642e-13 2.85236e-13 4.97323e-17) (-1.83625e-13 -1.40761e-13 1.69386e-11)))
511	(((1.90566e-07 -9.33829e-10 1.65007e-17) (1.03289e-07 -3.65261e-10 1.94613e-12)) ((2.0946e-13 2.51168e-13 4.98033e-17) (-1.87867e-13 -1.35718e-13 1.69503e-11)))
512	(((1.90535e-07 -9.26667e-10 6.20972e-18) (1.03275e-07 -3.65371e-10 2.0771e-12)) ((1.68327e-13 2.84483e-13 4.97936e-17) (-1.84092e-13 -1.39989e-13 1.69636e-11)))
513	(((1.90492e-07 -9.25982e-10 1.72785e-17) (1.03261e-07 -3.65476e-10 2.00275e-12)) ((2.0935e-13 2.50054e-13 4.98852e-17) (-1.85797e-13 -1.3685e-13 1.69772e-11)))
514	(((1.90458e-07 -9.24905e-10 4.21504e-18) (1.03248e-07 -3.65528e-10 2.09461e-12)) ((1.70694e-13 2.83087e-13 4.99462e-17) (-1.84625e-13 -1.3929e-13 1.69874e-11)))
515	(((1.90437e-07 -9.2639e-10 1.90297e-17) (1.03235e-07 -3.65589e-10 1.99575e-12)) ((2.14207e-13 2.50847e-13 5.00143e-17) (-1.92266e-13 -1.35733e-13 1.69964e-11)))
516	(((1.90436e-07 -9.25754e-10 1.4138e-18) (1.03223e-07 -3.65676e-10 2.13421e-12)) ((1.72888e-13 2.86173e-13 4.97919e-17) (-1.84843e-13 -1.40279e-13 1.70064e-11)))
517	(((1.90445e-07 -9.32378e-10 1.48905e-17) (1.0321e-07 -3.65702e-10 1.99195e-12)) ((2.12122e-13 2.52152e-13 4.98006e-17) (-1.89429e-13 -1.35867e-13 1.70155e-11)))
518	(((1.90444e-07 -9.36083e-10 6.14193e-18) (1.03197e-07 -3.65831e-10 2.0929e-12)) ((1.69639e-13 2.84409e-13 4.97903e-17) (-1.85432e-13 -1.39891e-13 1.70271e-11)))
519	(((1.90425e-07 -9.3478e-10 1.56727e-17) (1.03183e-07 -3.65941e-10 1.98306e-12)) ((2.12117e-13 2.51816e-13 4.97905e-17) (-1.84625e-13 -1.37077e-13 1.70401e-11)))
520	(((1.90383e-07 -9.26062e-10 4.53383e-18) (1.0317e-07 -3.66037e-10 2.0934e-12)) ((1.63854e-13 2.84113e-13 4.98408e-17) (-1.82405e-13 -1.40231e-13 1.70515e-11)))
521	(((1.90341e-07 -9.25386e-10 1.82356e-17) (1.03157e-07 -3.6607e-10 1.96576e-12)) ((2.12992e-13 2.51933e-13 4.98729e-17) (-1.89299e-13 -1.35428e-13 1.70618e-11)))
522	(((1.90315e-07 -9.27292e-10 2.45479e-18) (1.03145e-07 -3.66129e-10 2.13175e-12)) ((1.67631e-13 2.85279e-13 4.98502e-17) (-1.83034e-13 -1.40369e-13 1.70703e-11)))
523	(((1.90311e-07 -9.30307e-10 1.8066e-17) (1.03133e-07 -3.66179e-10 1.94356e-12)) ((2.12697e-13 2.50042e-13 4.99462e-17) (-1.90627e-13 -1.35336e-13 1.70774e-11)))
524	(((1.90319e-07 -9.30015e-10 5.09601e-18) (1.03121e-07 -3.66286e-10 2.08075e-12)) ((1.71551e-13 2.8467e-13 4.97431e-17) (-1.85428e-13 -1.39298e-13 1.70862e-11)))
525	(((1.90328e-07 -9.35187e-10 1.69906e-17) (1.03109e-07 -3.66349e-10 2.01015e-12)) ((2.11381e-13 2.47253e-13 4.96592e-17) (-1.85897e-13 -1.3679e-13 1.7097e-11)))
526	(((1.90312e-07 -9.35735e-10 5.39661e-18) (1.03096e-07 -3.66395e-10 2.03271e-12)) ((1.73407e-13 2.8234e-13 4.97648e-17) (-1.83049e-13 -1.3949e-13 1.71068e-11)))
527	(((1.90277e-07 -9.33366e-10 1.78782e-17) (1.03083e-07 -3.66465e-10 1.96423e-12)) ((2.11671e-13 2.51704e-13 4.98043e-17) (-1.87018e-13 -1.36239e-13 1.71172e-11)))
528	(((1.90234e-07 -9.25555e-10 4.22763e-18) (1.03071e-07 -3.66584e-10 2.10289e-12)) ((1.6656e-13 2.8514e-13 4.98057e-17) (-1.82307e-13 -1.40506e-13 1.71284e-11)))
529	(((1.90202e-07 -9.26363e-10 1.52365e-17) (1.03059e-07 -3.66605e-10 1.97266e-12)) ((2.11923e-13 2.53824e-13 5.00015e-17) (-1.88105e-13 -1.35902e-13 1.71361e-11)))
530	(((1.90191e-07 -9.30329e-10 5.28354e-18) (1.03048e-07 -3.66681e-10 2.10635e-12)) ((1.69259e-13 2.8759e-13 4.99554e-17) (-1.8698e-13 -1.39915e-13 1.71428e-11)))
531	(((1.90198e-07 -9.34789e-10 1.38625e-17) (1.03036e-07 -3.66747e-10 2.03209e-12)) ((2.11505e-13 2.54359e-13 4.98756e-17) (-1.85813e-13 -1.37339e-13 1.71507e-11)))
532	(((1.90208e-07 -9.32184e-10 1.52136e-18) (1.03024e-07 -3.66799e-10 2.10356e-12)) ((1.74093e-13 2.89643e-13 4.97946e-17) (-1.8449e-13 -1.40419e-13 1.71586e-11)))
533	(((1.90204e-07 -9.35457e-10 1.73956e-17) (1.03012e-07 -3.66862e-10 1.985e-12)) ((2.12439e-13 2.55568e-13 4.9713e-17) (-1.88132e-13 -1.36545e-13 1.71683e-11)))
534	(((1.90177e-07 -9.35179e-10 6.53476e-19) (1.03e-07 -3.66962e-10 2.11895e-12)) ((1.66488e-13 2.8883e-13 4.96959e-17) (-1.79368e-13 -1.4107e-13 1.71792e-11)))
535	(((1.90135e-07 -9.31156e-10 1.68019e-17) (1.02988e-07 -3.67018e-10 1.97881e-12)) ((2.09419e-13 2.53828e-13 4.99194e-17) (-1.87144e-13 -1.36796e-13 1.71887e-11)))
536	(((1.90095e-07 -9.24213e-10 4.53655e-18) (1.02977e-07 -3.67116e-10 2.11359e-12)) ((1.67436e-13 2.87045e-13 4.9866e-17) (-1.83441e-13 -1.39717e-13 1.71974e-11)))
537	(((1.90076e-07 -9.27888e-10 1.48913e-17) (1.02966e-07 -3.67139e-10 2.03806e-12)) ((2.09892e-13 2.52051e-13 4.98556e-17) (-1.85301e-13 -1.3707e-13 1.72043e-11)))
538	(((1.90079e-07 -9.32875e-10 5.22935e-18) (1.02955e-07 -3.67175e-10 2.0761e-12)) ((1.70926e-13 2.8462e-13 4.99007e-17) (-1.84938e-13 -1.39801e-13 1.72098e-11)))
539	(((1.90092e-07 -9.37858e-10 1.72914e-17) (1.02944e-07 -3.67236e-10 1.98236e-12)) ((2.12284e-13 2.53147e-13 4.97603e-17) (-1.87553e-13 -1.35962e-13 1.72158e-11)))
540	(((1.90094e-07 -9.3456e-10 4.73947e-18) (1.02932e-07 -3.67331e-10 2.1033e-12)) ((1.64554e-13 2.83642e-13 4.96078e-17) (-1.81176e-13 -1.40345e-13 1.72248e-11)))
541	(((1.90075e-07 -9.34991e-10 1.52321e-17) (1.0292e-07 -3.67365e-10 1.94848e-12)) ((2.10299e-13 2.52588e-13 4.97759e-17) (-1.84766e-13 -1.36132e-13 1.72335e-11)))
542	(((1.90036e-07 -9.33236e-10 5.04037e-18) (1.02909e-07 -3.67458e-10 2.08821e-12)) ((1.70351e-13 2.85991e-13 4.98441e-17) (-1.82263e-13 -1.40011e-13 1.72421e-11)))
543	(((1.89994e-07 -9.30877e-10 1.56605e-17) (1.02898e-07 -3.67547e-10 2.02644e-12)) ((2.09219e-13 2.50878e-13 4.99386e-17) (-1.84333e-13 -1.36554e-13 1.7251e-11)))
544	(((1.89967e-07 -9.24884e-10 2.57899e-18) (1.02888e-07 -3.67591e-10 2.09513e-12)) ((1.73228e-13 2.85835e-13 4.99567e-17) (-1.83297e-13 -1.39715e-13 1.72568e-11)))
545	(((1.89964e-07 -9.30618e-10 1.79905e-17) (1.02877e-07 -3.67611e-10 1.99542e-12)) ((2.11917e-13 2.52286e-13 4.98632e-17) (-1.90135e-13 -1.35984e-13 1.72619e-11)))
546	(((1.89976e-07 -9.3721e-10 1.28736e-18) (1.02867e-07 -3.67675e-10 2.13987e-12)) ((1.67299e-13 2.8608e-13 4.97375e-17) (-1.81295e-13 -1.40843e-13 1.72681e-11)))
547	(((1.89986e-07 -9.39815e-10 1.52363e-17) (1.02856e-07 -3.67712e-10 1.9587e-12)) ((2.1355e-13 2.52202e-13 4.97931e-17) (-1.87751e-13 -1.35888e-13 1.72741e-11)))
548	(((1.89974e-07 -9.34728e-10 4.95067e-18) (1.02845e-07 -3.67836e-10 2.09548e-12)) ((1.67822e-13 2.84995e-13 4.96566e-17) (-1.81918e-13 -1.40129e-13 1.72828e-11)))
549	(((1.89942e-07 -9.34609e-10 1.51749e-17) (1.02833e-07 -3.6791e-10 1.98496e-12)) ((2.09883e-13 2.49916e-13 4.97337e-17) (-1.81681e-13 -1.36794e-13 1.72929e-11)))
550	(((1.89899e-07 -9.318e-10 5.02385e-18) (1.02823e-07 -3.67938e-10 2.07925e-12)) ((1.68184e-13 2.82818e-13 4.98594e-17) (-1.81742e-13 -1.399e-13 1.72996e-11)))
551	(((1.89865e-07 -9.3085e-10 1.71952e-17) (1.02813e-07 -3.67995e-10 1.97632e-12)) ((2.12241e-13 2.52264e-13 4.99299e-17) (-1.87382e-13 -1.35789e-13 1.73049e-11)))
552	(((1.89853e-07 -9.27786e-10 2.45176e-18) (1.02803e-07 -3.68046e-10 2.1116e-12)) ((1.6822e-13 2.84829e-13 4.97523e-17) (-1.82076e-13 -1.40322e-13 1.73099e-11)))
553	(((1.89863e-07 -9.34391e-10 1.63815e-17) (1.02793e-07 -3.6808e-10 1.9527e-12)) ((2.10048e-13 2.50431e-13 4.98901e-17) (-1.87807e-13 -1.35737e-13 1.73138e-11)))
554	(((1.89877e-07 -9.40357e-10 4.44084e-18) (1.02783e-07 -3.68163e-10 2.07994e-12)) ((1.69916e-13 2.851e-13 4.97592e-17) (-1.82843e-13 -1.39596e-13 1.73193e-11)))
555	(((1.89876e-07 -9.41576e-10 1.6095e-17) (1.02772e-07 -3.68237e-10 2.00277e-12)) ((2.07907e-13 2.49371e-13 4.96742e-17) (-1.83358e-13 -1.36979e-13 1.73272e-11)))
556	(((1.89849e-07 -9.33354e-10 2.75782e-18) (1.02761e-07 -3.68304e-10 2.07029e-12)) ((1.68987e-13 2.83629e-13 4.97231e-17) (-1.79178e-13 -1.40057e-13 1.7335e-11)))
557	(((1.89808e-07 -9.31597e-10 1.72877e-17) (1.02751e-07 -3.68346e-10 1.95853e-12)) ((2.12808e-13 2.51607e-13 4.9773e-17) (-1.86466e-13 -1.35614e-13 1.73426e-11)))
558	(((1.89769e-07 -9.31048e-10 2.01187e-18) (1.02741e-07 -3.68422e-10 2.13648e-12)) ((1.66355e-13 2.85746e-13 4.98241e-17) (-1.80595e-13 -1.40666e-13 1.73494e-11)))
559	(((1.8975e-07 -9.31771e-10 1.54894e-17) (1.02731e-07 -3.68442e-10 1.95126e-12)) ((2.13513e-13 2.51556e-13 4.99753e-17) (-1.87713e-13 -1.35497e-13 1.73529e-11)))
560	(((1.89752e-07 -9.31817e-10 4.61077e-18) (1.02722e-07 -3.68488e-10 2.12297e-12)) ((1.69999e-13 2.85293e-13 4.99087e-17) (-1.84639e-13 -1.40242e-13 1.73569e-11)))
561	(((1.89768e-07 -9.34214e-10 1.39074e-17) (1.02712e-07 -3.68555e-10 2.01144e-12)) ((2.13612e-13 2.50909e-13 4.96744e-17) (-1.84568e-13 -1.36819e-13 1.73626e-11)))
562	(((1.89776e-07 -9.40809e-10 2.37077e-18) (1.02702e-07 -3.68579e-10 2.09346e-12)) ((1.72893e-13 2.84899e-13 4.9753e-17) (-1.8171e-13 -1.39986e-13 1.73673e-11)))
563	(((1.8976e-07 -9.42372e-10 1.64932e-17) (1.02692e-07 -3.68674e-10 1.98493e-12)) ((2.11633e-13 2.52242e-13 4.96612e-17) (-1.85454e-13 -1.36321e-13 1.73738e-11)))
564	(((1.89722e-07 -9.3914e-10 8.61521e-19) (1.02681e-07 -3.68777e-10 2.10654e-12)) ((1.68841e-13 2.85477e-13 4.97718e-17) (-1.78569e-13 -1.40382e-13 1.73819e-11)))
565	(((1.89678e-07 -9.29514e-10 1.53254e-17) (1.02672e-07 -3.68849e-10 1.9788e-12)) ((2.12711e-13 2.51533e-13 4.98756e-17) (-1.86783e-13 -1.35837e-13 1.7388e-11)))
566	(((1.89651e-07 -9.311e-10 3.21431e-18) (1.02663e-07 -3.68892e-10 2.11074e-12)) ((1.69968e-13 2.85734e-13 4.98499e-17) (-1.8295e-13 -1.39855e-13 1.73924e-11)))
567	(((1.89648e-07 -9.34527e-10 1.50273e-17) (1.02654e-07 -3.6892e-10 2.00978e-12)) ((2.12066e-13 2.49594e-13 4.98353e-17) (-1.85324e-13 -1.36868e-13 1.7396e-11)))
568	(((1.89663e-07 -9.3906e-10 2.34206e-18) (1.02645e-07 -3.68947e-10 2.10522e-12)) ((1.6796e-13 2.84009e-13 4.97793e-17) (-1.81843e-13 -1.40392e-13 1.73989e-11)))
569	(((1.89675e-07 -9.37502e-10 1.6876e-17) (1.02635e-07 -3.69048e-10 1.95226e-12)) ((2.12968e-13 2.50727e-13 4.96436e-17) (-1.86395e-13 -1.35531e-13 1.74043e-11)))
570	(((1.89668e-07 -9.40173e-10 2.64729e-18) (1.02625e-07 -3.69094e-10 2.1162e-12)) ((1.64166e-13 2.8328e-13 4.96119e-17) (-1.78415e-13 -1.40776e-13 1.74121e-11)))
571	(((1.89637e-07 -9.38294e-10 1.45366e-17) (1.02615e-07 -3.69132e-10 1.93602e-12)) ((2.1232e-13 2.51303e-13 4.97637e-17) (-1.83738e-13 -1.35853e-13 1.74189e-11)))
572	(((1.89593e-07 -9.34655e-10 4.73693e-18) (1.02606e-07 -3.69182e-10 2.08203e-12)) ((1.70729e-13 2.83969e-13 4.97923e-17) (-1.81358e-13 -1.39423e-13 1.74246e-11)))
573	(((1.89557e-07 -9.30298e-10 1.81796e-17) (1.02597e-07 -3.69236e-10 1.97505e-12)) ((1.95243e-13 2.40446e-13 4.98123e-17) (-1.81978e-13 -1.35659e-13 1.74299e-11)))
574	(((1.89546e-07 -9.29541e-10 5.60721e-18) (1.02589e-07 -3.69235e-10 2.04696e-12)) ((1.62771e-13 2.77475e-13 4.98943e-17) (-1.8177e-13 -1.39293e-13 1.74326e-11)))
575	(((1.89558e-07 -9.34772e-10 1.76922e-17) (1.0258e-07 -3.69288e-10 1.98082e-12)) ((2.05176e-13 2.48568e-13 4.97293e-17) (-1.87172e-13 -1.3624e-13 1.74346e-11)))
576	(((1.89576e-07 -9.42669e-10 4.59162e-19) (1.02571e-07 -3.69348e-10 2.11147e-12)) ((1.6608e-13 2.8375e-13 4.96006e-17) (-1.78848e-13 -1.40553e-13 1.74389e-11)))
577	(((1.89578e-07 -9.4408e-10 1.45051e-17) (1.02561e-07 -3.69377e-10 1.9394e-12)) ((2.13325e-13 2.50883e-13 4.96816e-17) (-1.85148e-13 -1.35717e-13 1.7444e-11)))
578	(((1.89555e-07 -9.39955e-10 3.40054e-18) (1.02552e-07 -3.69492e-10 2.1066e-12)) ((1.70424e-13 2.85614e-13 4.96085e-17) (-1.80144e-13 -1.40594e-13 1.74508e-11)))
579	(((1.89512e-07 -9.3333e-10 1.30881e-17) (1.02542e-07 -3.69559e-10 1.99474e-12)) ((2.15353e-13 2.51937e-13 4.96836e-17) (-1.81794e-13 -1.36732e-13 1.74587e-11)))
580	(((1.89471e-07 -9.31383e-10 1.94954e-18) (1.02534e-07 -3.69577e-10 2.12955e-12)) ((1.69238e-13 2.85706e-13 4.9934e-17) (-1.80945e-13 -1.40832e-13 1.74636e-11)))
581	(((1.89452e-07 -9.33038e-10 1.51872e-17) (1.02526e-07 -3.69606e-10 1.99713e-12)) ((2.1363e-13 2.52959e-13 4.98068e-17) (-1.86781e-13 -1.3617e-13 1.74661e-11)))
582	(((1.89456e-07 -9.35009e-10 2.23003e-18) (1.02518e-07 -3.69618e-10 2.10632e-12)) ((1.64701e-13 2.8143e-13 4.9796e-17) (-1.80959e-13 -1.40334e-13 1.74688e-11)))
583	(((1.89475e-07 -9.37282e-10 1.61602e-17) (1.02509e-07 -3.69638e-10 1.95956e-12)) ((2.08998e-13 2.49194e-13 4.9717e-17) (-1.86135e-13 -1.35967e-13 1.74718e-11)))
584	(((1.89486e-07 -9.41675e-10 4.07157e-18) (1.025e-07 -3.69732e-10 2.06478e-12)) ((1.686e-13 2.83176e-13 4.96089e-17) (-1.80436e-13 -1.39455e-13 1.74762e-11)))
585	(((1.89473e-07 -9.4295e-10 1.56431e-17) (1.02491e-07 -3.69784e-10 2.00378e-12)) ((2.05519e-13 2.48079e-13 4.9567e-17) (-1.80556e-13 -1.37224e-13 1.74824e-11)))
586	(((1.89435e-07 -9.39516e-10 2.59847e-18) (1.02482e-07 -3.69847e-10 2.06758e-12)) ((1.672e-13 2.82922e-13 4.98125e-17) (-1.77367e-13 -1.39875e-13 1.74883e-11)))
587	(((1.89391e-07 -9.32574e-10 1.7282e-17) (1.02473e-07 -3.699e-10 1.95745e-12)) ((2.13989e-13 2.50977e-13 4.97539e-17) (-1.86072e-13 -1.35475e-13 1.74934e-11)))
588	(((1.89362e-07 -9.29943e-10 2.287e-18) (1.02465e-07 -3.69958e-10 2.10335e-12)) ((1.63387e-13 2.82896e-13 4.97908e-17) (-1.79151e-13 -1.39997e-13 1.74974e-11)))
589	(((1.89359e-07 -9.33551e-10 1.61206e-17) (1.02458e-07 -3.69935e-10 1.9156e-12)) ((2.12192e-13 2.49087e-13 4.98336e-17) (-1.86749e-13 -1.35296e-13 1.74988e-11)))
590	(((1.89377e-07 -9.40372e-10 4.10241e-18) (1.0245e-07 -3.69992e-10 2.10345e-12)) ((1.66559e-13 2.83539e-13 4.97453e-17) (-1.82351e-13 -1.40222e-13 1.75004e-11)))
591	(((1.89393e-07 -9.4254e-10 1.64905e-17) (1.02441e-07 -3.70018e-10 1.95971e-12)) ((2.06624e-13 2.4492e-13 4.96204e-17) (-1.82218e-13 -1.36327e-13 1.75045e-11)))
592	(((1.89391e-07 -9.40858e-10 4.97956e-18) (1.02432e-07 -3.70078e-10 2.05589e-12)) ((1.56432e-13 2.74984e-13 4.9664e-17) (-1.76837e-13 -1.39434e-13 1.75097e-11)))
593	(((1.8936e-07 -9.4002e-10 1.87004e-17) (1.02423e-07 -3.7014e-10 1.94076e-12)) ((2.03873e-13 2.45671e-13 4.96527e-17) (-1.82836e-13 -1.35584e-13 1.75155e-11)))
594	(((1.89315e-07 -9.33746e-10 1.65014e-18) (1.02415e-07 -3.70205e-10 2.08757e-12)) ((1.62126e-13 2.81271e-13 4.97067e-17) (-1.761e-13 -1.39692e-13 1.75218e-11)))
595	(((1.89278e-07 -9.32027e-10 1.69774e-17) (1.02407e-07 -3.70201e-10 1.93633e-12)) ((2.08602e-13 2.47587e-13 4.98974e-17) (-1.85523e-13 -1.35463e-13 1.75248e-11)))
596	(((1.89266e-07 -9.32139e-10 3.20401e-18) (1.024e-07 -3.70254e-10 2.10004e-12)) ((1.71713e-13 2.85132e-13 4.98195e-17) (-1.82253e-13 -1.40354e-13 1.7527e-11)))
597	(((1.8928e-07 -9.38177e-10 1.47281e-17) (1.02392e-07 -3.70259e-10 1.98745e-12)) ((2.13695e-13 2.48611e-13 4.97177e-17) (-1.84047e-13 -1.36959e-13 1.75283e-11)))
598	(((1.89301e-07 -9.42635e-10 2.45285e-18) (1.02384e-07 -3.70293e-10 2.09001e-12)) ((1.68878e-13 2.8335e-13 4.96954e-17) (-1.79674e-13 -1.40284e-13 1.75307e-11)))
599	(((1.89307e-07 -9.43103e-10 1.55625e-17) (1.02376e-07 -3.70353e-10 1.94331e-12)) ((2.13379e-13 2.50588e-13 4.95466e-17) (-1.83886e-13 -1.35557e-13 1.75353e-11)))
600	(((1.89285e-07 -9.39371e-10 2.14377e-18) (1.02367e-07 -3.70415e-10 2.10838e-12)) ((1.61337e-13 2.8191e-13 4.95265e-17) (-1.7653e-13 -1.40599e-13 1.75414e-11)))
601	(((1.89244e-07 -9.35967e-10 1.56495e-17) (1.02359e-07 -3.70429e-10 1.92678e-12)) ((2.11706e-13 2.49189e-13 4.97825e-17) (-1.83127e-13 -1.35372e-13 1.75467e-11)))
602	(((1.89201e-07 -9.33907e-10 2.62305e-18) (1.02351e-07 -3.70477e-10 2.10255e-12)) ((1.70558e-13 2.848e-13 4.98045e-17) (-1.80605e-13 -1.39736e-13 1.755e-11)))
603	(((1.8918e-07 -9.31629e-10 1.48501e-17) (1.02344e-07 -3.70519e-10 1.99112e-12)) ((2.10102e-13 2.47987e-13 4.97537e-17) (-1.82879e-13 -1.36407e-13 1.75529e-11)))
604	(((1.89186e-07 -9.35767e-10 1.03678e-18) (1.02337e-07 -3.70497e-10 2.07615e-12)) ((1.70632e-13 2.83355e-13 4.98423e-17) (-1.80647e-13 -1.4007e-13 1.75533e-11)))
605	(((1.89208e-07 -9.4008e-10 1.60263e-17) (1.02329e-07 -3.70546e-10 1.9865e-12)) ((2.12759e-13 2.50753e-13 4.96768e-17) (-1.86847e-13 -1.36283e-13 1.75546e-11)))
606	(((1.89222e-07 -9.44446e-10 1.47678e-19) (1.02321e-07 -3.70576e-10 2.11738e-12)) ((1.69007e-13 2.84763e-13 4.95436e-17) (-1.77478e-13 -1.40662e-13 1.75577e-11)))
607	(((1.89209e-07 -9.40707e-10 1.26316e-17) (1.02313e-07 -3.70598e-10 1.9744e-12)) ((2.19609e-13 2.55411e-13 4.97134e-17) (-1.83693e-13 -1.36493e-13 1.75619e-11)))
608	(((1.89173e-07 -9.35868e-10 2.44085e-18) (1.02305e-07 -3.70676e-10 2.12409e-12)) ((1.71871e-13 2.87148e-13 4.95974e-17) (-1.78631e-13 -1.40495e-13 1.75677e-11)))
609	(((1.89129e-07 -9.31899e-10 1.33511e-17) (1.02297e-07 -3.70728e-10 2.0193e-12)) ((2.13192e-13 2.50678e-13 4.97133e-17) (-1.80992e-13 -1.36691e-13 1.75726e-11)))
610	(((1.89099e-07 -9.32681e-10 2.6588e-18) (1.0229e-07 -3.70715e-10 2.1083e-12)) ((1.67541e-13 2.82658e-13 4.98099e-17) (-1.80612e-13 -1.39989e-13 1.75738e-11)))
611	(((1.89097e-07 -9.3659e-10 1.57035e-17) (1.02284e-07 -3.70738e-10 1.96803e-12)) ((2.12836e-13 2.50474e-13 4.9818e-17) (-1.86689e-13 -1.35832e-13 1.75742e-11)))
612	(((1.89116e-07 -9.39706e-10 3.35918e-19) (1.02277e-07 -3.70781e-10 2.09832e-12)) ((1.67468e-13 2.82773e-13 4.96251e-17) (-1.79435e-13 -1.4026e-13 1.75744e-11)))
613	(((1.89137e-07 -9.43758e-10 1.44653e-17) (1.02269e-07 -3.70808e-10 1.9617e-12)) ((2.08518e-13 2.49123e-13 4.96372e-17) (-1.84022e-13 -1.36138e-13 1.75765e-11)))
614	(((1.89136e-07 -9.43018e-10 3.26272e-18) (1.02261e-07 -3.70877e-10 2.08654e-12)) ((1.68881e-13 2.82791e-13 4.95033e-17) (-1.78607e-13 -1.39707e-13 1.75809e-11)))
615	(((1.89108e-07 -9.40944e-10 1.42821e-17) (1.02253e-07 -3.70918e-10 2.00171e-12)) ((2.07652e-13 2.48042e-13 4.95531e-17) (-1.79857e-13 -1.36899e-13 1.75865e-11)))
616	(((1.89065e-07 -9.3812e-10 6.36867e-18) (1.02245e-07 -3.70983e-10 2.00905e-12)) ((1.52632e-13 2.70225e-13 4.97186e-17) (-1.76071e-13 -1.38052e-13 1.7591e-11)))
617	(((1.89024e-07 -9.3407e-10 1.93043e-17) (1.02238e-07 -3.71005e-10 1.91979e-12)) ((1.97165e-13 2.41105e-13 4.97512e-17) (-1.8339e-13 -1.34521e-13 1.75935e-11)))
618	(((1.8901e-07 -9.31392e-10 3.83691e-18) (1.02232e-07 -3.71043e-10 2.07743e-12)) ((1.55474e-13 2.77083e-13 4.96779e-17) (-1.78228e-13 -1.40222e-13 1.75958e-11)))
619	(((1.89023e-07 -9.333e-10 1.45843e-17) (1.02226e-07 -3.71019e-10 1.90762e-12)) ((2.06727e-13 2.47018e-13 4.9732e-17) (-1.83993e-13 -1.3566e-13 1.7596e-11)))
620	(((1.89048e-07 -9.41776e-10 4.14671e-18) (1.02218e-07 -3.71056e-10 2.07179e-12)) ((1.6419e-13 2.80672e-13 4.96056e-17) (-1.79873e-13 -1.39912e-13 1.75972e-11)))
621	(((1.89058e-07 -9.45081e-10 1.36153e-17) (1.02211e-07 -3.7108e-10 1.95423e-12)) ((2.11202e-13 2.47586e-13 4.95314e-17) (-1.79957e-13 -1.36354e-13 1.76008e-11)))
622	(((1.89039e-07 -9.41864e-10 8.85836e-19) (1.02203e-07 -3.71098e-10 2.05979e-12)) ((1.68835e-13 2.82235e-13 4.96271e-17) (-1.76777e-13 -1.39942e-13 1.76046e-11)))
623	(((1.89e-07 -9.36299e-10 1.90421e-17) (1.02195e-07 -3.71189e-10 1.93542e-12)) ((2.0136e-13 2.43896e-13 4.95219e-17) (-1.82061e-13 -1.35188e-13 1.76094e-11)))
624	(((1.88956e-07 -9.33734e-10 1.09948e-18) (1.02189e-07 -3.71178e-10 2.08225e-12)) ((1.60008e-13 2.8001e-13 4.96489e-17) (-1.76004e-13 -1.39639e-13 1.76123e-11)))
625	(((1.88932e-07 -9.3332e-10 1.6339e-17) (1.02182e-07 -3.71162e-10 1.92955e-12)) ((2.06272e-13 2.46452e-13 4.9804e-17) (-1.85284e-13 -1.35626e-13 1.76128e-11)))
626	(((1.88938e-07 -9.36843e-10 3.4928e-18) (1.02176e-07 -3.71184e-10 2.06229e-12)) ((1.66078e-13 2.81335e-13 4.97251e-17) (-1.80951e-13 -1.3972e-13 1.76121e-11)))
627	(((1.88961e-07 -9.37694e-10 1.35854e-17) (1.02169e-07 -3.71234e-10 1.97451e-12)) ((2.10986e-13 2.47131e-13 4.95192e-17) (-1.82265e-13 -1.36671e-13 1.76128e-11)))
628	(((1.88978e-07 -9.42882e-10 1.34797e-18) (1.02162e-07 -3.71238e-10 2.08218e-12)) ((1.67003e-13 2.81653e-13 4.95667e-17) (-1.77926e-13 -1.40166e-13 1.76144e-11)))
629	(((1.88971e-07 -9.43546e-10 1.58575e-17) (1.02155e-07 -3.71277e-10 1.95239e-12)) ((2.12431e-13 2.49835e-13 4.95291e-17) (-1.82516e-13 -1.35803e-13 1.7618e-11)))
630	(((1.88936e-07 -9.40272e-10 4.8671e-19) (1.02147e-07 -3.71327e-10 2.11834e-12)) ((1.65823e-13 2.8368e-13 4.95576e-17) (-1.7628e-13 -1.40655e-13 1.76229e-11)))
631	(((1.8889e-07 -9.31855e-10 1.28213e-17) (1.0214e-07 -3.71339e-10 1.94076e-12)) ((2.17152e-13 2.516e-13 4.9767e-17) (-1.8371e-13 -1.35319e-13 1.76264e-11)))
632	(((1.88857e-07 -9.29852e-10 1.88288e-18) (1.02134e-07 -3.71359e-10 2.11191e-12)) ((1.7181e-13 2.85068e-13 4.97007e-17) (-1.81154e-13 -1.39816e-13 1.76274e-11)))
633	(((1.88855e-07 -9.34815e-10 1.29544e-17) (1.02128e-07 -3.71362e-10 2.00727e-12)) ((2.11739e-13 2.49749e-13 4.96923e-17) (-1.83241e-13 -1.37116e-13 1.76273e-11)))
634	(((1.88876e-07 -9.40448e-10 5.16974e-19) (1.02122e-07 -3.7133e-10 2.08891e-12)) ((1.72091e-13 2.84118e-13 4.96776e-17) (-1.80042e-13 -1.40578e-13 1.76252e-11)))
635	(((1.889e-07 -9.45935e-10 1.64305e-17) (1.02115e-07 -3.71383e-10 1.97797e-12)) ((2.09804e-13 2.49107e-13 4.95718e-17) (-1.84786e-13 -1.36133e-13 1.76254e-11)))
636	(((1.88902e-07 -9.41377e-10 6.14854e-19) (1.02108e-07 -3.71457e-10 2.08453e-12)) ((1.64534e-13 2.81126e-13 4.94325e-17) (-1.75587e-13 -1.39736e-13 1.76291e-11)))
637	(((1.88875e-07 -9.39221e-10 1.388e-17) (1.02101e-07 -3.71452e-10 1.93912e-12)) ((2.09196e-13 2.4892e-13 4.96265e-17) (-1.81418e-13 -1.3538e-13 1.76323e-11)))
638	(((1.8883e-07 -9.36219e-10 3.7927e-18) (1.02094e-07 -3.7152e-10 2.09748e-12)) ((1.64592e-13 2.82142e-13 4.96661e-17) (-1.77805e-13 -1.39489e-13 1.76357e-11)))
639	(((1.8879e-07 -9.32873e-10 1.35121e-17) (1.02088e-07 -3.71508e-10 1.99929e-12)) ((2.1051e-13 2.49487e-13 4.9674e-17) (-1.80424e-13 -1.36608e-13 1.76373e-11)))
640	(((1.88776e-07 -9.31029e-10 1.82072e-18) (1.02082e-07 -3.71516e-10 2.08476e-12)) ((1.69828e-13 2.83481e-13 4.9774e-17) (-1.80598e-13 -1.40485e-13 1.76369e-11)))
641	(((1.88791e-07 -9.3529e-10 1.50753e-17) (1.02076e-07 -3.71517e-10 1.9532e-12)) ((2.15676e-13 2.51133e-13 4.9584e-17) (-1.8627e-13 -1.36104e-13 1.76356e-11)))
642	(((1.88818e-07 -9.43126e-10 -8.28713e-19) (1.0207e-07 -3.71535e-10 2.10021e-12)) ((1.68821e-13 2.83697e-13 4.95351e-17) (-1.77711e-13 -1.40303e-13 1.76351e-11)))
643	(((1.8883e-07 -9.45527e-10 1.33934e-17) (1.02063e-07 -3.71558e-10 1.95396e-12)) ((2.09256e-13 2.50024e-13 4.95846e-17) (-1.82122e-13 -1.35795e-13 1.76365e-11)))
644	(((1.88813e-07 -9.42705e-10 3.35652e-18) (1.02056e-07 -3.71615e-10 2.07654e-12)) ((1.67258e-13 2.83121e-13 4.95197e-17) (-1.76552e-13 -1.39504e-13 1.76399e-11)))
645	(((1.88772e-07 -9.33203e-10 1.46419e-17) (1.02049e-07 -3.71678e-10 2.00036e-12)) ((2.0567e-13 2.47492e-13 4.9488e-17) (-1.78814e-13 -1.36529e-13 1.76448e-11)))
646	(((1.88728e-07 -9.31026e-10 2.32763e-18) (1.02043e-07 -3.71649e-10 2.05688e-12)) ((1.68771e-13 2.81234e-13 4.97488e-17) (-1.77475e-13 -1.39121e-13 1.76467e-11)))
647	(((1.88704e-07 -9.32525e-10 1.62993e-17) (1.02037e-07 -3.71652e-10 1.95427e-12)) ((2.08542e-13 2.48836e-13 4.9702e-17) (-1.84446e-13 -1.35508e-13 1.76464e-11)))
648	(((1.88711e-07 -9.3704e-10 1.04891e-18) (1.02032e-07 -3.71665e-10 2.08497e-12)) ((1.63457e-13 2.8168e-13 4.96079e-17) (-1.78511e-13 -1.40412e-13 1.76457e-11)))
649	(((1.88736e-07 -9.40866e-10 1.33038e-17) (1.02026e-07 -3.71634e-10 1.93014e-12)) ((2.12015e-13 2.50707e-13 4.96487e-17) (-1.83422e-13 -1.35979e-13 1.76444e-11)))
650	(((1.88756e-07 -9.41694e-10 3.61379e-18) (1.02019e-07 -3.71711e-10 2.08193e-12)) ((1.67912e-13 2.82591e-13 4.93979e-17) (-1.79131e-13 -1.40151e-13 1.76464e-11)))
651	(((1.88751e-07 -9.43085e-10 1.30953e-17) (1.02012e-07 -3.71723e-10 1.965e-12)) ((2.09653e-13 2.47563e-13 4.94376e-17) (-1.78298e-13 -1.36263e-13 1.765e-11)))
652	(((1.88717e-07 -9.39396e-10 1.79081e-18) (1.02005e-07 -3.71741e-10 2.04639e-12)) ((1.68726e-13 2.80973e-13 4.96256e-17) (-1.76104e-13 -1.39333e-13 1.76531e-11)))
653	(((1.88671e-07 -9.3492e-10 1.61182e-17) (1.01999e-07 -3.71784e-10 1.95191e-12)) ((2.07066e-13 2.48731e-13 4.96673e-17) (-1.82014e-13 -1.35292e-13 1.76561e-11)))
654	(((1.88636e-07 -9.2735e-10 6.3511e-19) (1.01994e-07 -3.71815e-10 2.06488e-12)) ((1.64557e-13 2.81193e-13 4.96082e-17) (-1.76753e-13 -1.39429e-13 1.76576e-11)))
655	(((1.88632e-07 -9.31919e-10 1.51719e-17) (1.01989e-07 -3.71768e-10 1.92074e-12)) ((2.06868e-13 2.47458e-13 4.9699e-17) (-1.84963e-13 -1.3588e-13 1.76563e-11)))
656	(((1.88655e-07 -9.39647e-10 3.36657e-18) (1.01983e-07 -3.71767e-10 2.05179e-12)) ((1.69403e-13 2.81973e-13 4.95935e-17) (-1.80547e-13 -1.4006e-13 1.76541e-11)))
657	(((1.88682e-07 -9.45638e-10 1.33983e-17) (1.01977e-07 -3.71783e-10 1.96809e-12)) ((2.09628e-13 2.46984e-13 4.95124e-17) (-1.80344e-13 -1.36487e-13 1.76536e-11)))
658	(((1.88688e-07 -9.45951e-10 1.57753e-18) (1.0197e-07 -3.71803e-10 2.0584e-12)) ((1.65845e-13 2.80263e-13 4.95046e-17) (-1.76326e-13 -1.39615e-13 1.76551e-11)))
659	(((1.88662e-07 -9.37951e-10 1.48119e-17) (1.01964e-07 -3.71869e-10 1.93619e-12)) ((2.1054e-13 2.49048e-13 4.94752e-17) (-1.81048e-13 -1.35162e-13 1.76591e-11)))
660	(((1.88618e-07 -9.34585e-10 9.71068e-19) (1.01957e-07 -3.71869e-10 2.08907e-12)) ((1.63121e-13 2.81196e-13 4.94975e-17) (-1.75765e-13 -1.39768e-13 1.76624e-11)))
661	(((1.88576e-07 -9.31494e-10 1.43221e-17) (1.01952e-07 -3.7186e-10 1.92009e-12)) ((2.11109e-13 2.48964e-13 4.9808e-17) (-1.82935e-13 -1.35142e-13 1.76631e-11)))
662	(((1.8856e-07 -9.32708e-10 2.17006e-18) (1.01947e-07 -3.71866e-10 2.07055e-12)) ((1.68214e-13 2.83062e-13 4.97193e-17) (-1.80382e-13 -1.39789e-13 1.76622e-11)))
663	(((1.88575e-07 -9.32631e-10 1.36589e-17) (1.01942e-07 -3.71907e-10 1.97062e-12)) ((2.09014e-13 2.47506e-13 4.95381e-17) (-1.8212e-13 -1.36879e-13 1.76613e-11)))
664	(((1.88605e-07 -9.40552e-10 -1.41889e-19) (1.01936e-07 -3.7187e-10 2.057e-12)) ((1.68834e-13 2.81704e-13 4.95825e-17) (-1.77642e-13 -1.39605e-13 1.76596e-11)))
665	(((1.88619e-07 -9.45029e-10 1.54928e-17) (1.0193e-07 -3.71903e-10 1.95115e-12)) ((2.10236e-13 2.48591e-13 4.94647e-17) (-1.83199e-13 -1.35643e-13 1.76606e-11)))
666	(((1.88606e-07 -9.43379e-10 -8.98467e-19) (1.01923e-07 -3.71936e-10 2.08249e-12)) ((1.65521e-13 2.82473e-13 4.94614e-17) (-1.74171e-13 -1.3968e-13 1.76637e-11)))
667	(((1.88566e-07 -9.37671e-10 1.41717e-17) (1.01917e-07 -3.71941e-10 1.92867e-12)) ((2.10999e-13 2.49551e-13 4.96416e-17) (-1.81307e-13 -1.35405e-13 1.76664e-11)))
668	(((1.8852e-07 -9.29638e-10 2.86888e-18) (1.01911e-07 -3.72006e-10 2.09868e-12)) ((1.65618e-13 2.83236e-13 4.95553e-17) (-1.77823e-13 -1.3971e-13 1.76692e-11)))
669	(((1.88495e-07 -9.30511e-10 1.33725e-17) (1.01906e-07 -3.71963e-10 1.96768e-12)) ((2.11146e-13 2.47926e-13 4.96097e-17) (-1.80993e-13 -1.36261e-13 1.76695e-11)))
670	(((1.885e-07 -9.34875e-10 2.16193e-18) (1.01901e-07 -3.71942e-10 2.06708e-12)) ((1.66814e-13 2.81341e-13 4.969e-17) (-1.80093e-13 -1.40364e-13 1.76672e-11)))
671	(((1.88527e-07 -9.40862e-10 1.41595e-17) (1.01896e-07 -3.71937e-10 1.94668e-12)) ((2.11592e-13 2.49701e-13 4.95704e-17) (-1.84143e-13 -1.35797e-13 1.76649e-11)))
672	(((1.8855e-07 -9.39746e-10 -8.72816e-19) (1.0189e-07 -3.72003e-10 2.08376e-12)) ((1.66355e-13 2.81825e-13 4.93852e-17) (-1.76043e-13 -1.39794e-13 1.76658e-11)))
673	(((1.88547e-07 -9.41237e-10 1.36263e-17) (1.01884e-07 -3.7201e-10 1.9282e-12)) ((2.08344e-13 2.48392e-13 4.95518e-17) (-1.81024e-13 -1.35194e-13 1.76682e-11)))
674	(((1.88515e-07 -9.38583e-10 1.55025e-18) (1.01877e-07 -3.72028e-10 2.06767e-12)) ((1.68828e-13 2.83045e-13 4.94954e-17) (-1.76294e-13 -1.39074e-13 1.76715e-11)))
675	(((1.88469e-07 -9.34603e-10 1.3692e-17) (1.01872e-07 -3.72051e-10 1.9856e-12)) ((2.07572e-13 2.47564e-13 4.95943e-17) (-1.79477e-13 -1.36102e-13 1.76743e-11)))
676	(((1.88434e-07 -9.31412e-10 8.65291e-19) (1.01867e-07 -3.72015e-10 2.08756e-12)) ((1.67313e-13 2.81741e-13 4.97015e-17) (-1.78991e-13 -1.39775e-13 1.7674e-11)))
677	(((1.88428e-07 -9.29981e-10 1.51832e-17) (1.01862e-07 -3.72038e-10 1.96095e-12)) ((2.11551e-13 2.49998e-13 4.95314e-17) (-1.86177e-13 -1.3642e-13 1.7673e-11)))
678	(((1.88452e-07 -9.37944e-10 8.76187e-21) (1.01857e-07 -3.72016e-10 2.12402e-12)) ((1.62563e-13 2.82521e-13 4.9448e-17) (-1.78439e-13 -1.41382e-13 1.76706e-11)))
679	(((1.88481e-07 -9.43417e-10 1.28537e-17) (1.01852e-07 -3.71996e-10 1.94083e-12)) ((2.11197e-13 2.48899e-13 4.95193e-17) (-1.83251e-13 -1.3567e-13 1.76686e-11)))
680	(((1.88488e-07 -9.44823e-10 1.69024e-18) (1.01846e-07 -3.72054e-10 2.10603e-12)) ((1.66195e-13 2.82411e-13 4.94294e-17) (-1.78369e-13 -1.40045e-13 1.767e-11)))
681	(((1.88464e-07 -9.35609e-10 1.26293e-17) (1.0184e-07 -3.72109e-10 1.97438e-12)) ((2.10198e-13 2.4742e-13 4.94123e-17) (-1.78718e-13 -1.36115e-13 1.7674e-11)))
682	(((1.8842e-07 -9.32403e-10 -5.14224e-19) (1.01834e-07 -3.72105e-10 2.0596e-12)) ((1.70077e-13 2.82114e-13 4.96248e-17) (-1.7586e-13 -1.39115e-13 1.76769e-11)))
683	(((1.88378e-07 -9.30859e-10 1.57456e-17) (1.01829e-07 -3.72105e-10 1.96903e-12)) ((2.09949e-13 2.4978e-13 4.96232e-17) (-1.83719e-13 -1.35778e-13 1.76784e-11)))
684	(((1.88363e-07 -9.32483e-10 -5.51159e-19) (1.01824e-07 -3.72088e-10 2.07731e-12)) ((1.65958e-13 2.82534e-13 4.9619e-17) (-1.77674e-13 -1.40187e-13 1.7678e-11)))
685	(((1.88378e-07 -9.36778e-10 1.39284e-17) (1.0182e-07 -3.72043e-10 1.91747e-12)) ((2.08943e-13 2.48046e-13 4.96066e-17) (-1.85281e-13 -1.35948e-13 1.76749e-11)))
686	(((1.88408e-07 -9.39115e-10 1.47923e-18) (1.01815e-07 -3.72088e-10 2.05667e-12)) ((1.68814e-13 2.82067e-13 4.94494e-17) (-1.79535e-13 -1.39492e-13 1.76733e-11)))
687	(((1.88426e-07 -9.43509e-10 1.05999e-17) (1.01809e-07 -3.72086e-10 1.95532e-12)) ((2.12009e-13 2.47874e-13 4.93529e-17) (-1.78881e-13 -1.3587e-13 1.76737e-11)))
688	(((1.88413e-07 -9.41697e-10 4.34167e-19) (1.01803e-07 -3.72115e-10 2.07263e-12)) ((1.67452e-13 2.81465e-13 4.95257e-17) (-1.7589e-13 -1.39869e-13 1.76756e-11)))
689	(((1.88374e-07 -9.36205e-10 1.40758e-17) (1.01797e-07 -3.72124e-10 1.94084e-12)) ((2.11623e-13 2.50014e-13 4.95048e-17) (-1.80961e-13 -1.35135e-13 1.76785e-11)))
690	(((1.88327e-07 -9.26814e-10 3.50452e-19) (1.01792e-07 -3.72185e-10 2.08837e-12)) ((1.63566e-13 2.81557e-13 4.95266e-17) (-1.76161e-13 -1.39666e-13 1.76813e-11)))
691	(((1.88301e-07 -9.27588e-10 1.36235e-17) (1.01787e-07 -3.72115e-10 1.90491e-12)) ((2.10166e-13 2.48086e-13 4.96648e-17) (-1.83661e-13 -1.3504e-13 1.7681e-11)))
692	(((1.88306e-07 -9.33879e-10 7.3298e-19) (1.01783e-07 -3.72123e-10 2.03952e-12)) ((1.7043e-13 2.82757e-13 4.96014e-17) (-1.80288e-13 -1.39428e-13 1.76791e-11)))
693	(((1.88336e-07 -9.40952e-10 1.24284e-17) (1.01778e-07 -3.72099e-10 1.97963e-12)) ((2.08762e-13 2.47602e-13 4.94245e-17) (-1.81294e-13 -1.36992e-13 1.76768e-11)))
694	(((1.88362e-07 -9.44512e-10 5.18809e-20) (1.01773e-07 -3.72087e-10 2.08565e-12)) ((1.6835e-13 2.81446e-13 4.94788e-17) (-1.78062e-13 -1.40199e-13 1.76752e-11)))
695	(((1.88361e-07 -9.40124e-10 1.46946e-17) (1.01767e-07 -3.72161e-10 1.9701e-12)) ((2.09092e-13 2.4882e-13 4.93596e-17) (-1.82878e-13 -1.35941e-13 1.76778e-11)))
696	(((1.8833e-07 -9.37024e-10 -5.61678e-19) (1.01761e-07 -3.72144e-10 2.09466e-12)) ((1.64753e-13 2.81607e-13 4.93967e-17) (-1.75401e-13 -1.39851e-13 1.76809e-11)))
697	(((1.88282e-07 -9.32259e-10 1.21779e-17) (1.01756e-07 -3.72154e-10 1.92688e-12)) ((2.11656e-13 2.48988e-13 4.96732e-17) (-1.81968e-13 -1.34819e-13 1.76828e-11)))
698	(((1.88245e-07 -9.29997e-10 1.81073e-18) (1.01752e-07 -3.72161e-10 2.09743e-12)) ((1.66952e-13 2.82301e-13 4.95746e-17) (-1.79961e-13 -1.39617e-13 1.76835e-11)))
699	(((1.88237e-07 -9.27625e-10 1.23005e-17) (1.01747e-07 -3.72121e-10 1.98606e-12)) ((2.10048e-13 2.4807e-13 4.96079e-17) (-1.82922e-13 -1.37039e-13 1.76826e-11)))
700	(((1.88261e-07 -9.31322e-10 3.28664e-19) (1.01743e-07 -3.72126e-10 2.07847e-12)) ((1.69671e-13 2.82489e-13 4.95017e-17) (-1.80465e-13 -1.40871e-13 1.768e-11)))
701	(((1.88295e-07 -9.42021e-10 1.36738e-17) (1.01738e-07 -3.72106e-10 1.96197e-12)) ((2.11715e-13 2.49509e-13 4.94773e-17) (-1.84286e-13 -1.3593e-13 1.76775e-11)))
702	(((1.88307e-07 -9.46599e-10 -3.20883e-18) (1.01732e-07 -3.72144e-10 2.09417e-12)) ((1.66458e-13 2.82607e-13 4.93633e-17) (-1.75001e-13 -1.39848e-13 1.76778e-11)))
703	(((1.88286e-07 -9.4287e-10 1.2729e-17) (1.01727e-07 -3.7216e-10 1.94349e-12)) ((2.08608e-13 2.48233e-13 4.94987e-17) (-1.81259e-13 -1.35319e-13 1.76797e-11)))
704	(((1.8824e-07 -9.31034e-10 1.86826e-18) (1.01721e-07 -3.72206e-10 2.08831e-12)) ((1.6682e-13 2.81759e-13 4.95211e-17) (-1.77773e-13 -1.39339e-13 1.76825e-11)))
705	(((1.88197e-07 -9.29524e-10 1.26871e-17) (1.01717e-07 -3.722e-10 1.98826e-12)) ((2.08795e-13 2.47131e-13 4.94987e-17) (-1.8064e-13 -1.36067e-13 1.76847e-11)))
706	(((1.88179e-07 -9.30252e-10 5.23234e-19) (1.01713e-07 -3.7216e-10 2.06076e-12)) ((1.68361e-13 2.8067e-13 4.96867e-17) (-1.79988e-13 -1.39793e-13 1.76837e-11)))
707	(((1.88193e-07 -9.35277e-10 1.25733e-17) (1.01709e-07 -3.72134e-10 1.92995e-12)) ((2.13003e-13 2.49371e-13 4.95126e-17) (-1.85641e-13 -1.35744e-13 1.76808e-11)))
708	(((1.88226e-07 -9.41864e-10 -1.24608e-18) (1.01704e-07 -3.7215e-10 2.10188e-12)) ((1.64762e-13 2.81485e-13 4.94023e-17) (-1.77976e-13 -1.40777e-13 1.76788e-11)))
709	(((1.88246e-07 -9.39732e-10 1.23582e-17) (1.01699e-07 -3.72151e-10 1.93459e-12)) ((2.09437e-13 2.47965e-13 4.93465e-17) (-1.82844e-13 -1.35592e-13 1.76786e-11)))
710	(((1.88236e-07 -9.40121e-10 7.13385e-19) (1.01693e-07 -3.72194e-10 2.07858e-12)) ((1.67824e-13 2.8183e-13 4.93939e-17) (-1.77627e-13 -1.39446e-13 1.76813e-11)))
711	(((1.88198e-07 -9.35585e-10 1.18148e-17) (1.01688e-07 -3.72182e-10 1.97887e-12)) ((2.09764e-13 2.47201e-13 4.94083e-17) (-1.7909e-13 -1.36052e-13 1.76846e-11)))
712	(((1.88151e-07 -9.3071e-10 -8.04235e-19) (1.01683e-07 -3.72192e-10 2.05749e-12)) ((1.70393e-13 2.81556e-13 4.96783e-17) (-1.77152e-13 -1.39047e-13 1.76863e-11)))
713	(((1.88122e-07 -9.26688e-10 1.66246e-17) (1.01679e-07 -3.7218e-10 1.94681e-12)) ((1.9915e-13 2.4339e-13 4.95954e-17) (-1.83779e-13 -1.3559e-13 1.76872e-11)))
714	(((1.88126e-07 -9.28744e-10 1.4853e-18) (1.01675e-07 -3.72136e-10 2.0535e-12)) ((1.58516e-13 2.76793e-13 4.94774e-17) (-1.78159e-13 -1.40052e-13 1.76859e-11)))
715	(((1.88157e-07 -9.36056e-10 1.27646e-17) (1.01671e-07 -3.72127e-10 1.89089e-12)) ((2.06595e-13 2.46097e-13 4.94658e-17) (-1.83318e-13 -1.35209e-13 1.76826e-11)))
716	(((1.88185e-07 -9.43553e-10 6.00831e-19) (1.01666e-07 -3.72122e-10 2.05405e-12)) ((1.69431e-13 2.8143e-13 4.93738e-17) (-1.78729e-13 -1.39111e-13 1.76808e-11)))
717	(((1.88188e-07 -9.44496e-10 9.84804e-18) (1.01661e-07 -3.72158e-10 1.9593e-12)) ((2.10717e-13 2.48126e-13 4.93281e-17) (-1.77667e-13 -1.35794e-13 1.76827e-11)))
718	(((1.88158e-07 -9.37022e-10 -8.99153e-19) (1.01655e-07 -3.72196e-10 2.06685e-12)) ((1.69543e-13 2.82131e-13 4.94325e-17) (-1.75811e-13 -1.39246e-13 1.76859e-11)))
719	(((1.88109e-07 -9.29585e-10 1.16556e-17) (1.0165e-07 -3.72175e-10 1.95863e-12)) ((2.16731e-13 2.54335e-13 4.95222e-17) (-1.81823e-13 -1.35283e-13 1.76889e-11)))
720	(((1.88072e-07 -9.26167e-10 -1.50896e-18) (1.01646e-07 -3.72178e-10 2.07964e-12)) ((1.69419e-13 2.84353e-13 4.94662e-17) (-1.77306e-13 -1.3993e-13 1.76909e-11)))
721	(((1.88066e-07 -9.30181e-10 1.2764e-17) (1.01643e-07 -3.72115e-10 1.91733e-12)) ((2.11748e-13 2.49837e-13 4.95773e-17) (-1.85014e-13 -1.36038e-13 1.76889e-11)))
722	(((1.88089e-07 -9.377e-10 1.01129e-18) (1.01639e-07 -3.72109e-10 2.06041e-12)) ((1.71099e-13 2.8261e-13 4.94034e-17) (-1.81705e-13 -1.40095e-13 1.76849e-11)))
723	(((1.88123e-07 -9.41917e-10 1.08814e-17) (1.01634e-07 -3.7212e-10 2.00868e-12)) ((2.10186e-13 2.48568e-13 4.92817e-17) (-1.81433e-13 -1.37002e-13 1.76837e-11)))
724	(((1.88136e-07 -9.40833e-10 -9.44954e-19) (1.01629e-07 -3.72116e-10 2.05642e-12)) ((1.70918e-13 2.81552e-13 4.93606e-17) (-1.77019e-13 -1.39396e-13 1.76835e-11)))
725	(((1.88116e-07 -9.39229e-10 1.31983e-17) (1.01624e-07 -3.72158e-10 1.94931e-12)) ((2.11348e-13 2.49507e-13 4.94147e-17) (-1.81739e-13 -1.3527e-13 1.7686e-11)))
726	(((1.88073e-07 -9.33212e-10 -1.16144e-18) (1.01619e-07 -3.72139e-10 2.0939e-12)) ((1.64611e-13 2.81942e-13 4.94886e-17) (-1.75249e-13 -1.39882e-13 1.76891e-11)))
727	(((1.88028e-07 -9.26754e-10 1.33289e-17) (1.01614e-07 -3.72139e-10 1.93289e-12)) ((2.09642e-13 2.48024e-13 4.9602e-17) (-1.83227e-13 -1.35148e-13 1.76901e-11)))
728	(((1.88009e-07 -9.28779e-10 9.25278e-19) (1.01611e-07 -3.72143e-10 2.07836e-12)) ((1.65712e-13 2.81385e-13 4.95177e-17) (-1.79957e-13 -1.39739e-13 1.76903e-11)))
729	(((1.88023e-07 -9.31584e-10 1.26789e-17) (1.01607e-07 -3.72087e-10 1.94403e-12)) ((2.06518e-13 2.44879e-13 4.94165e-17) (-1.81886e-13 -1.36454e-13 1.76884e-11)))
730	(((1.88057e-07 -9.39577e-10 -3.9296e-19) (1.01603e-07 -3.72072e-10 2.04797e-12)) ((1.66064e-13 2.7928e-13 4.94573e-17) (-1.78589e-13 -1.39709e-13 1.76851e-11)))
731	(((1.8808e-07 -9.43029e-10 1.2776e-17) (1.01598e-07 -3.72076e-10 1.9385e-12)) ((2.09931e-13 2.47919e-13 4.9435e-17) (-1.82788e-13 -1.3511e-13 1.76839e-11)))
732	(((1.88072e-07 -9.38705e-10 -2.66078e-18) (1.01593e-07 -3.72101e-10 2.10339e-12)) ((1.67189e-13 2.82759e-13 4.93025e-17) (-1.75698e-13 -1.40009e-13 1.7686e-11)))
733	(((1.88035e-07 -9.32014e-10 1.09798e-17) (1.01588e-07 -3.72138e-10 1.94282e-12)) ((2.12063e-13 2.5051e-13 4.94734e-17) (-1.81126e-13 -1.3522e-13 1.76892e-11)))
734	(((1.87988e-07 -9.28404e-10 9.93033e-19) (1.01584e-07 -3.72112e-10 2.10455e-12)) ((1.69765e-13 2.84256e-13 4.94624e-17) (-1.78394e-13 -1.39974e-13 1.76907e-11)))
735	(((1.87958e-07 -9.28119e-10 1.20477e-17) (1.0158e-07 -3.72107e-10 1.99183e-12)) ((2.10162e-13 2.48422e-13 4.95305e-17) (-1.81745e-13 -1.3695e-13 1.76918e-11)))
736	(((1.87961e-07 -9.30504e-10 3.43116e-20) (1.01576e-07 -3.72046e-10 2.05815e-12)) ((1.70109e-13 2.8041e-13 4.95646e-17) (-1.81026e-13 -1.40312e-13 1.76889e-11)))
737	(((1.87991e-07 -9.35499e-10 1.26284e-17) (1.01573e-07 -3.72048e-10 1.96468e-12)) ((2.1176e-13 2.492e-13 4.93934e-17) (-1.8593e-13 -1.36445e-13 1.76858e-11)))
738	(((1.88022e-07 -9.4016e-10 -2.19668e-18) (1.01568e-07 -3.72056e-10 2.08477e-12)) ((1.63254e-13 2.79548e-13 4.92525e-17) (-1.76118e-13 -1.39666e-13 1.76852e-11)))
739	(((1.88027e-07 -9.40952e-10 1.08303e-17) (1.01563e-07 -3.72023e-10 1.93679e-12)) ((2.0784e-13 2.4768e-13 4.9369e-17) (-1.81347e-13 -1.35163e-13 1.76853e-11)))
740	(((1.87999e-07 -9.37642e-10 1.31298e-19) (1.01558e-07 -3.7208e-10 2.07298e-12)) ((1.68144e-13 2.81536e-13 4.93676e-17) (-1.7732e-13 -1.39083e-13 1.76878e-11)))
741	(((1.87951e-07 -9.29589e-10 1.17822e-17) (1.01554e-07 -3.72047e-10 1.9821e-12)) ((2.08869e-13 2.46775e-13 4.94208e-17) (-1.79756e-13 -1.35893e-13 1.76908e-11)))
742	(((1.87911e-07 -9.23509e-10 -1.29323e-18) (1.0155e-07 -3.72064e-10 2.11618e-12)) ((1.76218e-13 2.86359e-13 4.95491e-17) (-1.80132e-13 -1.40627e-13 1.76926e-11)))
743	(((1.87903e-07 -9.26445e-10 1.12862e-17) (1.01547e-07 -3.72057e-10 1.98034e-12)) ((2.152e-13 2.53339e-13 4.94059e-17) (-1.85775e-13 -1.36529e-13 1.76924e-11)))
744	(((1.87927e-07 -9.34585e-10 -2.79126e-18) (1.01543e-07 -3.71976e-10 2.09669e-12)) ((1.68666e-13 2.83279e-13 4.93602e-17) (-1.79549e-13 -1.40725e-13 1.7689e-11)))
745	(((1.87963e-07 -9.41976e-10 1.09916e-17) (1.01539e-07 -3.71952e-10 1.94004e-12)) ((2.09248e-13 2.48483e-13 4.9293e-17) (-1.83671e-13 -1.35625e-13 1.76852e-11)))
746	(((1.87978e-07 -9.43213e-10 -7.76852e-19) (1.01534e-07 -3.7199e-10 2.07879e-12)) ((1.70369e-13 2.81935e-13 4.92571e-17) (-1.78782e-13 -1.39181e-13 1.76848e-11)))
747	(((1.87961e-07 -9.34973e-10 9.28281e-18) (1.01529e-07 -3.72044e-10 1.98977e-12)) ((2.13587e-13 2.49407e-13 4.92847e-17) (-1.79359e-13 -1.3598e-13 1.76877e-11)))
748	(((1.87918e-07 -9.31599e-10 -1.43139e-18) (1.01524e-07 -3.72035e-10 2.07808e-12)) ((1.68545e-13 2.81437e-13 4.94322e-17) (-1.7622e-13 -1.39103e-13 1.76903e-11)))
749	(((1.87873e-07 -9.2871e-10 1.2289e-17) (1.01521e-07 -3.72023e-10 1.96693e-12)) ((2.12347e-13 2.51101e-13 4.95136e-17) (-1.83337e-13 -1.35111e-13 1.76913e-11)))
750	(((1.87853e-07 -9.28555e-10 -2.31635e-18) (1.01517e-07 -3.71984e-10 2.10248e-12)) ((1.66166e-13 2.83617e-13 4.948e-17) (-1.78348e-13 -1.4062e-13 1.76912e-11)))
751	(((1.87866e-07 -9.32642e-10 1.25348e-17) (1.01514e-07 -3.7195e-10 1.91766e-12)) ((2.11591e-13 2.48557e-13 4.95581e-17) (-1.86038e-13 -1.3598e-13 1.76885e-11)))
752	(((1.879e-07 -9.35389e-10 -7.98317e-21) (1.0151e-07 -3.71976e-10 2.06923e-12)) ((1.67972e-13 2.81807e-13 4.93135e-17) (-1.80398e-13 -1.3973e-13 1.76859e-11)))
753	(((1.87925e-07 -9.40872e-10 9.51403e-18) (1.01506e-07 -3.71963e-10 1.98536e-12)) ((2.11947e-13 2.48409e-13 4.92627e-17) (-1.79902e-13 -1.36139e-13 1.76855e-11)))
754	(((1.8792e-07 -9.39329e-10 -2.19099e-18) (1.01501e-07 -3.71949e-10 2.07812e-12)) ((1.68361e-13 2.81616e-13 4.93717e-17) (-1.75965e-13 -1.39412e-13 1.7686e-11)))
755	(((1.87884e-07 -9.34378e-10 1.19659e-17) (1.01496e-07 -3.71984e-10 1.95763e-12)) ((2.1182e-13 2.50337e-13 4.94255e-17) (-1.81562e-13 -1.35041e-13 1.76884e-11)))
756	(((1.87836e-07 -9.25682e-10 -5.69821e-18) (1.01492e-07 -3.72e-10 2.12827e-12)) ((1.80462e-13 2.91292e-13 4.94132e-17) (-1.77482e-13 -1.40108e-13 1.76921e-11)))
757	(((1.87804e-07 -9.22952e-10 1.017e-17) (1.01489e-07 -3.71968e-10 1.94077e-12)) ((2.17403e-13 2.534e-13 4.95311e-17) (-1.84719e-13 -1.35497e-13 1.76931e-11)))
758	(((1.87807e-07 -9.29392e-10 -3.6541e-19) (1.01486e-07 -3.71925e-10 2.09313e-12)) ((1.71629e-13 2.85536e-13 4.93649e-17) (-1.81226e-13 -1.40402e-13 1.76912e-11)))
759	(((1.87838e-07 -9.37012e-10 1.01225e-17) (1.01482e-07 -3.71874e-10 1.99023e-12)) ((2.12608e-13 2.5019e-13 4.93386e-17) (-1.82107e-13 -1.37213e-13 1.76877e-11)))
760	(((1.87871e-07 -9.39618e-10 -1.14146e-18) (1.01478e-07 -3.71869e-10 2.06618e-12)) ((1.68549e-13 2.80469e-13 4.92876e-17) (-1.77765e-13 -1.39496e-13 1.76848e-11)))
761	(((1.87878e-07 -9.38609e-10 1.21803e-17) (1.01473e-07 -3.71916e-10 1.93993e-12)) ((2.11591e-13 2.49106e-13 4.93031e-17) (-1.81933e-13 -1.34968e-13 1.76855e-11)))
762	(((1.87852e-07 -9.35778e-10 -3.2806e-18) (1.01469e-07 -3.71906e-10 2.08185e-12)) ((1.66694e-13 2.82373e-13 4.92503e-17) (-1.74758e-13 -1.39192e-13 1.76877e-11)))
763	(((1.87805e-07 -9.30686e-10 1.21723e-17) (1.01464e-07 -3.71911e-10 1.95642e-12)) ((2.06442e-13 2.4748e-13 4.94465e-17) (-1.82378e-13 -1.35138e-13 1.76896e-11)))
764	(((1.87764e-07 -9.27168e-10 9.45725e-19) (1.01461e-07 -3.71886e-10 2.08853e-12)) ((1.67246e-13 2.81767e-13 4.9462e-17) (-1.79872e-13 -1.39376e-13 1.76904e-11)))
765	(((1.87755e-07 -9.2654e-10 1.03227e-17) (1.01458e-07 -3.71865e-10 2.02329e-12)) ((2.11455e-13 2.50181e-13 4.93877e-17) (-1.8357e-13 -1.3792e-13 1.76904e-11)))
766	(((1.87777e-07 -9.30635e-10 -1.70702e-18) (1.01455e-07 -3.7183e-10 2.05696e-12)) ((1.69744e-13 2.81659e-13 4.94896e-17) (-1.81225e-13 -1.40176e-13 1.76873e-11)))
767	(((1.87814e-07 -9.38873e-10 1.11606e-17) (1.01451e-07 -3.71815e-10 1.96622e-12)) ((2.11817e-13 2.49587e-13 4.92878e-17) (-1.85248e-13 -1.35966e-13 1.76842e-11)))
768	(((1.87831e-07 -9.41543e-10 -3.64124e-18) (1.01447e-07 -3.71834e-10 2.10401e-12)) ((1.6323e-13 2.80985e-13 4.92474e-17) (-1.75871e-13 -1.39864e-13 1.76843e-11)))
769	(((1.87815e-07 -9.35143e-10 1.12373e-17) (1.01442e-07 -3.71813e-10 1.91458e-12)) ((2.0409e-13 2.44759e-13 4.93579e-17) (-1.80311e-13 -1.34494e-13 1.76865e-11)))
770	(((1.87772e-07 -9.26789e-10 -1.29913e-18) (1.01438e-07 -3.71868e-10 2.09573e-12)) ((1.71572e-13 2.83974e-13 4.93493e-17) (-1.77882e-13 -1.39214e-13 1.76899e-11)))
771	(((1.87728e-07 -9.23325e-10 1.0421e-17) (1.01434e-07 -3.71843e-10 1.99378e-12)) ((2.10808e-13 2.49546e-13 4.93965e-17) (-1.79939e-13 -1.3602e-13 1.76923e-11)))
772	(((1.87707e-07 -9.2687e-10 -4.27757e-19) (1.01431e-07 -3.71786e-10 2.06096e-12)) ((1.70099e-13 2.82033e-13 4.9479e-17) (-1.79501e-13 -1.39851e-13 1.76912e-11)))
773	(((1.87721e-07 -9.33914e-10 1.28031e-17) (1.01428e-07 -3.71769e-10 1.9584e-12)) ((2.10211e-13 2.51069e-13 4.93423e-17) (-1.84504e-13 -1.36723e-13 1.76873e-11)))
774	(((1.87755e-07 -9.38642e-10 -9.39684e-19) (1.01425e-07 -3.71754e-10 2.0741e-12)) ((1.61974e-13 2.7941e-13 4.92987e-17) (-1.77059e-13 -1.40331e-13 1.76845e-11)))
775	(((1.87782e-07 -9.37106e-10 1.08341e-17) (1.01421e-07 -3.71754e-10 1.94063e-12)) ((2.09069e-13 2.48788e-13 4.92913e-17) (-1.81795e-13 -1.35405e-13 1.76828e-11)))
776	(((1.8778e-07 -9.39062e-10 -2.66508e-20) (1.01416e-07 -3.718e-10 2.07019e-12)) ((1.67944e-13 2.81861e-13 4.93149e-17) (-1.76668e-13 -1.39169e-13 1.76838e-11)))
777	(((1.87745e-07 -9.34509e-10 1.14091e-17) (1.01412e-07 -3.71789e-10 1.97253e-12)) ((2.09137e-13 2.47505e-13 4.93297e-17) (-1.7803e-13 -1.35836e-13 1.76862e-11)))
778	(((1.87697e-07 -9.2864e-10 -4.8372e-19) (1.01408e-07 -3.71773e-10 2.07595e-12)) ((1.67252e-13 2.82091e-13 4.94994e-17) (-1.75308e-13 -1.39494e-13 1.76879e-11)))
779	(((1.87664e-07 -9.24979e-10 1.5106e-17) (1.01405e-07 -3.71772e-10 1.93284e-12)) ((2.0608e-13 2.4671e-13 4.94552e-17) (-1.8332e-13 -1.35265e-13 1.76891e-11)))
780	(((1.87664e-07 -9.24411e-10 -9.85448e-19) (1.01402e-07 -3.71747e-10 2.06054e-12)) ((1.61213e-13 2.7975e-13 4.92916e-17) (-1.77683e-13 -1.40008e-13 1.76886e-11)))
781	(((1.87695e-07 -9.32971e-10 1.26425e-17) (1.01399e-07 -3.71674e-10 1.91045e-12)) ((2.08157e-13 2.46884e-13 4.94261e-17) (-1.85165e-13 -1.35691e-13 1.76847e-11)))
782	(((1.8773e-07 -9.40831e-10 4.01156e-19) (1.01395e-07 -3.71693e-10 2.05841e-12)) ((1.68781e-13 2.81247e-13 4.9271e-17) (-1.79608e-13 -1.39284e-13 1.76817e-11)))
783	(((1.8774e-07 -9.41227e-10 1.00744e-17) (1.01391e-07 -3.71702e-10 1.9981e-12)) ((2.08301e-13 2.48498e-13 4.92416e-17) (-1.78936e-13 -1.36718e-13 1.76823e-11)))
784	(((1.87713e-07 -9.31318e-10 -1.80518e-18) (1.01386e-07 -3.71708e-10 2.07835e-12)) ((1.72673e-13 2.83891e-13 4.93685e-17) (-1.76552e-13 -1.39677e-13 1.76847e-11)))
785	(((1.87667e-07 -9.25637e-10 1.12303e-17) (1.01382e-07 -3.7172e-10 1.97298e-12)) ((2.13335e-13 2.52431e-13 4.93198e-17) (-1.82361e-13 -1.35509e-13 1.76875e-11)))
786	(((1.87628e-07 -9.25191e-10 -5.38257e-19) (1.01379e-07 -3.71695e-10 2.09464e-12)) ((1.63817e-13 2.8104e-13 4.93949e-17) (-1.78343e-13 -1.39891e-13 1.76892e-11)))
787	(((1.87616e-07 -9.27765e-10 1.14256e-17) (1.01377e-07 -3.71654e-10 1.9167e-12)) ((2.08584e-13 2.48173e-13 4.94842e-17) (-1.84856e-13 -1.35554e-13 1.76882e-11)))
788	(((1.87638e-07 -9.3379e-10 -5.96759e-19) (1.01374e-07 -3.71632e-10 2.06666e-12)) ((1.68587e-13 2.81694e-13 4.93312e-17) (-1.81813e-13 -1.39962e-13 1.76848e-11)))
789	(((1.87675e-07 -9.36732e-10 9.91466e-18) (1.0137e-07 -3.71625e-10 1.98921e-12)) ((2.10077e-13 2.48149e-13 4.92102e-17) (-1.81736e-13 -1.36861e-13 1.76832e-11)))
790	(((1.87695e-07 -9.37424e-10 -9.67515e-19) (1.01366e-07 -3.71604e-10 2.0366e-12)) ((1.66898e-13 2.7894e-13 4.92645e-17) (-1.76815e-13 -1.38879e-13 1.76824e-11)))
791	(((1.87683e-07 -9.36317e-10 1.3065e-17) (1.01362e-07 -3.71623e-10 1.92542e-12)) ((2.10333e-13 2.49e-13 4.92864e-17) (-1.81163e-13 -1.35152e-13 1.7684e-11)))
792	(((1.87642e-07 -9.3151e-10 -1.92854e-18) (1.01358e-07 -3.71639e-10 2.04625e-12)) ((1.63551e-13 2.79929e-13 4.92662e-17) (-1.73966e-13 -1.38819e-13 1.76872e-11)))
793	(((1.87595e-07 -9.2524e-10 1.19774e-17) (1.01354e-07 -3.71619e-10 1.91613e-12)) ((2.05652e-13 2.46347e-13 4.94887e-17) (-1.81551e-13 -1.34497e-13 1.76894e-11)))
794	(((1.87571e-07 -9.23904e-10 -3.58287e-19) (1.01352e-07 -3.71632e-10 2.0751e-12)) ((1.6817e-13 2.82044e-13 4.93582e-17) (-1.80005e-13 -1.39581e-13 1.76912e-11)))
795	(((1.87583e-07 -9.27877e-10 1.18906e-17) (1.01349e-07 -3.71585e-10 1.92945e-12)) ((2.06137e-13 2.44762e-13 4.92343e-17) (-1.8155e-13 -1.36111e-13 1.76901e-11)))
796	(((1.87618e-07 -9.35184e-10 -5.53564e-19) (1.01346e-07 -3.71508e-10 2.02765e-12)) ((1.66202e-13 2.79534e-13 4.93596e-17) (-1.7828e-13 -1.39661e-13 1.76863e-11)))
797	(((1.87648e-07 -9.40702e-10 1.31326e-17) (1.01342e-07 -3.71536e-10 1.92182e-12)) ((2.07151e-13 2.47184e-13 4.92449e-17) (-1.82104e-13 -1.34991e-13 1.76854e-11)))
798	(((1.87649e-07 -9.39305e-10 -3.37497e-18) (1.01338e-07 -3.71555e-10 2.07996e-12)) ((1.61487e-13 2.81019e-13 4.91514e-17) (-1.73614e-13 -1.39391e-13 1.7687e-11)))
799	(((1.87614e-07 -9.29051e-10 1.00634e-17) (1.01334e-07 -3.71551e-10 1.9567e-12)) ((2.14262e-13 2.52602e-13 4.93006e-17) (-1.81524e-13 -1.35512e-13 1.76895e-11)))
800	(((1.87566e-07 -9.23474e-10 1.99033e-21) (1.0133e-07 -3.71546e-10 2.08307e-12)) ((1.71007e-13 2.84543e-13 4.9235e-17) (-1.77647e-13 -1.39266e-13 1.76917e-11)))
801	(((1.87534e-07 -9.24488e-10 1.18881e-17) (1.01327e-07 -3.71519e-10 1.98293e-12)) ((2.11376e-13 2.49495e-13 4.93535e-17) (-1.81011e-13 -1.36872e-13 1.76925e-11)))
802	(((1.87533e-07 -9.28562e-10 -3.61405e-19) (1.01325e-07 -3.71468e-10 2.03075e-12)) ((1.68856e-13 2.81387e-13 4.93865e-17) (-1.80818e-13 -1.39805e-13 1.769e-11)))
803	(((1.87562e-07 -9.34932e-10 1.28087e-17) (1.01322e-07 -3.71432e-10 1.92708e-12)) ((2.11227e-13 2.49075e-13 4.92665e-17) (-1.85548e-13 -1.35848e-13 1.76861e-11)))
804	(((1.87598e-07 -9.36675e-10 -2.49819e-18) (1.01319e-07 -3.71428e-10 2.09952e-12)) ((1.65313e-13 2.82701e-13 4.91726e-17) (-1.77706e-13 -1.40295e-13 1.7684e-11)))
805	(((1.8761e-07 -9.36945e-10 9.54748e-18) (1.01315e-07 -3.71446e-10 1.91031e-12)) ((2.1112e-13 2.4918e-13 4.92747e-17) (-1.81005e-13 -1.34675e-13 1.7684e-11)))
806	(((1.87588e-07 -9.34419e-10 -1.16147e-18) (1.0131e-07 -3.71449e-10 2.07718e-12)) ((1.69789e-13 2.82195e-13 4.92549e-17) (-1.77497e-13 -1.38961e-13 1.76858e-11)))
807	(((1.87543e-07 -9.29755e-10 1.05873e-17) (1.01307e-07 -3.71473e-10 1.97898e-12)) ((2.08138e-13 2.46636e-13 4.93491e-17) (-1.79111e-13 -1.357e-13 1.76892e-11)))
808	(((1.875e-07 -9.24431e-10 -1.60906e-18) (1.01304e-07 -3.71433e-10 2.06989e-12)) ((1.68931e-13 2.80243e-13 4.94342e-17) (-1.7827e-13 -1.39203e-13 1.76907e-11)))
809	(((1.87487e-07 -9.23627e-10 1.21256e-17) (1.01301e-07 -3.71409e-10 1.94018e-12)) ((2.10426e-13 2.49891e-13 4.92842e-17) (-1.84162e-13 -1.35999e-13 1.76907e-11)))
810	(((1.87507e-07 -9.28401e-10 -3.64967e-18) (1.01299e-07 -3.71379e-10 2.0417e-12)) ((1.65129e-13 2.80737e-13 4.92359e-17) (-1.77206e-13 -1.39914e-13 1.76886e-11)))
811	(((1.87546e-07 -9.3617e-10 1.04773e-17) (1.01296e-07 -3.71321e-10 1.89678e-12)) ((2.0926e-13 2.47356e-13 4.92786e-17) (-1.83162e-13 -1.35121e-13 1.76847e-11)))
812	(((1.87569e-07 -9.40436e-10 -1.10517e-18) (1.01292e-07 -3.71373e-10 2.04777e-12)) ((1.66596e-13 2.80915e-13 4.92326e-17) (-1.76986e-13 -1.38732e-13 1.76839e-11)))
813	(((1.87559e-07 -9.36624e-10 9.08324e-18) (1.01288e-07 -3.7136e-10 1.96619e-12)) ((2.08395e-13 2.4778e-13 4.91442e-17) (-1.77052e-13 -1.35709e-13 1.76861e-11)))
814	(((1.87518e-07 -9.27035e-10 -1.19336e-18) (1.01284e-07 -3.71368e-10 2.05545e-12)) ((1.70072e-13 2.83106e-13 4.93366e-17) (-1.74415e-13 -1.39269e-13 1.76891e-11)))
815	(((1.87472e-07 -9.22967e-10 1.27844e-17) (1.01281e-07 -3.71386e-10 1.93492e-12)) ((2.10717e-13 2.51034e-13 4.92523e-17) (-1.81123e-13 -1.34931e-13 1.76922e-11)))
816	(((1.87447e-07 -9.23766e-10 -1.74022e-18) (1.01278e-07 -3.71327e-10 2.05676e-12)) ((1.66598e-13 2.82298e-13 4.93656e-17) (-1.77239e-13 -1.39623e-13 1.76932e-11)))
817	(((1.87456e-07 -9.28787e-10 1.28298e-17) (1.01276e-07 -3.71272e-10 1.90361e-12)) ((2.08927e-13 2.47367e-13 4.93361e-17) (-1.85808e-13 -1.35763e-13 1.76905e-11)))
818	(((1.87491e-07 -9.36031e-10 -1.52661e-18) (1.01273e-07 -3.71265e-10 2.07146e-12)) ((1.69697e-13 2.82994e-13 4.91952e-17) (-1.80386e-13 -1.39948e-13 1.76868e-11)))
819	(((1.87523e-07 -9.37754e-10 8.96119e-18) (1.0127e-07 -3.71252e-10 1.98315e-12)) ((2.13088e-13 2.48667e-13 4.9123e-17) (-1.81044e-13 -1.36223e-13 1.76853e-11)))
820	(((1.87526e-07 -9.35706e-10 -2.34221e-18) (1.01266e-07 -3.71281e-10 2.05011e-12)) ((1.65466e-13 2.79373e-13 4.92059e-17) (-1.75913e-13 -1.38858e-13 1.76863e-11)))
821	(((1.87495e-07 -9.32028e-10 1.18047e-17) (1.01262e-07 -3.7128e-10 1.92917e-12)) ((2.10307e-13 2.4819e-13 4.92394e-17) (-1.8198e-13 -1.34696e-13 1.76887e-11)))
822	(((1.87448e-07 -9.26989e-10 -5.23925e-19) (1.01258e-07 -3.71284e-10 2.0766e-12)) ((1.60407e-13 2.79221e-13 4.93366e-17) (-1.76305e-13 -1.39549e-13 1.76917e-11)))
823	(((1.87412e-07 -9.2326e-10 1.0502e-17) (1.01256e-07 -3.71237e-10 1.91717e-12)) ((2.10021e-13 2.48465e-13 4.93842e-17) (-1.83334e-13 -1.35196e-13 1.76933e-11)))
824	(((1.87408e-07 -9.23573e-10 -5.52928e-19) (1.01253e-07 -3.71211e-10 2.06121e-12)) ((1.68207e-13 2.80998e-13 4.93142e-17) (-1.81628e-13 -1.39753e-13 1.76924e-11)))
825	(((1.87437e-07 -9.29602e-10 1.00924e-17) (1.01251e-07 -3.71187e-10 1.94436e-12)) ((2.07662e-13 2.45385e-13 4.91357e-17) (-1.82386e-13 -1.36402e-13 1.769e-11)))
826	(((1.87475e-07 -9.36445e-10 -2.27158e-18) (1.01248e-07 -3.71136e-10 2.03183e-12)) ((1.68236e-13 2.79435e-13 4.9311e-17) (-1.79355e-13 -1.39099e-13 1.76864e-11)))
827	(((1.87489e-07 -9.38725e-10 1.05659e-17) (1.01244e-07 -3.71153e-10 1.91188e-12)) ((2.09046e-13 2.48391e-13 4.91623e-17) (-1.81505e-13 -1.34334e-13 1.76856e-11)))
828	(((1.87471e-07 -9.35338e-10 -4.87568e-18) (1.0124e-07 -3.71186e-10 2.05423e-12)) ((1.67083e-13 2.8229e-13 4.91249e-17) (-1.7386e-13 -1.38659e-13 1.76878e-11)))
829	(((1.87425e-07 -9.24811e-10 8.61246e-18) (1.01237e-07 -3.71162e-10 1.93579e-12)) ((2.15092e-13 2.52804e-13 4.92968e-17) (-1.81171e-13 -1.34776e-13 1.76902e-11)))
830	(((1.87383e-07 -9.21286e-10 7.21828e-19) (1.01234e-07 -3.71169e-10 2.08012e-12)) ((1.69779e-13 2.83365e-13 4.92171e-17) (-1.79395e-13 -1.39579e-13 1.76924e-11)))
831	(((1.87368e-07 -9.24028e-10 1.11048e-17) (1.01231e-07 -3.71117e-10 1.96896e-12)) ((2.11075e-13 2.48615e-13 4.93009e-17) (-1.82184e-13 -1.36867e-13 1.76924e-11)))
832	(((1.87386e-07 -9.29423e-10 -2.09628e-18) (1.01229e-07 -3.71057e-10 2.00826e-12)) ((1.69328e-13 2.81323e-13 4.93665e-17) (-1.81035e-13 -1.39206e-13 1.76885e-11)))
833	(((1.87424e-07 -9.36593e-10 1.1074e-17) (1.01226e-07 -3.71069e-10 1.92796e-12)) ((2.1247e-13 2.49861e-13 4.9245e-17) (-1.84686e-13 -1.35476e-13 1.76856e-11)))
834	(((1.8745e-07 -9.36773e-10 -4.0189e-18) (1.01223e-07 -3.71064e-10 2.07863e-12)) ((1.64996e-13 2.81526e-13 4.91347e-17) (-1.75931e-13 -1.39212e-13 1.76845e-11)))
835	(((1.87443e-07 -9.33228e-10 1.12333e-17) (1.01219e-07 -3.71088e-10 1.9201e-12)) ((2.08393e-13 2.48091e-13 4.9227e-17) (-1.81321e-13 -1.35087e-13 1.76856e-11)))
836	(((1.87404e-07 -9.29356e-10 -1.30776e-18) (1.01215e-07 -3.71106e-10 2.0639e-12)) ((1.70641e-13 2.82561e-13 4.9327e-17) (-1.76772e-13 -1.38799e-13 1.76882e-11)))
837	(((1.87358e-07 -9.248e-10 9.9969e-18) (1.01212e-07 -3.71085e-10 1.98438e-12)) ((2.07761e-13 2.47138e-13 4.93257e-17) (-1.79515e-13 -1.35792e-13 1.7691e-11)))
838	(((1.8733e-07 -9.23484e-10 -2.84945e-18) (1.0121e-07 -3.71066e-10 2.06164e-12)) ((1.71133e-13 2.8193e-13 4.93789e-17) (-1.79711e-13 -1.39461e-13 1.76922e-11)))
839	(((1.87337e-07 -9.24579e-10 1.03712e-17) (1.01208e-07 -3.71012e-10 1.95609e-12)) ((2.12414e-13 2.50496e-13 4.92446e-17) (-1.85897e-13 -1.36152e-13 1.76905e-11)))
840	(((1.87372e-07 -9.30467e-10 -3.14139e-18) (1.01205e-07 -3.70989e-10 2.05918e-12)) ((1.6495e-13 2.79885e-13 4.9136e-17) (-1.78355e-13 -1.39869e-13 1.7688e-11)))
841	(((1.87406e-07 -9.36842e-10 9.40347e-18) (1.01202e-07 -3.70964e-10 1.92108e-12)) ((2.10804e-13 2.4887e-13 4.92464e-17) (-1.82355e-13 -1.3537e-13 1.76854e-11)))
842	(((1.87411e-07 -9.37605e-10 -1.6675e-18) (1.01198e-07 -3.71002e-10 2.07366e-12)) ((1.6746e-13 2.81363e-13 4.92141e-17) (-1.77501e-13 -1.3915e-13 1.76855e-11)))
843	(((1.87383e-07 -9.32254e-10 9.55606e-18) (1.01195e-07 -3.70996e-10 2.01381e-12)) ((2.07158e-13 2.47882e-13 4.90939e-17) (-1.7891e-13 -1.36389e-13 1.76882e-11)))
844	(((1.87336e-07 -9.22931e-10 -1.64659e-18) (1.01192e-07 -3.70993e-10 2.09043e-12)) ((1.69741e-13 2.82497e-13 4.92835e-17) (-1.76874e-13 -1.39476e-13 1.76908e-11)))
845	(((1.87299e-07 -9.20315e-10 1.2098e-17) (1.01189e-07 -3.7098e-10 1.94755e-12)) ((2.11235e-13 2.50612e-13 4.9135e-17) (-1.8337e-13 -1.3537e-13 1.76927e-11)))
846	(((1.87295e-07 -9.24248e-10 -3.24941e-18) (1.01187e-07 -3.70924e-10 2.07174e-12)) ((1.68505e-13 2.83074e-13 4.92579e-17) (-1.78328e-13 -1.40371e-13 1.76926e-11)))
847	(((1.87321e-07 -9.30689e-10 1.06468e-17) (1.01185e-07 -3.70867e-10 1.91835e-12)) ((2.08466e-13 2.48289e-13 4.93023e-17) (-1.84714e-13 -1.35957e-13 1.76888e-11)))
848	(((1.87359e-07 -9.37504e-10 -1.00924e-18) (1.01182e-07 -3.70888e-10 2.08085e-12)) ((1.6807e-13 2.82055e-13 4.91838e-17) (-1.79892e-13 -1.39767e-13 1.76859e-11)))
849	(((1.87377e-07 -9.36438e-10 8.08551e-18) (1.01178e-07 -3.70893e-10 1.9849e-12)) ((2.12165e-13 2.49168e-13 4.91554e-17) (-1.79072e-13 -1.36005e-13 1.7686e-11)))
850	(((1.8736e-07 -9.31093e-10 -1.66035e-18) (1.01175e-07 -3.70888e-10 2.02458e-12)) ((1.64976e-13 2.78554e-13 4.91857e-17) (-1.75287e-13 -1.38183e-13 1.76873e-11)))
851	(((1.87318e-07 -9.27309e-10 1.2082e-17) (1.01171e-07 -3.70911e-10 1.9386e-12)) ((2.09949e-13 2.49209e-13 4.92984e-17) (-1.81653e-13 -1.3473e-13 1.76899e-11)))
852	(((1.87274e-07 -9.23194e-10 -2.69744e-18) (1.01169e-07 -3.70871e-10 2.07224e-12)) ((1.63278e-13 2.81421e-13 4.93061e-17) (-1.76076e-13 -1.3917e-13 1.76919e-11)))
853	(((1.87256e-07 -9.23511e-10 1.22964e-17) (1.01167e-07 -3.70842e-10 1.89899e-12)) ((2.06311e-13 2.47224e-13 4.93724e-17) (-1.8363e-13 -1.35126e-13 1.76921e-11)))
854	(((1.87272e-07 -9.26181e-10 -6.5332e-19) (1.01165e-07 -3.70821e-10 2.03539e-12)) ((1.69394e-13 2.82034e-13 4.92642e-17) (-1.80118e-13 -1.39502e-13 1.76896e-11)))
855	(((1.87311e-07 -9.31573e-10 9.55148e-18) (1.01162e-07 -3.7079e-10 1.93776e-12)) ((2.09335e-13 2.46707e-13 4.90971e-17) (-1.80556e-13 -1.36008e-13 1.76868e-11)))
856	(((1.87338e-07 -9.36307e-10 -1.12604e-18) (1.01159e-07 -3.70781e-10 2.05864e-12)) ((1.66725e-13 2.79655e-13 4.92308e-17) (-1.78094e-13 -1.39456e-13 1.76847e-11)))
857	(((1.87334e-07 -9.35039e-10 1.12324e-17) (1.01155e-07 -3.70799e-10 1.95679e-12)) ((2.08166e-13 2.4935e-13 4.91624e-17) (-1.81506e-13 -1.35479e-13 1.76856e-11)))
858	(((1.87298e-07 -9.28679e-10 -3.328e-18) (1.01152e-07 -3.70811e-10 2.09989e-12)) ((1.63715e-13 2.81109e-13 4.9162e-17) (-1.75301e-13 -1.39529e-13 1.76893e-11)))
859	(((1.87251e-07 -9.20734e-10 9.86756e-18) (1.01149e-07 -3.70792e-10 1.93819e-12)) ((2.10399e-13 2.49545e-13 4.93052e-17) (-1.81772e-13 -1.34702e-13 1.76922e-11)))
860	(((1.87222e-07 -9.19644e-10 -1.80361e-19) (1.01147e-07 -3.70784e-10 2.06307e-12)) ((1.68971e-13 2.80549e-13 4.92296e-17) (-1.80452e-13 -1.39103e-13 1.76934e-11)))
861	(((1.87228e-07 -9.25108e-10 9.80087e-18) (1.01145e-07 -3.70723e-10 1.98369e-12)) ((2.09817e-13 2.47577e-13 4.92434e-17) (-1.8341e-13 -1.36962e-13 1.7692e-11)))
862	(((1.87261e-07 -9.32533e-10 -3.12294e-18) (1.01143e-07 -3.707e-10 2.0068e-12)) ((1.69075e-13 2.80633e-13 4.93363e-17) (-1.81101e-13 -1.38799e-13 1.7688e-11)))
863	(((1.87297e-07 -9.37729e-10 1.0989e-17) (1.0114e-07 -3.70697e-10 1.93334e-12)) ((2.11061e-13 2.50092e-13 4.91561e-17) (-1.83723e-13 -1.35326e-13 1.76854e-11)))
864	(((1.87306e-07 -9.35238e-10 -6.13253e-18) (1.01136e-07 -3.70706e-10 2.07739e-12)) ((1.69427e-13 2.84226e-13 4.90771e-17) (-1.75371e-13 -1.39254e-13 1.7686e-11)))
865	(((1.8728e-07 -9.29153e-10 8.91932e-18) (1.01133e-07 -3.70709e-10 1.91132e-12)) ((2.12044e-13 2.49599e-13 4.91675e-17) (-1.80945e-13 -1.34438e-13 1.76879e-11)))
866	(((1.87234e-07 -9.25336e-10 -9.85892e-20) (1.0113e-07 -3.70726e-10 2.05948e-12)) ((1.64641e-13 2.80554e-13 4.92286e-17) (-1.76779e-13 -1.38582e-13 1.76908e-11)))
867	(((1.87196e-07 -9.22627e-10 9.98762e-18) (1.01127e-07 -3.70691e-10 1.9439e-12)) ((2.08181e-13 2.4719e-13 4.92622e-17) (-1.79408e-13 -1.35557e-13 1.76934e-11)))
868	(((1.87188e-07 -9.23689e-10 -2.73717e-18) (1.01125e-07 -3.70637e-10 2.03261e-12)) ((1.68633e-13 2.82858e-13 4.9317e-17) (-1.79156e-13 -1.39598e-13 1.76925e-11)))
869	(((1.87213e-07 -9.27275e-10 1.24763e-17) (1.01123e-07 -3.70628e-10 1.93432e-12)) ((2.11287e-13 2.49239e-13 4.91186e-17) (-1.86238e-13 -1.36133e-13 1.76898e-11)))
870	(((1.87251e-07 -9.32009e-10 -2.86062e-18) (1.01121e-07 -3.70607e-10 2.05036e-12)) ((1.62333e-13 2.79405e-13 4.90396e-17) (-1.76658e-13 -1.39535e-13 1.76875e-11)))
871	(((1.87271e-07 -9.34995e-10 1.09797e-17) (1.01118e-07 -3.70587e-10 1.90664e-12)) ((2.09675e-13 2.47153e-13 4.92086e-17) (-1.82186e-13 -1.34719e-13 1.76862e-11)))
872	(((1.87258e-07 -9.33266e-10 -1.51638e-18) (1.01114e-07 -3.70627e-10 2.0432e-12)) ((1.6693e-13 2.80144e-13 4.91703e-17) (-1.75882e-13 -1.38257e-13 1.76877e-11)))
873	(((1.87216e-07 -9.26465e-10 9.55338e-18) (1.01111e-07 -3.70606e-10 1.97156e-12)) ((2.0841e-13 2.4586e-13 4.91948e-17) (-1.78453e-13 -1.35303e-13 1.7691e-11)))
874	(((1.87172e-07 -9.19634e-10 -5.46833e-19) (1.01108e-07 -3.70583e-10 2.06687e-12)) ((1.64985e-13 2.79367e-13 4.9325e-17) (-1.77786e-13 -1.38818e-13 1.76934e-11)))
875	(((1.87152e-07 -9.20017e-10 1.06609e-17) (1.01106e-07 -3.70588e-10 1.93266e-12)) ((2.11675e-13 2.50234e-13 4.92504e-17) (-1.84157e-13 -1.35239e-13 1.76947e-11)))
876	(((1.87167e-07 -9.2601e-10 -1.90608e-18) (1.01105e-07 -3.70517e-10 2.07605e-12)) ((1.63013e-13 2.80376e-13 4.91744e-17) (-1.79277e-13 -1.40577e-13 1.7693e-11)))
877	(((1.87205e-07 -9.33046e-10 9.85647e-18) (1.01102e-07 -3.70485e-10 1.90645e-12)) ((2.09655e-13 2.47841e-13 4.92819e-17) (-1.83744e-13 -1.35454e-13 1.76896e-11)))
878	(((1.87235e-07 -9.37182e-10 -2.7594e-18) (1.01099e-07 -3.70492e-10 2.09107e-12)) ((1.6925e-13 2.82662e-13 4.90727e-17) (-1.78361e-13 -1.39468e-13 1.76877e-11)))
879	(((1.87234e-07 -9.33594e-10 9.40712e-18) (1.01096e-07 -3.70524e-10 1.9854e-12)) ((2.08563e-13 2.47641e-13 4.90844e-17) (-1.7856e-13 -1.35979e-13 1.76895e-11)))
880	(((1.872e-07 -9.26853e-10 -2.27867e-18) (1.01093e-07 -3.70525e-10 2.02597e-12)) ((1.66807e-13 2.79834e-13 4.92303e-17) (-1.74817e-13 -1.38147e-13 1.76917e-11)))
881	(((1.87154e-07 -9.22916e-10 1.2366e-17) (1.0109e-07 -3.70501e-10 1.93589e-12)) ((2.10894e-13 2.50377e-13 4.9182e-17) (-1.81367e-13 -1.34871e-13 1.76936e-11)))
882	(((1.87123e-07 -9.22229e-10 -1.56734e-18) (1.01088e-07 -3.70487e-10 2.05555e-12)) ((1.64719e-13 2.79515e-13 4.91766e-17) (-1.77049e-13 -1.39292e-13 1.76948e-11)))
883	(((1.87125e-07 -9.23951e-10 1.10187e-17) (1.01086e-07 -3.70419e-10 1.90266e-12)) ((2.09343e-13 2.47467e-13 4.92173e-17) (-1.84014e-13 -1.35398e-13 1.7693e-11)))
884	(((1.87157e-07 -9.28383e-10 -1.17376e-18) (1.01084e-07 -3.70437e-10 2.06095e-12)) ((1.70785e-13 2.82717e-13 4.91656e-17) (-1.80636e-13 -1.39812e-13 1.76904e-11)))
885	(((1.87194e-07 -9.32632e-10 9.42384e-18) (1.01082e-07 -3.70425e-10 1.92347e-12)) ((2.08456e-13 2.45813e-13 4.90844e-17) (-1.79046e-13 -1.35223e-13 1.76889e-11)))
886	(((1.87205e-07 -9.34042e-10 -3.68617e-18) (1.01078e-07 -3.70396e-10 2.03584e-12)) ((1.68777e-13 2.80897e-13 4.92255e-17) (-1.75682e-13 -1.38436e-13 1.76881e-11)))
887	(((1.87183e-07 -9.31208e-10 1.23436e-17) (1.01075e-07 -3.70433e-10 1.92205e-12)) ((2.0528e-13 2.47297e-13 4.91811e-17) (-1.80934e-13 -1.34332e-13 1.76901e-11)))
888	(((1.87139e-07 -9.25005e-10 -4.56154e-18) (1.01072e-07 -3.70429e-10 2.08223e-12)) ((1.63368e-13 2.82678e-13 4.9191e-17) (-1.73843e-13 -1.3905e-13 1.76937e-11)))
889	(((1.87099e-07 -9.19309e-10 1.16056e-17) (1.0107e-07 -3.70399e-10 1.92508e-12)) ((2.06653e-13 2.49427e-13 4.92893e-17) (-1.82675e-13 -1.35148e-13 1.76959e-11)))
890	(((1.87089e-07 -9.20797e-10 -8.9626e-19) (1.01068e-07 -3.70407e-10 2.0423e-12)) ((1.65944e-13 2.81972e-13 4.91589e-17) (-1.79098e-13 -1.39213e-13 1.76963e-11)))
891	(((1.87111e-07 -9.26599e-10 9.57636e-18) (1.01066e-07 -3.70324e-10 1.96351e-12)) ((2.07915e-13 2.47399e-13 4.91667e-17) (-1.82202e-13 -1.36703e-13 1.76937e-11)))
892	(((1.8715e-07 -9.33306e-10 -1.93287e-18) (1.01064e-07 -3.70296e-10 2.00248e-12)) ((1.67457e-13 2.80034e-13 4.92155e-17) (-1.8045e-13 -1.38511e-13 1.76903e-11)))
893	(((1.87173e-07 -9.36607e-10 9.41169e-18) (1.01061e-07 -3.70331e-10 1.92771e-12)) ((2.11708e-13 2.5001e-13 4.91148e-17) (-1.82186e-13 -1.34378e-13 1.76891e-11)))
894	(((1.87163e-07 -9.3103e-10 -4.6469e-18) (1.01058e-07 -3.70319e-10 2.06023e-12)) ((1.6765e-13 2.82895e-13 4.89769e-17) (-1.74603e-13 -1.38792e-13 1.76905e-11)))
895	(((1.87123e-07 -9.24256e-10 1.01577e-17) (1.01055e-07 -3.70323e-10 1.91163e-12)) ((2.09304e-13 2.48404e-13 4.91359e-17) (-1.80375e-13 -1.34406e-13 1.76928e-11)))
896	(((1.87079e-07 -9.22211e-10 -5.49065e-19) (1.01052e-07 -3.70328e-10 2.06619e-12)) ((1.69042e-13 2.81152e-13 4.91899e-17) (-1.77586e-13 -1.38637e-13 1.76947e-11)))
897	(((1.87056e-07 -9.21899e-10 1.1174e-17) (1.0105e-07 -3.703e-10 1.9563e-12)) ((2.08508e-13 2.46595e-13 4.92223e-17) (-1.8095e-13 -1.36163e-13 1.76962e-11)))
898	(((1.87068e-07 -9.24894e-10 -2.85115e-18) (1.01049e-07 -3.70248e-10 1.99186e-12)) ((1.7009e-13 2.81027e-13 4.93147e-17) (-1.80199e-13 -1.38516e-13 1.7694e-11)))
899	(((1.87105e-07 -9.29303e-10 9.89062e-18) (1.01047e-07 -3.70237e-10 1.92296e-12)) ((2.15771e-13 2.51023e-13 4.9101e-17) (-1.85073e-13 -1.35243e-13 1.7691e-11)))
900	(((1.87137e-07 -9.32447e-10 -3.5648e-18) (1.01044e-07 -3.70249e-10 2.05338e-12)) ((1.63752e-13 2.80203e-13 4.90848e-17) (-1.76395e-13 -1.38912e-13 1.76899e-11)))
901	(((1.87139e-07 -9.32381e-10 8.67446e-18) (1.01041e-07 -3.70225e-10 1.92166e-12)) ((2.10604e-13 2.49899e-13 4.92369e-17) (-1.8056e-13 -1.349e-13 1.76905e-11)))
902	(((1.87109e-07 -9.29387e-10 -1.20625e-18) (1.01038e-07 -3.70272e-10 2.07459e-12)) ((1.68432e-13 2.82158e-13 4.91611e-17) (-1.77062e-13 -1.38855e-13 1.76928e-11)))
903	(((1.87063e-07 -9.23489e-10 7.48392e-18) (1.01035e-07 -3.70248e-10 1.98452e-12)) ((2.10385e-13 2.49389e-13 4.91913e-17) (-1.77907e-13 -1.35352e-13 1.76959e-11)))
904	(((1.87029e-07 -9.18984e-10 -2.16783e-18) (1.01033e-07 -3.7021e-10 2.0494e-12)) ((1.71965e-13 2.80586e-13 4.92643e-17) (-1.79555e-13 -1.38746e-13 1.76971e-11)))
905	(((1.87029e-07 -9.21048e-10 1.13932e-17) (1.01032e-07 -3.70212e-10 1.93021e-12)) ((2.09555e-13 2.4842e-13 4.91296e-17) (-1.84808e-13 -1.35356e-13 1.76967e-11)))
906	(((1.8706e-07 -9.27779e-10 -3.16957e-18) (1.0103e-07 -3.7016e-10 2.04017e-12)) ((1.66149e-13 2.80015e-13 4.91424e-17) (-1.77916e-13 -1.39598e-13 1.76941e-11)))
907	(((1.87097e-07 -9.33255e-10 1.03063e-17) (1.01027e-07 -3.70127e-10 1.89202e-12)) ((2.08223e-13 2.47997e-13 4.91852e-17) (-1.81809e-13 -1.34979e-13 1.76908e-11)))
908	(((1.87112e-07 -9.34819e-10 -3.15462e-18) (1.01024e-07 -3.70147e-10 2.07614e-12)) ((1.69491e-13 2.83532e-13 4.89876e-17) (-1.7656e-13 -1.38993e-13 1.76899e-11)))
909	(((1.87093e-07 -9.28671e-10 8.72155e-18) (1.01021e-07 -3.70164e-10 1.97632e-12)) ((2.08952e-13 2.48891e-13 4.90449e-17) (-1.77445e-13 -1.35617e-13 1.76924e-11)))
910	(((1.8705e-07 -9.21977e-10 -1.63591e-18) (1.01018e-07 -3.70159e-10 2.03075e-12)) ((1.63461e-13 2.80342e-13 4.91984e-17) (-1.75571e-13 -1.3814e-13 1.76949e-11)))
911	(((1.87009e-07 -9.21241e-10 1.09653e-17) (1.01016e-07 -3.70154e-10 1.91483e-12)) ((2.10832e-13 2.5157e-13 4.92612e-17) (-1.82404e-13 -1.34489e-13 1.7697e-11)))
912	(((1.86996e-07 -9.22135e-10 -2.59605e-18) (1.01015e-07 -3.70121e-10 2.04226e-12)) ((1.62864e-13 2.81583e-13 4.92623e-17) (-1.77346e-13 -1.39531e-13 1.76976e-11)))
913	(((1.87016e-07 -9.25808e-10 1.09804e-17) (1.01013e-07 -3.70067e-10 1.90438e-12)) ((2.06031e-13 2.48169e-13 4.92564e-17) (-1.84219e-13 -1.35657e-13 1.7695e-11)))
914	(((1.87054e-07 -9.2997e-10 -2.20425e-18) (1.01011e-07 -3.70074e-10 2.04282e-12)) ((1.69398e-13 2.8214e-13 4.91596e-17) (-1.78866e-13 -1.39007e-13 1.76923e-11)))
915	(((1.8708e-07 -9.3186e-10 8.34533e-18) (1.01008e-07 -3.70072e-10 1.96446e-12)) ((2.07597e-13 2.47105e-13 4.90429e-17) (-1.78465e-13 -1.35538e-13 1.76916e-11)))
916	(((1.87073e-07 -9.31005e-10 -2.618e-18) (1.01005e-07 -3.70061e-10 2.01586e-12)) ((1.68975e-13 2.78919e-13 4.91971e-17) (-1.75324e-13 -1.37932e-13 1.76921e-11)))
917	(((1.87036e-07 -9.26855e-10 1.18556e-17) (1.01002e-07 -3.7008e-10 1.94846e-12)) ((2.08451e-13 2.484e-13 4.91688e-17) (-1.81074e-13 -1.34886e-13 1.76944e-11)))
918	(((1.86992e-07 -9.23121e-10 -2.28269e-18) (1.01e-07 -3.70091e-10 2.07855e-12)) ((1.66755e-13 2.80663e-13 4.91528e-17) (-1.75693e-13 -1.39002e-13 1.76978e-11)))
919	(((1.86968e-07 -9.19367e-10 1.05067e-17) (1.00998e-07 -3.7006e-10 1.91047e-12)) ((2.10157e-13 2.48497e-13 4.92208e-17) (-1.82506e-13 -1.34813e-13 1.76995e-11)))
920	(((1.86976e-07 -9.21348e-10 1.26117e-20) (1.00997e-07 -3.70037e-10 2.01853e-12)) ((1.65321e-13 2.79654e-13 4.90792e-17) (-1.78684e-13 -1.38904e-13 1.76982e-11)))
921	(((1.87011e-07 -9.28242e-10 9.3867e-18) (1.00995e-07 -3.69973e-10 1.94269e-12)) ((2.10915e-13 2.47123e-13 4.90105e-17) (-1.80711e-13 -1.36063e-13 1.76954e-11)))
922	(((1.87044e-07 -9.33349e-10 -2.20328e-18) (1.00992e-07 -3.69968e-10 1.99137e-12)) ((1.66464e-13 2.79325e-13 4.91432e-17) (-1.78097e-13 -1.37779e-13 1.76926e-11)))
923	(((1.8705e-07 -9.3349e-10 1.10256e-17) (1.00989e-07 -3.69989e-10 1.92437e-12)) ((2.06739e-13 2.49123e-13 4.90479e-17) (-1.81026e-13 -1.34357e-13 1.76929e-11)))
924	(((1.87023e-07 -9.26969e-10 -4.70926e-18) (1.00987e-07 -3.70002e-10 2.05623e-12)) ((1.69116e-13 2.84254e-13 4.90274e-17) (-1.74386e-13 -1.38686e-13 1.76958e-11)))
925	(((1.86979e-07 -9.20736e-10 1.03783e-17) (1.00984e-07 -3.69992e-10 1.89398e-12)) ((2.05175e-13 2.48134e-13 4.91871e-17) (-1.79594e-13 -1.33876e-13 1.76983e-11)))
926	(((1.86943e-07 -9.20251e-10 1.18227e-18) (1.00982e-07 -3.69974e-10 2.03563e-12)) ((1.66728e-13 2.78985e-13 4.92408e-17) (-1.78991e-13 -1.3852e-13 1.76999e-11)))
927	(((1.8694e-07 -9.22095e-10 9.20892e-18) (1.00981e-07 -3.69931e-10 1.93262e-12)) ((2.11078e-13 2.47134e-13 4.91523e-17) (-1.80883e-13 -1.35835e-13 1.77e-11)))
928	(((1.86968e-07 -9.26959e-10 -1.82184e-18) (1.00979e-07 -3.69901e-10 2.00025e-12)) ((1.66229e-13 2.79757e-13 4.92546e-17) (-1.80326e-13 -1.38785e-13 1.7697e-11)))
929	(((1.87006e-07 -9.30316e-10 1.03901e-17) (1.00977e-07 -3.699e-10 1.92322e-12)) ((2.12657e-13 2.5067e-13 4.91529e-17) (-1.83408e-13 -1.35303e-13 1.76945e-11)))
930	(((1.87024e-07 -9.30824e-10 -4.56222e-18) (1.00974e-07 -3.69895e-10 2.06029e-12)) ((1.64651e-13 2.81164e-13 4.90051e-17) (-1.75249e-13 -1.38909e-13 1.76943e-11)))
931	(((1.87008e-07 -9.28977e-10 1.08055e-17) (1.00971e-07 -3.69895e-10 1.89803e-12)) ((2.0621e-13 2.46645e-13 4.92535e-17) (-1.8048e-13 -1.34254e-13 1.76956e-11)))
932	(((1.86967e-07 -9.24717e-10 -1.66989e-18) (1.00968e-07 -3.69907e-10 2.04215e-12)) ((1.67006e-13 2.80942e-13 4.91739e-17) (-1.75776e-13 -1.38068e-13 1.76979e-11)))
933	(((1.86925e-07 -9.21845e-10 7.96631e-18) (1.00966e-07 -3.69899e-10 1.96094e-12)) ((2.07334e-13 2.5041e-13 4.91783e-17) (-1.77796e-13 -1.35557e-13 1.77002e-11)))
934	(((1.86909e-07 -9.19031e-10 -2.56907e-18) (1.00965e-07 -3.69871e-10 2.02096e-12)) ((1.68293e-13 2.82888e-13 4.92181e-17) (-1.79686e-13 -1.39016e-13 1.77005e-11)))
935	(((1.86926e-07 -9.21678e-10 1.16981e-17) (1.00963e-07 -3.69846e-10 1.89781e-12)) ((2.07516e-13 2.48224e-13 4.90696e-17) (-1.8445e-13 -1.352e-13 1.76987e-11)))
936	(((1.86965e-07 -9.29304e-10 -3.15856e-18) (1.00962e-07 -3.69824e-10 2.03654e-12)) ((1.65726e-13 2.80253e-13 4.91513e-17) (-1.77762e-13 -1.39357e-13 1.76965e-11)))
937	(((1.86993e-07 -9.33031e-10 9.40848e-18) (1.00959e-07 -3.69809e-10 1.87715e-12)) ((2.09608e-13 2.46602e-13 4.91606e-17) (-1.80962e-13 -1.33916e-13 1.76947e-11)))
938	(((1.86989e-07 -9.31985e-10 -2.50797e-18) (1.00956e-07 -3.69844e-10 2.04582e-12)) ((1.68817e-13 2.80756e-13 4.91493e-17) (-1.75737e-13 -1.38091e-13 1.76958e-11)))
939	(((1.86956e-07 -9.24785e-10 9.6069e-18) (1.00953e-07 -3.69851e-10 1.97165e-12)) ((2.09825e-13 2.47381e-13 4.91646e-17) (-1.78046e-13 -1.3535e-13 1.76991e-11)))
940	(((1.86911e-07 -9.20222e-10 -1.33233e-18) (1.00951e-07 -3.69861e-10 2.01837e-12)) ((1.70908e-13 2.79375e-13 4.91867e-17) (-1.76072e-13 -1.37924e-13 1.77021e-11)))
941	(((1.86884e-07 -9.1998e-10 1.31762e-17) (1.0095e-07 -3.69839e-10 1.92269e-12)) ((2.10075e-13 2.47655e-13 4.92514e-17) (-1.83888e-13 -1.3501e-13 1.77039e-11)))
942	(((1.8689e-07 -9.22689e-10 -2.86605e-18) (1.00948e-07 -3.69788e-10 2.02536e-12)) ((1.64309e-13 2.78618e-13 4.90953e-17) (-1.77459e-13 -1.39072e-13 1.77035e-11)))
943	(((1.86923e-07 -9.27868e-10 9.06356e-18) (1.00947e-07 -3.69754e-10 1.90802e-12)) ((2.09902e-13 2.48255e-13 4.91847e-17) (-1.83789e-13 -1.35353e-13 1.77007e-11)))
944	(((1.86958e-07 -9.30764e-10 -1.90855e-18) (1.00944e-07 -3.69772e-10 2.05454e-12)) ((1.69897e-13 2.82075e-13 4.90429e-17) (-1.78819e-13 -1.3898e-13 1.76989e-11)))
945	(((1.86968e-07 -9.30246e-10 8.49716e-18) (1.00942e-07 -3.6978e-10 1.94034e-12)) ((2.05542e-13 2.46338e-13 4.89842e-17) (-1.76776e-13 -1.35084e-13 1.76997e-11)))
946	(((1.86943e-07 -9.27263e-10 -2.99246e-18) (1.00939e-07 -3.69754e-10 2.00398e-12)) ((1.68574e-13 2.80461e-13 4.91032e-17) (-1.75287e-13 -1.37801e-13 1.77004e-11)))
947	(((1.86899e-07 -9.23449e-10 9.92739e-18) (1.00936e-07 -3.69773e-10 1.92276e-12)) ((2.0827e-13 2.50187e-13 4.90776e-17) (-1.808e-13 -1.34185e-13 1.77023e-11)))
948	(((1.86864e-07 -9.21108e-10 -2.72948e-18) (1.00934e-07 -3.6976e-10 2.04449e-12)) ((1.63957e-13 2.79544e-13 4.90845e-17) (-1.76086e-13 -1.38646e-13 1.77046e-11)))
949	(((1.86857e-07 -9.19404e-10 1.04301e-17) (1.00933e-07 -3.69734e-10 1.91284e-12)) ((2.10672e-13 2.49505e-13 4.91866e-17) (-1.84062e-13 -1.35629e-13 1.77049e-11)))
950	(((1.86882e-07 -9.23169e-10 -1.44879e-18) (1.00932e-07 -3.69716e-10 2.00447e-12)) ((1.69384e-13 2.80485e-13 4.90861e-17) (-1.79308e-13 -1.38828e-13 1.77028e-11)))
951	(((1.86921e-07 -9.2971e-10 9.22878e-18) (1.0093e-07 -3.69659e-10 1.9241e-12)) ((2.08257e-13 2.45204e-13 4.91226e-17) (-1.79642e-13 -1.35447e-13 1.77003e-11)))
952	(((1.86941e-07 -9.32439e-10 -2.52998e-18) (1.00927e-07 -3.69663e-10 1.98987e-12)) ((1.67715e-13 2.79172e-13 4.91925e-17) (-1.7826e-13 -1.37574e-13 1.76987e-11)))
953	(((1.86929e-07 -9.30328e-10 9.06224e-18) (1.00924e-07 -3.69705e-10 1.90234e-12)) ((2.11135e-13 2.49729e-13 4.91758e-17) (-1.80757e-13 -1.33765e-13 1.77005e-11)))
954	(((1.86891e-07 -9.23223e-10 -3.36735e-18) (1.00922e-07 -3.69704e-10 2.06316e-12)) ((1.64066e-13 2.81732e-13 4.90885e-17) (-1.7536e-13 -1.38725e-13 1.77035e-11)))
955	(((1.86848e-07 -9.19359e-10 8.63588e-18) (1.0092e-07 -3.69712e-10 1.89191e-12)) ((2.07604e-13 2.5065e-13 4.92486e-17) (-1.80757e-13 -1.34073e-13 1.77059e-11)))
956	(((1.86829e-07 -9.19498e-10 -1.57644e-18) (1.00918e-07 -3.6967e-10 2.04099e-12)) ((1.68151e-13 2.81712e-13 4.91975e-17) (-1.79961e-13 -1.3892e-13 1.77066e-11)))
957	(((1.86843e-07 -9.23184e-10 1.02022e-17) (1.00917e-07 -3.69644e-10 1.92946e-12)) ((2.06022e-13 2.45082e-13 4.918e-17) (-1.81661e-13 -1.3593e-13 1.77055e-11)))
958	(((1.86881e-07 -9.28611e-10 -4.33641e-18) (1.00915e-07 -3.69604e-10 1.97965e-12)) ((1.70262e-13 2.80376e-13 4.91568e-17) (-1.79299e-13 -1.37915e-13 1.77021e-11)))
959	(((1.8691e-07 -9.3039e-10 9.80835e-18) (1.00913e-07 -3.69622e-10 1.89959e-12)) ((2.13055e-13 2.49411e-13 4.90538e-17) (-1.82381e-13 -1.34102e-13 1.77006e-11)))
960	(((1.86911e-07 -9.28324e-10 -4.64311e-18) (1.0091e-07 -3.6962e-10 2.01902e-12)) ((1.65367e-13 2.79171e-13 4.89087e-17) (-1.7418e-13 -1.37754e-13 1.77018e-11)))
961	(((1.8688e-07 -9.25523e-10 1.03842e-17) (1.00908e-07 -3.69628e-10 1.87321e-12)) ((2.10057e-13 2.45997e-13 4.91958e-17) (-1.8032e-13 -1.33506e-13 1.77039e-11)))
962	(((1.86836e-07 -9.22697e-10 1.1949e-18) (1.00906e-07 -3.69657e-10 2.01485e-12)) ((1.68795e-13 2.76982e-13 4.91905e-17) (-1.77072e-13 -1.37414e-13 1.77066e-11)))
963	(((1.86807e-07 -9.20256e-10 9.29031e-18) (1.00904e-07 -3.69626e-10 1.9288e-12)) ((2.09086e-13 2.46025e-13 4.91746e-17) (-1.78625e-13 -1.35027e-13 1.77093e-11)))
964	(((1.8681e-07 -9.19377e-10 -2.49433e-18) (1.00903e-07 -3.69581e-10 1.96935e-12)) ((1.7122e-13 2.79837e-13 4.91882e-17) (-1.80494e-13 -1.37944e-13 1.77086e-11)))
965	(((1.86841e-07 -9.23714e-10 1.26191e-17) (1.00901e-07 -3.6957e-10 1.88681e-12)) ((2.07366e-13 2.47299e-13 4.90389e-17) (-1.84512e-13 -1.35073e-13 1.77068e-11)))
966	(((1.86877e-07 -9.30412e-10 -4.82035e-18) (1.00899e-07 -3.6956e-10 2.02716e-12)) ((1.68303e-13 2.81683e-13 4.91007e-17) (-1.76448e-13 -1.38841e-13 1.77054e-11)))
967	(((1.86889e-07 -9.32065e-10 9.79832e-18) (1.00897e-07 -3.69563e-10 1.89362e-12)) ((2.06511e-13 2.47087e-13 4.91975e-17) (-1.80985e-13 -1.34083e-13 1.7705e-11)))
968	(((1.86868e-07 -9.28983e-10 -3.30302e-18) (1.00894e-07 -3.69582e-10 2.05144e-12)) ((1.67861e-13 2.82253e-13 4.90655e-17) (-1.75204e-13 -1.38146e-13 1.77067e-11)))
969	(((1.86827e-07 -9.22277e-10 7.08256e-18) (1.00892e-07 -3.69584e-10 1.98652e-12)) ((2.1032e-13 2.5085e-13 4.91028e-17) (-1.78277e-13 -1.355e-13 1.77096e-11)))
970	(((1.86789e-07 -9.18372e-10 -5.32744e-19) (1.0089e-07 -3.69575e-10 2.0105e-12)) ((1.64518e-13 2.79032e-13 4.91342e-17) (-1.77683e-13 -1.38112e-13 1.77115e-11)))
971	(((1.86779e-07 -9.19701e-10 1.1802e-17) (1.00889e-07 -3.69556e-10 1.89628e-12)) ((2.10567e-13 2.48045e-13 4.92173e-17) (-1.83985e-13 -1.34717e-13 1.77119e-11)))
972	(((1.86802e-07 -9.24182e-10 -4.15179e-18) (1.00888e-07 -3.69514e-10 2.02208e-12)) ((1.6639e-13 2.8072e-13 4.90947e-17) (-1.77576e-13 -1.39039e-13 1.77098e-11)))
973	(((1.8684e-07 -9.29396e-10 8.68692e-18) (1.00886e-07 -3.6948e-10 1.88836e-12)) ((2.09464e-13 2.47639e-13 4.90472e-17) (-1.82217e-13 -1.34468e-13 1.77064e-11)))
974	(((1.86863e-07 -9.30194e-10 -2.92497e-18) (1.00883e-07 -3.69508e-10 2.05642e-12)) ((1.69729e-13 2.81901e-13 4.90118e-17) (-1.77335e-13 -1.38326e-13 1.77054e-11)))
975	(((1.86855e-07 -9.2729e-10 8.7353e-18) (1.00881e-07 -3.69515e-10 1.94933e-12)) ((2.06813e-13 2.47191e-13 4.89393e-17) (-1.76985e-13 -1.34905e-13 1.77075e-11)))
976	(((1.86819e-07 -9.24083e-10 -2.40277e-18) (1.00878e-07 -3.69511e-10 2.00812e-12)) ((1.6681e-13 2.79537e-13 4.92178e-17) (-1.74739e-13 -1.37444e-13 1.77096e-11)))
977	(((1.86776e-07 -9.21432e-10 1.10351e-17) (1.00876e-07 -3.69517e-10 1.93573e-12)) ((2.05418e-13 2.51176e-13 4.92064e-17) (-1.80632e-13 -1.34718e-13 1.77118e-11)))
978	(((1.86755e-07 -9.19786e-10 -3.21468e-18) (1.00875e-07 -3.69505e-10 2.06959e-12)) ((1.63048e-13 2.82929e-13 4.91563e-17) (-1.76713e-13 -1.39623e-13 1.77137e-11)))
979	(((1.86765e-07 -9.19783e-10 9.34947e-18) (1.00874e-07 -3.69469e-10 1.90256e-12)) ((2.09593e-13 2.49652e-13 4.91884e-17) (-1.83137e-13 -1.35199e-13 1.77124e-11)))
980	(((1.86801e-07 -9.25176e-10 -1.02599e-20) (1.00872e-07 -3.69467e-10 2.02438e-12)) ((1.65978e-13 2.79085e-13 4.90669e-17) (-1.79179e-13 -1.38808e-13 1.77101e-11)))
981	(((1.86833e-07 -9.30743e-10 8.5657e-18) (1.0087e-07 -3.69441e-10 1.93743e-12)) ((2.12094e-13 2.47055e-13 4.91262e-17) (-1.78958e-13 -1.35296e-13 1.77086e-11)))
982	(((1.86837e-07 -9.30954e-10 -2.29693e-18) (1.00868e-07 -3.69436e-10 2.01043e-12)) ((1.66548e-13 2.79289e-13 4.91718e-17) (-1.77248e-13 -1.37915e-13 1.7708e-11)))
983	(((1.86809e-07 -9.27278e-10 1.18791e-17) (1.00865e-07 -3.69474e-10 1.92124e-12)) ((2.08748e-13 2.48077e-13 4.91068e-17) (-1.81249e-13 -1.34218e-13 1.77104e-11)))
984	(((1.86766e-07 -9.21215e-10 -5.12649e-18) (1.00863e-07 -3.69485e-10 2.05895e-12)) ((1.72071e-13 2.82105e-13 4.9075e-17) (-1.75404e-13 -1.381e-13 1.77138e-11)))
985	(((1.86735e-07 -9.17554e-10 1.13583e-17) (1.00862e-07 -3.69468e-10 1.86474e-12)) ((2.07834e-13 2.45979e-13 4.91081e-17) (-1.81719e-13 -1.33735e-13 1.77161e-11)))
986	(((1.86734e-07 -9.19806e-10 -9.05613e-19) (1.0086e-07 -3.69442e-10 2.02346e-12)) ((1.69388e-13 2.79929e-13 4.91199e-17) (-1.80021e-13 -1.38605e-13 1.77159e-11)))
987	(((1.86763e-07 -9.24853e-10 7.7576e-18) (1.00859e-07 -3.69402e-10 1.94801e-12)) ((2.11178e-13 2.47855e-13 4.90449e-17) (-1.81385e-13 -1.35986e-13 1.77142e-11)))
988	(((1.868e-07 -9.30039e-10 -2.5733e-18) (1.00857e-07 -3.69392e-10 2.0111e-12)) ((1.67142e-13 2.80569e-13 4.90949e-17) (-1.79179e-13 -1.38504e-13 1.77116e-11)))
989	(((1.86816e-07 -9.29697e-10 8.56465e-18) (1.00855e-07 -3.69413e-10 1.93366e-12)) ((2.11897e-13 2.51221e-13 4.89912e-17) (-1.81652e-13 -1.34385e-13 1.77114e-11)))
990	(((1.86799e-07 -9.25949e-10 -5.53582e-18) (1.00852e-07 -3.69425e-10 2.041e-12)) ((1.66895e-13 2.8189e-13 4.89578e-17) (-1.74382e-13 -1.3807e-13 1.77138e-11)))
991	(((1.86759e-07 -9.23166e-10 1.04842e-17) (1.0085e-07 -3.69429e-10 1.90289e-12)) ((2.05823e-13 2.47895e-13 4.9252e-17) (-1.81012e-13 -1.33974e-13 1.77161e-11)))
992	(((1.8672e-07 -9.21007e-10 -1.67467e-18) (1.00848e-07 -3.69445e-10 2.03875e-12)) ((1.68431e-13 2.80504e-13 4.91958e-17) (-1.77332e-13 -1.3799e-13 1.77183e-11)))
993	(((1.86707e-07 -9.19984e-10 8.85005e-18) (1.00847e-07 -3.69411e-10 1.95752e-12)) ((2.10312e-13 2.47492e-13 4.91261e-17) (-1.80953e-13 -1.35848e-13 1.77197e-11)))
994	(((1.86726e-07 -9.20721e-10 -3.68047e-18) (1.00846e-07 -3.69363e-10 2.00554e-12)) ((1.70525e-13 2.81938e-13 4.91333e-17) (-1.80189e-13 -1.38804e-13 1.77172e-11)))
995	(((1.86763e-07 -9.25673e-10 1.10392e-17) (1.00845e-07 -3.69357e-10 1.89953e-12)) ((2.09343e-13 2.47514e-13 4.90089e-17) (-1.84219e-13 -1.34776e-13 1.77147e-11)))
996	(((1.8679e-07 -9.30654e-10 -4.58822e-18) (1.00842e-07 -3.6935e-10 2.05215e-12)) ((1.65356e-13 2.80773e-13 4.90267e-17) (-1.76015e-13 -1.38742e-13 1.77135e-11)))
997	(((1.86785e-07 -9.30121e-10 8.67583e-18) (1.0084e-07 -3.69369e-10 1.88653e-12)) ((2.08712e-13 2.47551e-13 4.91583e-17) (-1.79761e-13 -1.3387e-13 1.77142e-11)))
998	(((1.86751e-07 -9.26036e-10 -1.83526e-18) (1.00837e-07 -3.69383e-10 2.05015e-12)) ((1.66689e-13 2.81464e-13 4.90068e-17) (-1.74898e-13 -1.38054e-13 1.7716e-11)))
999	(((1.86709e-07 -9.2005e-10 7.46163e-18) (1.00836e-07 -3.69384e-10 2.00374e-12)) ((2.09443e-13 2.52873e-13 4.89811e-17) (-1.77999e-13 -1.36255e-13 1.7719e-11)))
1000	(((1.86685e-07 -9.16392e-10 -1.27919e-18) (1.00834e-07 -3.69368e-10 1.99734e-12)) ((1.64402e-13 2.80213e-13 4.90944e-17) (-1.78473e-13 -1.38191e-13 1.7721e-11)))
1001	(((1.86692e-07 -9.19894e-10 1.29681e-17) (1.00833e-07 -3.69344e-10 1.90534e-12)) ((2.06797e-13 2.47702e-13 4.91756e-17) (-1.85038e-13 -1.35228e-13 1.77205e-11)))
1002	(((1.86725e-07 -9.26461e-10 -4.77479e-18) (1.00832e-07 -3.69317e-10 2.03028e-12)) ((1.67018e-13 2.80583e-13 4.90891e-17) (-1.77338e-13 -1.3908e-13 1.77185e-11)))
1003	(((1.86759e-07 -9.3055e-10 9.20767e-18) (1.0083e-07 -3.69298e-10 1.88677e-12)) ((2.10144e-13 2.4682e-13 4.91367e-17) (-1.81729e-13 -1.34171e-13 1.77161e-11)))
1004	(((1.86767e-07 -9.29064e-10 -2.00023e-18) (1.00828e-07 -3.69335e-10 2.07043e-12)) ((1.67958e-13 2.80962e-13 4.90289e-17) (-1.76912e-13 -1.38519e-13 1.77163e-11)))
1005	(((1.86744e-07 -9.24505e-10 8.29113e-18) (1.00825e-07 -3.69349e-10 1.93703e-12)) ((2.10795e-13 2.46663e-13 4.89979e-17) (-1.76818e-13 -1.34617e-13 1.77194e-11)))
1006	(((1.86702e-07 -9.21568e-10 3.33334e-20) (1.00823e-07 -3.69335e-10 2.00272e-12)) ((1.66655e-13 2.77626e-13 4.92509e-17) (-1.77503e-13 -1.37527e-13 1.77213e-11)))
1007	(((1.86668e-07 -9.20145e-10 1.11475e-17) (1.00822e-07 -3.6934e-10 1.90754e-12)) ((2.0786e-13 2.49134e-13 4.91836e-17) (-1.82331e-13 -1.3437e-13 1.77233e-11)))
1008	(((1.86664e-07 -9.20043e-10 -4.23705e-18) (1.00821e-07 -3.69305e-10 2.05018e-12)) ((1.6573e-13 2.81762e-13 4.90939e-17) (-1.78145e-13 -1.39368e-13 1.77237e-11)))
1009	(((1.86689e-07 -9.2152e-10 9.97848e-18) (1.0082e-07 -3.69276e-10 1.90438e-12)) ((2.08284e-13 2.48613e-13 4.91169e-17) (-1.84048e-13 -1.35409e-13 1.77214e-11)))
1010	(((1.86726e-07 -9.26372e-10 -1.79614e-18) (1.00818e-07 -3.69286e-10 2.00931e-12)) ((1.67961e-13 2.79937e-13 4.89942e-17) (-1.77956e-13 -1.38326e-13 1.77193e-11)))
1011	(((1.86746e-07 -9.29881e-10 8.80991e-18) (1.00816e-07 -3.69266e-10 1.94053e-12)) ((2.10117e-13 2.47486e-13 4.90257e-17) (-1.78141e-13 -1.35353e-13 1.77185e-11)))
1012	(((1.86734e-07 -9.28192e-10 -3.20593e-18) (1.00813e-07 -3.69271e-10 2.01343e-12)) ((1.66472e-13 2.79164e-13 4.90676e-17) (-1.75731e-13 -1.37804e-13 1.77192e-11)))
1013	(((1.86696e-07 -9.24459e-10 1.03743e-17) (1.00811e-07 -3.69301e-10 1.9304e-12)) ((2.08079e-13 2.49353e-13 4.90603e-17) (-1.80831e-13 -1.34204e-13 1.77216e-11)))
1014	(((1.86656e-07 -9.19205e-10 -3.91711e-18) (1.00809e-07 -3.69312e-10 2.07565e-12)) ((1.67548e-13 2.81293e-13 4.90532e-17) (-1.76443e-13 -1.38659e-13 1.77251e-11)))
1015	(((1.86639e-07 -9.16464e-10 1.12117e-17) (1.00808e-07 -3.69297e-10 1.87477e-12)) ((2.0905e-13 2.4589e-13 4.91399e-17) (-1.82674e-13 -1.34408e-13 1.77272e-11)))
1016	(((1.86654e-07 -9.20549e-10 -5.18034e-19) (1.00807e-07 -3.6926e-10 2.02185e-12)) ((1.69215e-13 2.7946e-13 4.91886e-17) (-1.80214e-13 -1.38976e-13 1.77258e-11)))
1017	(((1.86691e-07 -9.26967e-10 8.78617e-18) (1.00806e-07 -3.69236e-10 1.94772e-12)) ((2.08489e-13 2.4651e-13 4.90968e-17) (-1.81186e-13 -1.36012e-13 1.77237e-11)))
1018	(((1.86719e-07 -9.30876e-10 -3.87646e-18) (1.00804e-07 -3.69236e-10 1.99538e-12)) ((1.68274e-13 2.80132e-13 4.91105e-17) (-1.77641e-13 -1.37747e-13 1.77218e-11)))
1019	(((1.86719e-07 -9.28423e-10 9.67164e-18) (1.00802e-07 -3.69267e-10 1.93286e-12)) ((2.08744e-13 2.499e-13 4.9001e-17) (-1.81926e-13 -1.34379e-13 1.77227e-11)))
1020	(((1.86689e-07 -9.23702e-10 -5.31401e-18) (1.00799e-07 -3.69281e-10 2.01604e-12)) ((1.66373e-13 2.81141e-13 4.89679e-17) (-1.74464e-13 -1.37445e-13 1.77255e-11)))
1021	(((1.86647e-07 -9.20973e-10 9.54218e-18) (1.00797e-07 -3.69265e-10 1.90184e-12)) ((2.04313e-13 2.49155e-13 4.92012e-17) (-1.81184e-13 -1.33951e-13 1.77275e-11)))
1022	(((1.86621e-07 -9.19057e-10 -8.22115e-19) (1.00796e-07 -3.69286e-10 2.03776e-12)) ((1.63403e-13 2.81571e-13 4.91775e-17) (-1.78675e-13 -1.38615e-13 1.77295e-11)))
1023	(((1.86625e-07 -9.20054e-10 7.94089e-18) (1.00795e-07 -3.69238e-10 1.95041e-12)) ((2.0918e-13 2.50015e-13 4.90456e-17) (-1.80355e-13 -1.36407e-13 1.77294e-11)))
1024	(((1.86654e-07 -9.23199e-10 -2.30947e-18) (1.00794e-07 -3.69208e-10 1.98416e-12)) ((1.69215e-13 2.80311e-13 4.90797e-17) (-1.80035e-13 -1.38408e-13 1.77264e-11)))
1025	(((1.86689e-07 -9.27057e-10 1.15162e-17) (1.00792e-07 -3.69214e-10 1.88497e-12)) ((2.09611e-13 2.4637e-13 4.89083e-17) (-1.83474e-13 -1.34126e-13 1.77245e-11)))
1026	(((1.86701e-07 -9.29256e-10 -4.66265e-18) (1.0079e-07 -3.69206e-10 2.03813e-12)) ((1.66699e-13 2.80017e-13 4.89912e-17) (-1.7613e-13 -1.38131e-13 1.77245e-11)))
1027	(((1.86682e-07 -9.26864e-10 1.05455e-17) (1.00788e-07 -3.69232e-10 1.89119e-12)) ((2.06429e-13 2.45436e-13 4.915e-17) (-1.81007e-13 -1.33749e-13 1.77265e-11)))
1028	(((1.86642e-07 -9.22876e-10 -1.45577e-18) (1.00786e-07 -3.69257e-10 2.05932e-12)) ((1.68793e-13 2.80901e-13 4.9064e-17) (-1.76207e-13 -1.38405e-13 1.77293e-11)))
1029	(((1.86606e-07 -9.18602e-10 7.6163e-18) (1.00784e-07 -3.6925e-10 1.98179e-12)) ((2.10702e-13 2.51797e-13 4.90988e-17) (-1.79549e-13 -1.36063e-13 1.77323e-11)))
1030	(((1.86598e-07 -9.16699e-10 -8.64048e-19) (1.00783e-07 -3.69225e-10 1.98494e-12)) ((1.62924e-13 2.79298e-13 4.91338e-17) (-1.80416e-13 -1.38254e-13 1.77333e-11)))
1031	(((1.8662e-07 -9.21378e-10 1.0807e-17) (1.00783e-07 -3.69191e-10 1.8911e-12)) ((2.08549e-13 2.48287e-13 4.91191e-17) (-1.84616e-13 -1.34859e-13 1.77317e-11)))
1032	(((1.86658e-07 -9.27604e-10 -4.48619e-18) (1.00781e-07 -3.69177e-10 2.03294e-12)) ((1.64564e-13 2.80458e-13 4.90681e-17) (-1.78095e-13 -1.38915e-13 1.77295e-11)))
1033	(((1.86681e-07 -9.30179e-10 8.29776e-18) (1.00779e-07 -3.69169e-10 1.89223e-12)) ((2.09069e-13 2.47646e-13 4.90428e-17) (-1.80717e-13 -1.34049e-13 1.7728e-11)))
1034	(((1.86672e-07 -9.27108e-10 -1.85095e-18) (1.00777e-07 -3.69209e-10 2.06848e-12)) ((1.70224e-13 2.81248e-13 4.90103e-17) (-1.77087e-13 -1.38768e-13 1.77292e-11)))
1035	(((1.86638e-07 -9.21776e-10 1.01777e-17) (1.00775e-07 -3.69223e-10 1.9419e-12)) ((2.09501e-13 2.45529e-13 4.89783e-17) (-1.77798e-13 -1.3486e-13 1.77326e-11)))
1036	(((1.86598e-07 -9.18774e-10 -1.50781e-18) (1.00773e-07 -3.692e-10 1.97507e-12)) ((1.67861e-13 2.77899e-13 4.91855e-17) (-1.77385e-13 -1.36861e-13 1.77346e-11)))
1037	(((1.86574e-07 -9.20194e-10 1.1348e-17) (1.00772e-07 -3.69208e-10 1.89129e-12)) ((2.05457e-13 2.49114e-13 4.91077e-17) (-1.8309e-13 -1.34373e-13 1.77357e-11)))
1038	(((1.86586e-07 -9.21574e-10 -5.12069e-18) (1.00771e-07 -3.69162e-10 2.04208e-12)) ((1.64391e-13 2.82391e-13 4.89328e-17) (-1.78581e-13 -1.39263e-13 1.77347e-11)))
1039	(((1.86622e-07 -9.23631e-10 9.93757e-18) (1.0077e-07 -3.69155e-10 1.90835e-12)) ((2.10027e-13 2.48795e-13 4.90617e-17) (-1.8425e-13 -1.35456e-13 1.77323e-11)))
1040	(((1.86654e-07 -9.27094e-10 -8.97166e-21) (1.00768e-07 -3.69183e-10 2.03066e-12)) ((1.65854e-13 2.78767e-13 4.89607e-17) (-1.78787e-13 -1.38595e-13 1.77313e-11)))
1041	(((1.86659e-07 -9.28345e-10 7.99048e-18) (1.00766e-07 -3.6917e-10 1.9463e-12)) ((2.1153e-13 2.46814e-13 4.90225e-17) (-1.78359e-13 -1.35133e-13 1.77323e-11)))
1042	(((1.86631e-07 -9.26126e-10 -1.99413e-18) (1.00764e-07 -3.69176e-10 1.9788e-12)) ((1.69647e-13 2.76578e-13 4.91634e-17) (-1.77387e-13 -1.36883e-13 1.77337e-11)))
1043	(((1.86591e-07 -9.21059e-10 1.2235e-17) (1.00762e-07 -3.692e-10 1.92317e-12)) ((2.09006e-13 2.46004e-13 4.90838e-17) (-1.82417e-13 -1.33939e-13 1.77366e-11)))
1044	(((1.86562e-07 -9.16e-10 -4.14397e-18) (1.00761e-07 -3.69202e-10 2.05161e-12)) ((1.70754e-13 2.82102e-13 4.90928e-17) (-1.77641e-13 -1.38914e-13 1.77398e-11)))
1045	(((1.86559e-07 -9.18043e-10 1.07872e-17) (1.0076e-07 -3.6917e-10 1.88467e-12)) ((2.03902e-13 2.47706e-13 4.90759e-17) (-1.83811e-13 -1.35021e-13 1.774e-11)))
1046	(((1.86587e-07 -9.23331e-10 -1.88223e-18) (1.00759e-07 -3.69145e-10 2.0136e-12)) ((1.67526e-13 2.81118e-13 4.91237e-17) (-1.79754e-13 -1.3886e-13 1.77377e-11)))
1047	(((1.86624e-07 -9.2794e-10 7.60507e-18) (1.00757e-07 -3.69119e-10 1.95078e-12)) ((2.08598e-13 2.4759e-13 4.90184e-17) (-1.80227e-13 -1.35774e-13 1.77356e-11)))
1048	(((1.86641e-07 -9.29378e-10 -2.73932e-18) (1.00755e-07 -3.69129e-10 1.99586e-12)) ((1.65307e-13 2.79336e-13 4.9054e-17) (-1.77491e-13 -1.37409e-13 1.77346e-11)))
1049	(((1.86625e-07 -9.24685e-10 9.43178e-18) (1.00753e-07 -3.69162e-10 1.91493e-12)) ((2.10924e-13 2.49815e-13 4.89715e-17) (-1.80686e-13 -1.33935e-13 1.77366e-11)))
1050	(((1.86586e-07 -9.2085e-10 -2.14453e-18) (1.00751e-07 -3.6917e-10 2.01507e-12)) ((1.68085e-13 2.78268e-13 4.89201e-17) (-1.74822e-13 -1.37671e-13 1.77395e-11)))
1051	(((1.8655e-07 -9.175e-10 1.24172e-17) (1.00749e-07 -3.69145e-10 1.89357e-12)) ((2.09485e-13 2.44731e-13 4.91153e-17) (-1.82323e-13 -1.34135e-13 1.77417e-11)))
1052	(((1.86537e-07 -9.17609e-10 3.75826e-19) (1.00749e-07 -3.69154e-10 2.03481e-12)) ((1.67999e-13 2.78049e-13 4.91177e-17) (-1.79817e-13 -1.38792e-13 1.77428e-11)))
1053	(((1.86554e-07 -9.22555e-10 8.81671e-18) (1.00748e-07 -3.69113e-10 1.96845e-12)) ((2.05672e-13 2.48552e-13 4.90017e-17) (-1.81347e-13 -1.36764e-13 1.77416e-11)))
1054	(((1.86591e-07 -9.24969e-10 -3.9693e-18) (1.00747e-07 -3.69102e-10 2.01856e-12)) ((1.67647e-13 2.8181e-13 4.91067e-17) (-1.78825e-13 -1.38776e-13 1.7739e-11)))
1055	(((1.86617e-07 -9.26676e-10 1.10511e-17) (1.00745e-07 -3.69113e-10 1.8724e-12)) ((2.06463e-13 2.49139e-13 4.89824e-17) (-1.83739e-13 -1.33794e-13 1.77378e-11)))
1056	(((1.86615e-07 -9.26839e-10 -4.17438e-18) (1.00742e-07 -3.69117e-10 1.99672e-12)) ((1.61504e-13 2.82241e-13 4.90503e-17) (-1.78456e-13 -1.37428e-13 1.77392e-11)))
1057	(((1.86584e-07 -9.2368e-10 9.53345e-18) (1.0074e-07 -3.69161e-10 1.84482e-12)) ((2.07004e-13 2.47762e-13 4.91752e-17) (-1.81939e-13 -1.33015e-13 1.7742e-11)))
1058	(((1.86541e-07 -9.21578e-10 1.38272e-19) (1.00739e-07 -3.69192e-10 1.98395e-12)) ((1.68766e-13 2.77619e-13 4.90613e-17) (-1.80188e-13 -1.36615e-13 1.77445e-11)))
1059	(((1.86519e-07 -9.16313e-10 8.67689e-18) (1.00738e-07 -3.69181e-10 1.84843e-12)) ((2.15683e-13 2.47265e-13 4.90433e-17) (-1.84669e-13 -1.33398e-13 1.77475e-11)))
1060	(((1.86525e-07 -9.1641e-10 -8.83957e-19) (1.00737e-07 -3.69153e-10 1.92177e-12)) ((1.6903e-13 2.76214e-13 4.9031e-17) (-1.82459e-13 -1.37263e-13 1.77473e-11)))
1061	(((1.86557e-07 -9.24284e-10 1.21345e-17) (1.00736e-07 -3.6914e-10 1.8573e-12)) ((2.08292e-13 2.47946e-13 4.90031e-17) (-1.86261e-13 -1.34849e-13 1.7745e-11)))
1062	(((1.8659e-07 -9.29237e-10 -5.72712e-18) (1.00734e-07 -3.6914e-10 1.94816e-12)) ((1.66959e-13 2.81902e-13 4.89483e-17) (-1.79189e-13 -1.37405e-13 1.77434e-11)))
1063	(((1.86599e-07 -9.29373e-10 8.75581e-18) (1.00732e-07 -3.69151e-10 1.83162e-12)) ((2.07635e-13 2.47632e-13 4.88784e-17) (-1.81893e-13 -1.33204e-13 1.77432e-11)))
1064	(((1.86577e-07 -9.24059e-10 -2.82935e-18) (1.0073e-07 -3.69192e-10 1.98653e-12)) ((1.69565e-13 2.82205e-13 4.88283e-17) (-1.79474e-13 -1.37248e-13 1.77452e-11)))
1065	(((1.86538e-07 -9.18568e-10 8.74927e-18) (1.00728e-07 -3.69194e-10 1.84542e-12)) ((2.08565e-13 2.47944e-13 4.8835e-17) (-1.82453e-13 -1.3313e-13 1.77486e-11)))
1066	(((1.86504e-07 -9.19019e-10 7.19655e-19) (1.00727e-07 -3.69188e-10 1.95205e-12)) ((1.68247e-13 2.7593e-13 4.90529e-17) (-1.81018e-13 -1.37487e-13 1.77506e-11)))
1067	(((1.865e-07 -9.19613e-10 1.2285e-17) (1.00726e-07 -3.69191e-10 1.84791e-12)) ((2.12642e-13 2.45258e-13 4.90211e-17) (-1.85944e-13 -1.34303e-13 1.77514e-11)))
1068	(((1.86525e-07 -9.2237e-10 -4.64784e-18) (1.00725e-07 -3.69133e-10 1.95554e-12)) ((1.68217e-13 2.80177e-13 4.88909e-17) (-1.81282e-13 -1.38026e-13 1.77493e-11)))
1069	(((1.86561e-07 -9.25497e-10 1.00887e-17) (1.00724e-07 -3.69141e-10 1.85472e-12)) ((2.10799e-13 2.46561e-13 4.89834e-17) (-1.85359e-13 -1.34483e-13 1.77471e-11)))
1070	(((1.86581e-07 -9.27195e-10 -2.17158e-18) (1.00722e-07 -3.69168e-10 1.95424e-12)) ((1.68745e-13 2.78867e-13 4.88569e-17) (-1.79017e-13 -1.36919e-13 1.77466e-11)))
1071	(((1.8657e-07 -9.265e-10 8.07896e-18) (1.0072e-07 -3.69153e-10 1.85977e-12)) ((2.0865e-13 2.47269e-13 4.89171e-17) (-1.81915e-13 -1.33595e-13 1.77483e-11)))
1072	(((1.86534e-07 -9.23782e-10 -3.09476e-18) (1.00718e-07 -3.69177e-10 1.93976e-12)) ((1.69001e-13 2.78414e-13 4.90628e-17) (-1.77666e-13 -1.36536e-13 1.77505e-11)))
1073	(((1.86495e-07 -9.20853e-10 1.04806e-17) (1.00716e-07 -3.69195e-10 1.90847e-12)) ((2.07289e-13 2.51133e-13 4.89524e-17) (-1.83025e-13 -1.34847e-13 1.77527e-11)))
1074	(((1.86479e-07 -9.16553e-10 -4.6898e-18) (1.00716e-07 -3.69186e-10 1.98389e-12)) ((1.6612e-13 2.84108e-13 4.89513e-17) (-1.80877e-13 -1.3829e-13 1.77549e-11)))
1075	(((1.86493e-07 -9.17785e-10 1.01412e-17) (1.00715e-07 -3.69161e-10 1.80881e-12)) ((2.09033e-13 2.46415e-13 4.89499e-17) (-1.84586e-13 -1.34002e-13 1.77544e-11)))
1076	(((1.86529e-07 -9.25088e-10 -1.13145e-18) (1.00714e-07 -3.69129e-10 1.95302e-12)) ((1.68407e-13 2.7897e-13 4.88966e-17) (-1.81147e-13 -1.37869e-13 1.77515e-11)))
1077	(((1.86558e-07 -9.30049e-10 7.10747e-18) (1.00712e-07 -3.69138e-10 1.79345e-12)) ((2.13418e-13 2.46781e-13 4.88932e-17) (-1.80431e-13 -1.32717e-13 1.77503e-11)))
1078	(((1.86559e-07 -9.29721e-10 -2.88116e-18) (1.0071e-07 -3.6915e-10 1.92212e-12)) ((1.70112e-13 2.78686e-13 4.89054e-17) (-1.75611e-13 -1.36699e-13 1.77506e-11)))
1079	(((1.86529e-07 -9.2489e-10 1.11706e-17) (1.00708e-07 -3.69215e-10 1.84626e-12)) ((2.13093e-13 2.4869e-13 4.89054e-17) (-1.8018e-13 -1.33377e-13 1.77533e-11)))
1080	(((1.8649e-07 -9.19228e-10 -1.94186e-18) (1.00706e-07 -3.69202e-10 1.90785e-12)) ((1.68881e-13 2.78024e-13 4.88806e-17) (-1.7642e-13 -1.35826e-13 1.77562e-11)))
1081	(((1.86464e-07 -9.16789e-10 1.2634e-17) (1.00705e-07 -3.6918e-10 1.79566e-12)) ((2.10511e-13 2.43691e-13 4.90792e-17) (-1.8231e-13 -1.32945e-13 1.7758e-11)))
1082	(((1.86467e-07 -9.19232e-10 3.82829e-19) (1.00705e-07 -3.69196e-10 1.92566e-12)) ((1.69431e-13 2.77394e-13 4.90257e-17) (-1.80692e-13 -1.3726e-13 1.77582e-11)))
1083	(((1.86496e-07 -9.24338e-10 8.62937e-18) (1.00704e-07 -3.6914e-10 1.82826e-12)) ((2.1001e-13 2.47373e-13 4.88774e-17) (-1.83235e-13 -1.34146e-13 1.7756e-11)))
1084	(((1.8653e-07 -9.27294e-10 -2.38345e-18) (1.00703e-07 -3.69158e-10 1.95132e-12)) ((1.70866e-13 2.80269e-13 4.89569e-17) (-1.79381e-13 -1.38039e-13 1.77541e-11)))
1085	(((1.86542e-07 -9.27712e-10 1.1785e-17) (1.00701e-07 -3.69174e-10 1.84514e-12)) ((2.10584e-13 2.46157e-13 4.88234e-17) (-1.81857e-13 -1.33573e-13 1.7754e-11)))
1086	(((1.86524e-07 -9.26634e-10 -4.14029e-18) (1.00699e-07 -3.69165e-10 1.94742e-12)) ((1.68434e-13 2.79241e-13 4.88839e-17) (-1.77322e-13 -1.36729e-13 1.77556e-11)))
1087	(((1.86487e-07 -9.22774e-10 1.05893e-17) (1.00697e-07 -3.69206e-10 1.83118e-12)) ((2.09777e-13 2.45204e-13 4.90417e-17) (-1.81485e-13 -1.33049e-13 1.77586e-11)))
1088	(((1.86454e-07 -9.18773e-10 -9.71699e-19) (1.00695e-07 -3.69202e-10 1.97669e-12)) ((1.68862e-13 2.79759e-13 4.89288e-17) (-1.79265e-13 -1.37371e-13 1.77607e-11)))
1089	(((1.86443e-07 -9.17693e-10 8.54175e-18) (1.00695e-07 -3.69182e-10 1.86558e-12)) ((2.10127e-13 2.50834e-13 4.88867e-17) (-1.84225e-13 -1.34932e-13 1.77617e-11)))
1090	(((1.86465e-07 -9.19792e-10 -2.22369e-18) (1.00694e-07 -3.69163e-10 1.90811e-12)) ((1.68351e-13 2.78588e-13 4.89117e-17) (-1.8048e-13 -1.37504e-13 1.77605e-11)))
1091	(((1.865e-07 -9.25926e-10 1.10006e-17) (1.00693e-07 -3.69144e-10 1.84702e-12)) ((2.11303e-13 2.46403e-13 4.89097e-17) (-1.84653e-13 -1.34186e-13 1.7758e-11)))
1092	(((1.86524e-07 -9.30275e-10 -4.76001e-18) (1.00691e-07 -3.69159e-10 1.94357e-12)) ((1.68588e-13 2.78842e-13 4.88857e-17) (-1.78684e-13 -1.3681e-13 1.77573e-11)))
1093	(((1.86518e-07 -9.28201e-10 9.65403e-18) (1.00689e-07 -3.69162e-10 1.83754e-12)) ((2.10485e-13 2.4494e-13 4.88864e-17) (-1.81095e-13 -1.33223e-13 1.77583e-11)))
1094	(((1.86486e-07 -9.21919e-10 -9.80249e-19) (1.00687e-07 -3.69204e-10 1.97674e-12)) ((1.72837e-13 2.80107e-13 4.89017e-17) (-1.77716e-13 -1.3729e-13 1.77609e-11)))
1095	(((1.86446e-07 -9.1841e-10 9.68662e-18) (1.00686e-07 -3.69219e-10 1.83667e-12)) ((2.09441e-13 2.48019e-13 4.88811e-17) (-1.81145e-13 -1.3334e-13 1.77645e-11)))
1096	(((1.86426e-07 -9.17281e-10 -2.96409e-19) (1.00685e-07 -3.69182e-10 1.92407e-12)) ((1.6887e-13 2.77022e-13 4.90619e-17) (-1.79928e-13 -1.37227e-13 1.77659e-11)))
1097	(((1.86436e-07 -9.19612e-10 1.33762e-17) (1.00684e-07 -3.69178e-10 1.83234e-12)) ((2.10284e-13 2.44156e-13 4.89995e-17) (-1.85658e-13 -1.34064e-13 1.77653e-11)))
1098	(((1.8647e-07 -9.24581e-10 -4.74687e-18) (1.00683e-07 -3.69139e-10 1.92695e-12)) ((1.69436e-13 2.79038e-13 4.88489e-17) (-1.79703e-13 -1.37119e-13 1.7763e-11)))
1099	(((1.86501e-07 -9.26842e-10 9.79709e-18) (1.00682e-07 -3.69148e-10 1.83628e-12)) ((2.14087e-13 2.45499e-13 4.89195e-17) (-1.8387e-13 -1.33617e-13 1.77613e-11)))
1100	(((1.86506e-07 -9.27586e-10 -2.44474e-20) (1.0068e-07 -3.69195e-10 1.95475e-12)) ((1.70895e-13 2.76995e-13 4.88079e-17) (-1.78633e-13 -1.37081e-13 1.7762e-11)))
1101	(((1.86481e-07 -9.25237e-10 9.12614e-18) (1.00678e-07 -3.69168e-10 1.84696e-12)) ((2.12374e-13 2.4597e-13 4.88795e-17) (-1.81255e-13 -1.33404e-13 1.7764e-11)))
1102	(((1.86443e-07 -9.21244e-10 -1.12622e-18) (1.00676e-07 -3.69195e-10 1.91775e-12)) ((1.6963e-13 2.76279e-13 4.89998e-17) (-1.7725e-13 -1.36195e-13 1.77662e-11)))
1103	(((1.86413e-07 -9.19275e-10 1.0711e-17) (1.00675e-07 -3.69214e-10 1.85153e-12)) ((2.11513e-13 2.48229e-13 4.88926e-17) (-1.82231e-13 -1.33713e-13 1.77685e-11)))
1104	(((1.86411e-07 -9.17489e-10 -4.568e-18) (1.00675e-07 -3.69183e-10 1.94407e-12)) ((1.7121e-13 2.8118e-13 4.88938e-17) (-1.80533e-13 -1.37471e-13 1.77691e-11)))
1105	(((1.86438e-07 -9.20361e-10 1.29018e-17) (1.00674e-07 -3.69168e-10 1.80852e-12)) ((2.08463e-13 2.44109e-13 4.89167e-17) (-1.84676e-13 -1.34333e-13 1.77679e-11)))
1106	(((1.86473e-07 -9.27053e-10 -8.73023e-19) (1.00673e-07 -3.69158e-10 1.94213e-12)) ((1.70358e-13 2.78699e-13 4.89086e-17) (-1.79818e-13 -1.37615e-13 1.77657e-11)))
1107	(((1.86491e-07 -9.29786e-10 8.30948e-18) (1.00671e-07 -3.69153e-10 1.82934e-12)) ((2.11663e-13 2.45929e-13 4.88807e-17) (-1.81292e-13 -1.33192e-13 1.77653e-11)))
1108	(((1.86476e-07 -9.28464e-10 -2.17088e-18) (1.00669e-07 -3.69191e-10 1.93727e-12)) ((1.69183e-13 2.76775e-13 4.88878e-17) (-1.76692e-13 -1.36781e-13 1.7767e-11)))
1109	(((1.86439e-07 -9.22411e-10 1.11831e-17) (1.00667e-07 -3.69228e-10 1.86959e-12)) ((2.11639e-13 2.48222e-13 4.88911e-17) (-1.81612e-13 -1.33657e-13 1.77698e-11)))
1110	(((1.86406e-07 -9.16465e-10 -1.99499e-18) (1.00666e-07 -3.69226e-10 1.93732e-12)) ((1.6537e-13 2.7984e-13 4.88479e-17) (-1.78065e-13 -1.36911e-13 1.77731e-11)))
1111	(((1.86393e-07 -9.16462e-10 1.12106e-17) (1.00665e-07 -3.69197e-10 1.80473e-12)) ((2.09945e-13 2.45366e-13 4.90156e-17) (-1.83226e-13 -1.33538e-13 1.77745e-11)))
1112	(((1.86407e-07 -9.22286e-10 4.3374e-19) (1.00665e-07 -3.69186e-10 1.93611e-12)) ((1.70948e-13 2.75673e-13 4.89505e-17) (-1.81964e-13 -1.37479e-13 1.77725e-11)))
1113	(((1.86444e-07 -9.26725e-10 9.70773e-18) (1.00664e-07 -3.69154e-10 1.83953e-12)) ((2.10109e-13 2.44225e-13 4.88174e-17) (-1.84062e-13 -1.33969e-13 1.77701e-11)))
1114	(((1.86471e-07 -9.27355e-10 -3.35998e-18) (1.00662e-07 -3.69178e-10 1.93988e-12)) ((1.72149e-13 2.78147e-13 4.89048e-17) (-1.78815e-13 -1.36915e-13 1.77686e-11)))
1115	(((1.86469e-07 -9.26175e-10 1.1169e-17) (1.0066e-07 -3.69208e-10 1.84181e-12)) ((2.08794e-13 2.46195e-13 4.87404e-17) (-1.81244e-13 -1.33269e-13 1.77698e-11)))
1116	(((1.86441e-07 -9.22989e-10 -5.16137e-18) (1.00658e-07 -3.69193e-10 1.95733e-12)) ((1.67094e-13 2.8228e-13 4.88375e-17) (-1.76477e-13 -1.3709e-13 1.77722e-11)))
1117	(((1.86403e-07 -9.19004e-10 1.04105e-17) (1.00657e-07 -3.69209e-10 1.84314e-12)) ((2.08043e-13 2.47118e-13 4.90215e-17) (-1.81707e-13 -1.33459e-13 1.7775e-11)))
1118	(((1.86375e-07 -9.19454e-10 7.21502e-19) (1.00656e-07 -3.69226e-10 1.95966e-12)) ((1.6982e-13 2.76934e-13 4.89059e-17) (-1.80113e-13 -1.3722e-13 1.77767e-11)))
1119	(((1.86382e-07 -9.17552e-10 8.6439e-18) (1.00655e-07 -3.69195e-10 1.82936e-12)) ((2.15423e-13 2.47276e-13 4.88935e-17) (-1.84336e-13 -1.33936e-13 1.77773e-11)))
1120	(((1.86414e-07 -9.2044e-10 -1.28161e-18) (1.00655e-07 -3.69167e-10 1.90156e-12)) ((1.6852e-13 2.76946e-13 4.8906e-17) (-1.80118e-13 -1.3723e-13 1.77754e-11)))
1121	(((1.86446e-07 -9.27571e-10 1.20731e-17) (1.00653e-07 -3.6917e-10 1.86654e-12)) ((2.06692e-13 2.48452e-13 4.88957e-17) (-1.83621e-13 -1.34881e-13 1.77735e-11)))
1122	(((1.86457e-07 -9.29001e-10 -5.59982e-18) (1.00652e-07 -3.69181e-10 1.95134e-12)) ((1.65117e-13 2.82614e-13 4.88644e-17) (-1.77027e-13 -1.37264e-13 1.77739e-11)))
1123	(((1.86437e-07 -9.25629e-10 9.54232e-18) (1.0065e-07 -3.69202e-10 1.85138e-12)) ((2.04913e-13 2.47749e-13 4.88801e-17) (-1.80625e-13 -1.3372e-13 1.77761e-11)))
1124	(((1.86398e-07 -9.20061e-10 -1.9845e-18) (1.00648e-07 -3.69238e-10 1.97314e-12)) ((1.71007e-13 2.80703e-13 4.89006e-17) (-1.78013e-13 -1.36931e-13 1.77789e-11)))
1125	(((1.86368e-07 -9.15276e-10 9.27673e-18) (1.00647e-07 -3.69216e-10 1.83799e-12)) ((2.08728e-13 2.47328e-13 4.88479e-17) (-1.82826e-13 -1.33358e-13 1.77818e-11)))
1126	(((1.86362e-07 -9.16485e-10 -8.96181e-19) (1.00646e-07 -3.69186e-10 1.93165e-12)) ((1.65455e-13 2.78149e-13 4.90078e-17) (-1.80906e-13 -1.3765e-13 1.77823e-11)))
1127	(((1.86385e-07 -9.21633e-10 1.0972e-17) (1.00646e-07 -3.6918e-10 1.82961e-12)) ((2.10183e-13 2.47153e-13 4.89305e-17) (-1.84968e-13 -1.3412e-13 1.77804e-11)))
1128	(((1.8642e-07 -9.27141e-10 -5.10918e-18) (1.00645e-07 -3.69142e-10 1.93613e-12)) ((1.65604e-13 2.80916e-13 4.87336e-17) (-1.78846e-13 -1.37284e-13 1.77776e-11)))
1129	(((1.86439e-07 -9.28414e-10 8.73689e-18) (1.00643e-07 -3.69175e-10 1.82107e-12)) ((2.11178e-13 2.48277e-13 4.88537e-17) (-1.81179e-13 -1.33294e-13 1.77764e-11)))
1130	(((1.86429e-07 -9.26493e-10 -1.61272e-18) (1.00641e-07 -3.69222e-10 1.92403e-12)) ((1.69613e-13 2.79268e-13 4.87663e-17) (-1.76236e-13 -1.3639e-13 1.7778e-11)))
1131	(((1.86397e-07 -9.23054e-10 9.96499e-18) (1.00639e-07 -3.69213e-10 1.83729e-12)) ((2.09573e-13 2.47356e-13 4.88837e-17) (-1.80233e-13 -1.33393e-13 1.77808e-11)))
1132	(((1.86359e-07 -9.2023e-10 2.6482e-19) (1.00638e-07 -3.69231e-10 1.91829e-12)) ((1.69052e-13 2.76091e-13 4.90541e-17) (-1.77839e-13 -1.36487e-13 1.77829e-11)))
1133	(((1.86341e-07 -9.19474e-10 1.09653e-17) (1.00637e-07 -3.69247e-10 1.84138e-12)) ((2.10375e-13 2.48427e-13 4.89192e-17) (-1.82595e-13 -1.338e-13 1.77844e-11)))
1134	(((1.86356e-07 -9.18175e-10 -4.12394e-18) (1.00637e-07 -3.69221e-10 1.95097e-12)) ((1.67941e-13 2.82003e-13 4.88861e-17) (-1.80816e-13 -1.37896e-13 1.77843e-11)))
1135	(((1.86391e-07 -9.21764e-10 1.05464e-17) (1.00636e-07 -3.69205e-10 1.78256e-12)) ((2.09696e-13 2.44687e-13 4.8884e-17) (-1.8322e-13 -1.33128e-13 1.77828e-11)))
1136	(((1.86421e-07 -9.27412e-10 -7.56216e-19) (1.00635e-07 -3.69193e-10 1.94796e-12)) ((1.67467e-13 2.78123e-13 4.88731e-17) (-1.79567e-13 -1.37031e-13 1.77811e-11)))
1137	(((1.86424e-07 -9.28313e-10 8.4863e-18) (1.00633e-07 -3.69194e-10 1.82333e-12)) ((2.10348e-13 2.46476e-13 4.88381e-17) (-1.8047e-13 -1.3301e-13 1.77818e-11)))
1138	(((1.86395e-07 -9.26524e-10 -1.76557e-18) (1.00631e-07 -3.69227e-10 1.93198e-12)) ((1.71186e-13 2.76281e-13 4.88693e-17) (-1.76526e-13 -1.36513e-13 1.77838e-11)))
1139	(((1.86357e-07 -9.19357e-10 1.26573e-17) (1.0063e-07 -3.69272e-10 1.87458e-12)) ((2.12065e-13 2.46611e-13 4.88899e-17) (-1.82566e-13 -1.33673e-13 1.7787e-11)))
1140	(((1.86332e-07 -9.14054e-10 -2.36395e-18) (1.00629e-07 -3.69245e-10 1.93013e-12)) ((1.66718e-13 2.78607e-13 4.88365e-17) (-1.79297e-13 -1.36718e-13 1.77894e-11)))
1141	(((1.86333e-07 -9.16896e-10 1.06539e-17) (1.00628e-07 -3.69216e-10 1.79543e-12)) ((2.09142e-13 2.45789e-13 4.89315e-17) (-1.83282e-13 -1.33573e-13 1.77895e-11)))
1142	(((1.86361e-07 -9.22669e-10 -1.23238e-18) (1.00628e-07 -3.69206e-10 1.9339e-12)) ((1.67777e-13 2.79164e-13 4.88876e-17) (-1.80563e-13 -1.37577e-13 1.77871e-11)))
1143	(((1.86395e-07 -9.2805e-10 7.62781e-18) (1.00627e-07 -3.69186e-10 1.83862e-12)) ((2.10854e-13 2.48777e-13 4.87604e-17) (-1.81541e-13 -1.34184e-13 1.77851e-11)))
1144	(((1.86408e-07 -9.28643e-10 -1.9206e-18) (1.00625e-07 -3.69216e-10 1.95347e-12)) ((1.6951e-13 2.78754e-13 4.88613e-17) (-1.77891e-13 -1.37314e-13 1.77845e-11)))
1145	(((1.86392e-07 -9.25177e-10 1.22814e-17) (1.00623e-07 -3.69255e-10 1.82487e-12)) ((2.09651e-13 2.4549e-13 4.87731e-17) (-1.80143e-13 -1.32968e-13 1.77866e-11)))
1146	(((1.86357e-07 -9.21405e-10 -4.35321e-18) (1.00621e-07 -3.69243e-10 1.92758e-12)) ((1.68669e-13 2.80692e-13 4.88855e-17) (-1.75892e-13 -1.36227e-13 1.77893e-11)))
1147	(((1.86321e-07 -9.20724e-10 1.04864e-17) (1.0062e-07 -3.69275e-10 1.83244e-12)) ((2.03898e-13 2.49213e-13 4.90335e-17) (-1.81515e-13 -1.336e-13 1.77915e-11)))
1148	(((1.86312e-07 -9.18419e-10 -4.66193e-19) (1.0062e-07 -3.69259e-10 1.97458e-12)) ((1.65255e-13 2.82159e-13 4.88912e-17) (-1.79904e-13 -1.38437e-13 1.77923e-11)))
1149	(((1.86333e-07 -9.18112e-10 8.75347e-18) (1.00619e-07 -3.69244e-10 1.84342e-12)) ((2.12646e-13 2.48935e-13 4.88645e-17) (-1.84572e-13 -1.34498e-13 1.77919e-11)))
1150	(((1.86368e-07 -9.22897e-10 -5.289e-19) (1.00618e-07 -3.69218e-10 1.89868e-12)) ((1.70461e-13 2.74507e-13 4.88561e-17) (-1.80012e-13 -1.36773e-13 1.77897e-11)))
1151	(((1.86393e-07 -9.27281e-10 1.13825e-17) (1.00617e-07 -3.69221e-10 1.84123e-12)) ((2.14346e-13 2.43933e-13 4.88413e-17) (-1.83052e-13 -1.33204e-13 1.77887e-11)))
1152	(((1.86389e-07 -9.26932e-10 -3.73229e-18) (1.00615e-07 -3.69233e-10 1.94754e-12)) ((1.68578e-13 2.76993e-13 4.88271e-17) (-1.78117e-13 -1.36489e-13 1.77901e-11)))
1153	(((1.86358e-07 -9.23825e-10 1.05626e-17) (1.00613e-07 -3.69246e-10 1.84282e-12)) ((2.09372e-13 2.45905e-13 4.88537e-17) (-1.80253e-13 -1.33502e-13 1.77926e-11)))
1154	(((1.8632e-07 -9.17534e-10 -6.5201e-19) (1.00612e-07 -3.69289e-10 1.95684e-12)) ((1.73337e-13 2.79254e-13 4.88387e-17) (-1.77714e-13 -1.36666e-13 1.77955e-11)))
1155	(((1.863e-07 -9.13631e-10 1.05978e-17) (1.00611e-07 -3.69255e-10 1.8069e-12)) ((2.12861e-13 2.44869e-13 4.87874e-17) (-1.8263e-13 -1.33058e-13 1.7798e-11)))
1156	(((1.86307e-07 -9.17423e-10 -2.85336e-19) (1.00611e-07 -3.69214e-10 1.90434e-12)) ((1.70146e-13 2.75467e-13 4.89641e-17) (-1.80728e-13 -1.37118e-13 1.77969e-11)))
1157	(((1.86338e-07 -9.25073e-10 1.20935e-17) (1.0061e-07 -3.69239e-10 1.82399e-12)) ((2.10986e-13 2.45349e-13 4.89038e-17) (-1.84497e-13 -1.33922e-13 1.77949e-11)))
1158	(((1.8637e-07 -9.29635e-10 -4.25132e-18) (1.00609e-07 -3.69214e-10 1.9522e-12)) ((1.67074e-13 2.80719e-13 4.87549e-17) (-1.78207e-13 -1.37643e-13 1.77928e-11)))
1159	(((1.86377e-07 -9.2831e-10 9.02064e-18) (1.00607e-07 -3.69252e-10 1.8271e-12)) ((2.13541e-13 2.47334e-13 4.88631e-17) (-1.81055e-13 -1.33222e-13 1.77929e-11)))
1160	(((1.86353e-07 -9.2532e-10 6.02972e-19) (1.00605e-07 -3.69297e-10 1.93896e-12)) ((1.69338e-13 2.75892e-13 4.87779e-17) (-1.77746e-13 -1.36408e-13 1.77949e-11)))
1161	(((1.86317e-07 -9.21023e-10 9.38809e-18) (1.00604e-07 -3.69278e-10 1.82581e-12)) ((2.10628e-13 2.46496e-13 4.88844e-17) (-1.80587e-13 -1.32752e-13 1.77976e-11)))
1162	(((1.86289e-07 -9.17441e-10 -1.12072e-18) (1.00603e-07 -3.69303e-10 1.91795e-12)) ((1.68213e-13 2.77653e-13 4.90254e-17) (-1.7873e-13 -1.36607e-13 1.78e-11)))
1163	(((1.86287e-07 -9.17147e-10 1.16226e-17) (1.00603e-07 -3.69276e-10 1.84743e-12)) ((2.10179e-13 2.47251e-13 4.88597e-17) (-1.84175e-13 -1.34147e-13 1.78003e-11)))
1164	(((1.86311e-07 -9.1999e-10 -3.62547e-18) (1.00602e-07 -3.69249e-10 1.96503e-12)) ((1.70716e-13 2.81094e-13 4.88318e-17) (-1.81634e-13 -1.38337e-13 1.77985e-11)))
1165	(((1.86346e-07 -9.24738e-10 1.14173e-17) (1.00601e-07 -3.69263e-10 1.81479e-12)) ((2.09446e-13 2.44289e-13 4.88255e-17) (-1.83745e-13 -1.33836e-13 1.77972e-11)))
1166	(((1.86363e-07 -9.28545e-10 -1.48261e-18) (1.006e-07 -3.69255e-10 1.96657e-12)) ((1.68595e-13 2.78726e-13 4.8826e-17) (-1.79009e-13 -1.37234e-13 1.77961e-11)))
1167	(((1.8635e-07 -9.28843e-10 6.52899e-18) (1.00598e-07 -3.69279e-10 1.83054e-12)) ((2.08743e-13 2.49291e-13 4.87707e-17) (-1.79687e-13 -1.33155e-13 1.77978e-11)))
1168	(((1.86318e-07 -9.23203e-10 -3.44537e-18) (1.00596e-07 -3.6929e-10 1.94038e-12)) ((1.65597e-13 2.79808e-13 4.88297e-17) (-1.76187e-13 -1.36597e-13 1.78004e-11)))
1169	(((1.86284e-07 -9.16052e-10 1.1523e-17) (1.00595e-07 -3.69332e-10 1.86411e-12)) ((2.11396e-13 2.49918e-13 4.88679e-17) (-1.81941e-13 -1.33919e-13 1.78035e-11)))
1170	(((1.86267e-07 -9.16647e-10 -1.22238e-18) (1.00595e-07 -3.69328e-10 1.89903e-12)) ((1.71739e-13 2.75987e-13 4.87997e-17) (-1.79644e-13 -1.36368e-13 1.78055e-11)))
1171	(((1.86283e-07 -9.2007e-10 1.15533e-17) (1.00594e-07 -3.69274e-10 1.79517e-12)) ((2.09513e-13 2.45025e-13 4.89376e-17) (-1.84144e-13 -1.33745e-13 1.7804e-11)))
1172	(((1.86319e-07 -9.23541e-10 -7.77641e-19) (1.00594e-07 -3.69268e-10 1.93197e-12)) ((1.68129e-13 2.78713e-13 4.88951e-17) (-1.80239e-13 -1.37466e-13 1.78013e-11)))
1173	(((1.86349e-07 -9.25816e-10 8.12386e-18) (1.00592e-07 -3.69261e-10 1.83444e-12)) ((2.09897e-13 2.46914e-13 4.87526e-17) (-1.81326e-13 -1.33458e-13 1.78005e-11)))
1174	(((1.8635e-07 -9.22802e-10 -3.00053e-18) (1.0059e-07 -3.69269e-10 1.94134e-12)) ((1.69838e-13 2.7907e-13 4.88586e-17) (-1.77255e-13 -1.36762e-13 1.78013e-11)))
1175	(((1.86323e-07 -9.1937e-10 1.16838e-17) (1.00589e-07 -3.69307e-10 1.83727e-12)) ((2.09156e-13 2.46189e-13 4.87806e-17) (-1.80727e-13 -1.32931e-13 1.78044e-11)))
1176	(((1.86283e-07 -9.18264e-10 -2.65572e-18) (1.00587e-07 -3.69268e-10 1.94624e-12)) ((1.69321e-13 2.78586e-13 4.88959e-17) (-1.77785e-13 -1.36469e-13 1.78066e-11)))
1177	(((1.86257e-07 -9.16953e-10 1.11406e-17) (1.00587e-07 -3.6928e-10 1.82588e-12)) ((2.08851e-13 2.46068e-13 4.90131e-17) (-1.83142e-13 -1.33517e-13 1.78084e-11)))
1178	(((1.86261e-07 -9.178e-10 -1.38221e-18) (1.00586e-07 -3.69278e-10 1.96379e-12)) ((1.6747e-13 2.80342e-13 4.88494e-17) (-1.80843e-13 -1.37879e-13 1.78083e-11)))
1179	(((1.86291e-07 -9.19944e-10 7.76253e-18) (1.00586e-07 -3.6924e-10 1.85002e-12)) ((2.12654e-13 2.49402e-13 4.88099e-17) (-1.84518e-13 -1.34453e-13 1.78065e-11)))
1180	(((1.86324e-07 -9.24465e-10 -1.67962e-18) (1.00585e-07 -3.69237e-10 1.90582e-12)) ((1.66187e-13 2.77694e-13 4.87597e-17) (-1.78416e-13 -1.36909e-13 1.78044e-11)))
1181	(((1.86335e-07 -9.28511e-10 1.04636e-17) (1.00583e-07 -3.69262e-10 1.85259e-12)) ((2.10128e-13 2.48751e-13 4.87782e-17) (-1.81086e-13 -1.33889e-13 1.78042e-11)))
1182	(((1.86316e-07 -9.27495e-10 -4.82833e-18) (1.00581e-07 -3.69278e-10 1.9436e-12)) ((1.67694e-13 2.80506e-13 4.88e-17) (-1.76425e-13 -1.36698e-13 1.78062e-11)))
1183	(((1.86281e-07 -9.23051e-10 9.5633e-18) (1.0058e-07 -3.69317e-10 1.83221e-12)) ((2.07136e-13 2.47083e-13 4.88652e-17) (-1.80014e-13 -1.32977e-13 1.78093e-11)))
1184	(((1.8625e-07 -9.16084e-10 -1.15183e-18) (1.00579e-07 -3.69332e-10 1.97008e-12)) ((1.69188e-13 2.81324e-13 4.88761e-17) (-1.78938e-13 -1.37265e-13 1.78118e-11)))
1185	(((1.86243e-07 -9.14393e-10 9.40994e-18) (1.00579e-07 -3.69299e-10 1.80023e-12)) ((2.10542e-13 2.47264e-13 4.87994e-17) (-1.8272e-13 -1.33269e-13 1.78131e-11)))
1186	(((1.86263e-07 -9.2141e-10 1.97651e-20) (1.00578e-07 -3.69281e-10 1.9058e-12)) ((1.70824e-13 2.76384e-13 4.8937e-17) (-1.80421e-13 -1.37541e-13 1.78111e-11)))
1187	(((1.86298e-07 -9.27061e-10 1.25022e-17) (1.00577e-07 -3.69284e-10 1.82494e-12)) ((2.11877e-13 2.45119e-13 4.88587e-17) (-1.83811e-13 -1.3383e-13 1.78084e-11)))
1188	(((1.8632e-07 -9.29257e-10 -3.77879e-18) (1.00576e-07 -3.69278e-10 1.95886e-12)) ((1.65384e-13 2.79458e-13 4.87222e-17) (-1.77659e-13 -1.37161e-13 1.78069e-11)))
1189	(((1.86313e-07 -9.26584e-10 8.53364e-18) (1.00574e-07 -3.69323e-10 1.83837e-12)) ((2.10126e-13 2.48916e-13 4.88349e-17) (-1.80544e-13 -1.33403e-13 1.78081e-11)))
1190	(((1.86283e-07 -9.2059e-10 -1.13988e-18) (1.00573e-07 -3.69354e-10 1.96133e-12)) ((1.66492e-13 2.79798e-13 4.87669e-17) (-1.77566e-13 -1.3681e-13 1.78108e-11)))
1191	(((1.86248e-07 -9.16723e-10 9.2001e-18) (1.00571e-07 -3.69341e-10 1.86079e-12)) ((2.09234e-13 2.48696e-13 4.88898e-17) (-1.8189e-13 -1.33669e-13 1.78139e-11)))
1192	(((1.86226e-07 -9.18171e-10 2.29542e-19) (1.00571e-07 -3.69336e-10 1.92256e-12)) ((1.72316e-13 2.7417e-13 4.8997e-17) (-1.80764e-13 -1.36825e-13 1.78147e-11)))
1193	(((1.86236e-07 -9.20432e-10 1.11109e-17) (1.00571e-07 -3.69322e-10 1.83194e-12)) ((2.09428e-13 2.47733e-13 4.87732e-17) (-1.83646e-13 -1.34007e-13 1.78134e-11)))
1194	(((1.86273e-07 -9.20554e-10 -6.32424e-18) (1.0057e-07 -3.69306e-10 1.93718e-12)) ((1.70987e-13 2.83232e-13 4.87592e-17) (-1.79343e-13 -1.37431e-13 1.7812e-11)))
1195	(((1.86304e-07 -9.22166e-10 1.01635e-17) (1.00569e-07 -3.69299e-10 1.78903e-12)) ((2.09827e-13 2.45252e-13 4.87858e-17) (-1.81877e-13 -1.32814e-13 1.78112e-11)))
1196	(((1.8631e-07 -9.23976e-10 -3.50144e-19) (1.00567e-07 -3.693e-10 1.96236e-12)) ((1.67215e-13 2.79632e-13 4.88156e-17) (-1.78007e-13 -1.37427e-13 1.78119e-11)))
1197	(((1.86287e-07 -9.22096e-10 7.92e-18) (1.00566e-07 -3.69307e-10 1.82716e-12)) ((2.11519e-13 2.48071e-13 4.88244e-17) (-1.79875e-13 -1.32975e-13 1.7815e-11)))
1198	(((1.86247e-07 -9.19906e-10 -1.48374e-18) (1.00564e-07 -3.69312e-10 1.92428e-12)) ((1.71331e-13 2.76119e-13 4.88901e-17) (-1.76884e-13 -1.3605e-13 1.78173e-11)))
1199	(((1.86218e-07 -9.15369e-10 1.15303e-17) (1.00564e-07 -3.69355e-10 1.85175e-12)) ((2.13292e-13 2.47774e-13 4.88831e-17) (-1.83332e-13 -1.33444e-13 1.78201e-11)))
1200	(((1.86218e-07 -9.1392e-10 -3.44158e-18) (1.00563e-07 -3.69308e-10 1.91494e-12)) ((1.68185e-13 2.79985e-13 4.87923e-17) (-1.80335e-13 -1.36964e-13 1.78207e-11)))
1201	(((1.86245e-07 -9.19855e-10 1.11512e-17) (1.00563e-07 -3.69274e-10 1.79848e-12)) ((2.08877e-13 2.45668e-13 4.89189e-17) (-1.84555e-13 -1.33694e-13 1.78184e-11)))
1202	(((1.86279e-07 -9.26873e-10 -1.86663e-18) (1.00562e-07 -3.69287e-10 1.94436e-12)) ((1.693e-13 2.8085e-13 4.88372e-17) (-1.7937e-13 -1.37645e-13 1.78156e-11)))
1203	(((1.86295e-07 -9.2976e-10 7.06444e-18) (1.0056e-07 -3.69277e-10 1.86048e-12)) ((2.08974e-13 2.49288e-13 4.86935e-17) (-1.81149e-13 -1.33774e-13 1.78144e-11)))
1204	(((1.8628e-07 -9.2609e-10 -2.49557e-18) (1.00559e-07 -3.69323e-10 1.96308e-12)) ((1.6811e-13 2.79115e-13 4.8826e-17) (-1.78024e-13 -1.37133e-13 1.78156e-11)))
1205	(((1.86246e-07 -9.20236e-10 1.09731e-17) (1.00557e-07 -3.69368e-10 1.85328e-12)) ((2.0981e-13 2.46952e-13 4.87336e-17) (-1.80902e-13 -1.33155e-13 1.78185e-11)))
1206	(((1.86213e-07 -9.17467e-10 -3.10504e-18) (1.00556e-07 -3.69357e-10 1.97506e-12)) ((1.67523e-13 2.79643e-13 4.89121e-17) (-1.79794e-13 -1.37045e-13 1.7821e-11)))
1207	(((1.86199e-07 -9.19221e-10 9.70978e-18) (1.00556e-07 -3.69374e-10 1.87111e-12)) ((2.05176e-13 2.49425e-13 4.89766e-17) (-1.84543e-13 -1.34952e-13 1.7822e-11)))
1208	(((1.86218e-07 -9.20513e-10 -1.80015e-18) (1.00556e-07 -3.69347e-10 1.99059e-12)) ((1.66979e-13 2.81567e-13 4.88493e-17) (-1.82113e-13 -1.38711e-13 1.78203e-11)))
1209	(((1.86254e-07 -9.22112e-10 7.23294e-18) (1.00555e-07 -3.69329e-10 1.86697e-12)) ((2.13873e-13 2.49105e-13 4.87889e-17) (-1.84965e-13 -1.34463e-13 1.78184e-11)))
1210	(((1.8628e-07 -9.25428e-10 -2.11136e-18) (1.00554e-07 -3.69345e-10 1.93563e-12)) ((1.69483e-13 2.7591e-13 4.87453e-17) (-1.79165e-13 -1.36863e-13 1.78176e-11)))
1211	(((1.86278e-07 -9.26062e-10 1.15313e-17) (1.00552e-07 -3.69353e-10 1.85342e-12)) ((2.13329e-13 2.44655e-13 4.88096e-17) (-1.82707e-13 -1.33262e-13 1.78186e-11)))
1212	(((1.86251e-07 -9.23061e-10 -2.89437e-18) (1.0055e-07 -3.69362e-10 1.9829e-12)) ((1.67756e-13 2.79004e-13 4.88032e-17) (-1.78171e-13 -1.37408e-13 1.78213e-11)))
1213	(((1.86211e-07 -9.20631e-10 9.24765e-18) (1.00549e-07 -3.69385e-10 1.86746e-12)) ((2.07506e-13 2.48719e-13 4.88592e-17) (-1.8108e-13 -1.33774e-13 1.78239e-11)))
1214	(((1.86189e-07 -9.15062e-10 -1.05315e-18) (1.00549e-07 -3.69401e-10 1.99977e-12)) ((1.71339e-13 2.80382e-13 4.8852e-17) (-1.81196e-13 -1.37954e-13 1.78259e-11)))
1215	(((1.86197e-07 -9.14317e-10 9.37937e-18) (1.00549e-07 -3.69365e-10 1.83657e-12)) ((2.12412e-13 2.45145e-13 4.87322e-17) (-1.84916e-13 -1.33772e-13 1.78264e-11)))
1216	(((1.86228e-07 -9.20681e-10 -1.07665e-18) (1.00548e-07 -3.69322e-10 1.92832e-12)) ((1.71463e-13 2.75808e-13 4.89215e-17) (-1.81518e-13 -1.37426e-13 1.78238e-11)))
1217	(((1.86259e-07 -9.27138e-10 1.1237e-17) (1.00547e-07 -3.69333e-10 1.84303e-12)) ((2.13344e-13 2.44929e-13 4.87952e-17) (-1.8337e-13 -1.33531e-13 1.78213e-11)))
1218	(((1.86268e-07 -9.3049e-10 -3.12024e-18) (1.00546e-07 -3.69362e-10 1.95738e-12)) ((1.7243e-13 2.77675e-13 4.87336e-17) (-1.77472e-13 -1.37009e-13 1.78213e-11)))
1219	(((1.86248e-07 -9.2454e-10 1.13136e-17) (1.00544e-07 -3.69383e-10 1.83886e-12)) ((2.15045e-13 2.4447e-13 4.88438e-17) (-1.8129e-13 -1.33177e-13 1.78232e-11)))
1220	(((1.86212e-07 -9.18097e-10 1.39694e-18) (1.00542e-07 -3.69415e-10 1.96068e-12)) ((1.68702e-13 2.76003e-13 4.87647e-17) (-1.78237e-13 -1.36701e-13 1.78258e-11)))
1221	(((1.8618e-07 -9.18288e-10 8.11556e-18) (1.00542e-07 -3.69402e-10 1.84661e-12)) ((2.08541e-13 2.50652e-13 4.89059e-17) (-1.81907e-13 -1.33689e-13 1.78278e-11)))
1222	(((1.86174e-07 -9.19693e-10 -7.94516e-19) (1.00541e-07 -3.69391e-10 1.92631e-12)) ((1.71537e-13 2.74669e-13 4.89526e-17) (-1.81316e-13 -1.36977e-13 1.78275e-11)))
1223	(((1.86203e-07 -9.19294e-10 1.24936e-17) (1.00541e-07 -3.6939e-10 1.85323e-12)) ((2.13259e-13 2.45435e-13 4.88427e-17) (-1.85788e-13 -1.34508e-13 1.78264e-11)))
1224	(((1.86241e-07 -9.18923e-10 -5.0383e-18) (1.0054e-07 -3.69348e-10 1.97354e-12)) ((1.71755e-13 2.81404e-13 4.87673e-17) (-1.80422e-13 -1.37945e-13 1.78248e-11)))
1225	(((1.86262e-07 -9.20171e-10 1.06182e-17) (1.00539e-07 -3.69346e-10 1.84198e-12)) ((2.0786e-13 2.44252e-13 4.8731e-17) (-1.83185e-13 -1.33431e-13 1.78252e-11)))
1226	(((1.86252e-07 -9.21154e-10 -2.19966e-18) (1.00537e-07 -3.69351e-10 1.97393e-12)) ((1.70319e-13 2.79439e-13 4.88183e-17) (-1.78715e-13 -1.37166e-13 1.78269e-11)))
1227	(((1.86217e-07 -9.20791e-10 6.71246e-18) (1.00536e-07 -3.69347e-10 1.88792e-12)) ((2.06198e-13 2.50839e-13 4.87964e-17) (-1.81636e-13 -1.34007e-13 1.78297e-11)))
1228	(((1.86182e-07 -9.16469e-10 -2.36064e-18) (1.00535e-07 -3.69353e-10 1.98473e-12)) ((1.65708e-13 2.81549e-13 4.8923e-17) (-1.78918e-13 -1.37915e-13 1.78321e-11)))
1229	(((1.86165e-07 -9.12993e-10 1.02335e-17) (1.00535e-07 -3.69384e-10 1.89271e-12)) ((2.12518e-13 2.50162e-13 4.88781e-17) (-1.85442e-13 -1.34731e-13 1.7834e-11)))
1230	(((1.86175e-07 -9.17396e-10 -3.01587e-18) (1.00534e-07 -3.69349e-10 1.94422e-12)) ((1.70288e-13 2.76671e-13 4.87248e-17) (-1.82469e-13 -1.37297e-13 1.78329e-11)))
1231	(((1.8621e-07 -9.23415e-10 1.03516e-17) (1.00534e-07 -3.69326e-10 1.81361e-12)) ((2.14779e-13 2.43524e-13 4.89026e-17) (-1.8534e-13 -1.33584e-13 1.78301e-11)))
1232	(((1.86239e-07 -9.27618e-10 -2.33188e-18) (1.00533e-07 -3.69335e-10 1.96518e-12)) ((1.71057e-13 2.78021e-13 4.87812e-17) (-1.79942e-13 -1.37136e-13 1.78275e-11)))
1233	(((1.86243e-07 -9.28001e-10 8.47811e-18) (1.00531e-07 -3.69351e-10 1.86463e-12)) ((2.1096e-13 2.47698e-13 4.87188e-17) (-1.81085e-13 -1.33946e-13 1.78282e-11)))
1234	(((1.86219e-07 -9.21817e-10 -3.14822e-18) (1.00529e-07 -3.69384e-10 1.95087e-12)) ((1.72026e-13 2.80164e-13 4.8841e-17) (-1.76878e-13 -1.36921e-13 1.78303e-11)))
1235	(((1.86181e-07 -9.16726e-10 1.19286e-17) (1.00528e-07 -3.69411e-10 1.86597e-12)) ((2.07016e-13 2.48105e-13 4.87495e-17) (-1.8164e-13 -1.33632e-13 1.78332e-11)))
1236	(((1.86154e-07 -9.15888e-10 -2.67265e-18) (1.00528e-07 -3.69379e-10 1.94146e-12)) ((1.68792e-13 2.78985e-13 4.88847e-17) (-1.79641e-13 -1.36765e-13 1.78346e-11)))
1237	(((1.86157e-07 -9.16442e-10 9.95381e-18) (1.00528e-07 -3.69373e-10 1.82417e-12)) ((2.10532e-13 2.45787e-13 4.89201e-17) (-1.84704e-13 -1.33804e-13 1.78347e-11)))
1238	(((1.86185e-07 -9.20943e-10 -1.10772e-18) (1.00527e-07 -3.6937e-10 1.97005e-12)) ((1.67991e-13 2.79523e-13 4.88093e-17) (-1.81908e-13 -1.38103e-13 1.78324e-11)))
1239	(((1.86218e-07 -9.24618e-10 6.57579e-18) (1.00526e-07 -3.69361e-10 1.86597e-12)) ((2.14264e-13 2.50888e-13 4.87488e-17) (-1.83486e-13 -1.3449e-13 1.78307e-11)))
1240	(((1.86232e-07 -9.25895e-10 -2.62509e-18) (1.00525e-07 -3.6937e-10 1.96835e-12)) ((1.66327e-13 2.78322e-13 4.87265e-17) (-1.78995e-13 -1.37454e-13 1.78304e-11)))
1241	(((1.86217e-07 -9.25568e-10 1.13073e-17) (1.00523e-07 -3.69406e-10 1.87988e-12)) ((2.09083e-13 2.46861e-13 4.88039e-17) (-1.82764e-13 -1.33832e-13 1.78324e-11)))
1242	(((1.8618e-07 -9.23444e-10 -4.86001e-18) (1.00522e-07 -3.69416e-10 1.96607e-12)) ((1.71774e-13 2.787e-13 4.87819e-17) (-1.78011e-13 -1.36484e-13 1.78347e-11)))
1243	(((1.86149e-07 -9.18366e-10 1.00522e-17) (1.00521e-07 -3.69433e-10 1.8621e-12)) ((2.10549e-13 2.46154e-13 4.88901e-17) (-1.83616e-13 -1.33521e-13 1.78371e-11)))
1244	(((1.86141e-07 -9.13671e-10 -6.15198e-19) (1.00521e-07 -3.69446e-10 2.01546e-12)) ((1.69448e-13 2.81336e-13 4.88483e-17) (-1.82817e-13 -1.38863e-13 1.78381e-11)))
1245	(((1.86162e-07 -9.15396e-10 7.72421e-18) (1.00521e-07 -3.69402e-10 1.84763e-12)) ((2.1175e-13 2.48372e-13 4.86958e-17) (-1.85026e-13 -1.34469e-13 1.78372e-11)))
1246	(((1.86196e-07 -9.22814e-10 -3.21937e-18) (1.0052e-07 -3.69372e-10 1.94366e-12)) ((1.69884e-13 2.78945e-13 4.88905e-17) (-1.81166e-13 -1.37649e-13 1.78342e-11)))
1247	(((1.86217e-07 -9.29656e-10 8.72604e-18) (1.00519e-07 -3.69414e-10 1.88214e-12)) ((2.07863e-13 2.49806e-13 4.87657e-17) (-1.83029e-13 -1.34201e-13 1.78326e-11)))
1248	(((1.86213e-07 -9.28371e-10 -6.56374e-18) (1.00517e-07 -3.69411e-10 1.98136e-12)) ((1.65821e-13 2.82982e-13 4.87124e-17) (-1.77035e-13 -1.37291e-13 1.78335e-11)))
1249	(((1.86185e-07 -9.21602e-10 9.68731e-18) (1.00516e-07 -3.69449e-10 1.87214e-12)) ((2.08727e-13 2.49269e-13 4.88109e-17) (-1.81159e-13 -1.33942e-13 1.78359e-11)))
1250	(((1.86145e-07 -9.18651e-10 9.52945e-19) (1.00515e-07 -3.69489e-10 1.94142e-12)) ((1.74412e-13 2.75374e-13 4.87763e-17) (-1.78451e-13 -1.36098e-13 1.78382e-11)))
1251	(((1.86125e-07 -9.17822e-10 8.37299e-18) (1.00514e-07 -3.69454e-10 1.86016e-12)) ((2.08414e-13 2.49832e-13 4.88436e-17) (-1.83348e-13 -1.34045e-13 1.78394e-11)))
1252	(((1.86139e-07 -9.15764e-10 -1.28946e-18) (1.00514e-07 -3.69437e-10 1.94516e-12)) ((1.65922e-13 2.78734e-13 4.89487e-17) (-1.81734e-13 -1.37918e-13 1.78389e-11)))
1253	(((1.86174e-07 -9.18025e-10 1.05487e-17) (1.00514e-07 -3.69417e-10 1.85626e-12)) ((2.11177e-13 2.47715e-13 4.8785e-17) (-1.84474e-13 -1.34252e-13 1.78372e-11)))
1254	(((1.86206e-07 -9.19677e-10 -5.42444e-18) (1.00513e-07 -3.69389e-10 1.9891e-12)) ((1.71515e-13 2.83036e-13 4.8742e-17) (-1.79082e-13 -1.38091e-13 1.78361e-11)))
1255	(((1.86213e-07 -9.20802e-10 1.01725e-17) (1.00511e-07 -3.69399e-10 1.83395e-12)) ((2.09884e-13 2.45366e-13 4.87257e-17) (-1.81237e-13 -1.33242e-13 1.78374e-11)))
1256	(((1.86187e-07 -9.22428e-10 4.20163e-19) (1.0051e-07 -3.69403e-10 1.95536e-12)) ((1.73799e-13 2.75802e-13 4.88371e-17) (-1.78358e-13 -1.36557e-13 1.78393e-11)))
1257	(((1.86152e-07 -9.18383e-10 1.01927e-17) (1.00509e-07 -3.69399e-10 1.84074e-12)) ((2.13156e-13 2.44705e-13 4.88519e-17) (-1.81458e-13 -1.32631e-13 1.78424e-11)))
1258	(((1.86123e-07 -9.14865e-10 -1.80204e-18) (1.00508e-07 -3.69399e-10 1.93407e-12)) ((1.71655e-13 2.77565e-13 4.88818e-17) (-1.78308e-13 -1.36501e-13 1.78443e-11)))
1259	(((1.86117e-07 -9.16333e-10 9.8805e-18) (1.00508e-07 -3.69413e-10 1.88048e-12)) ((2.09854e-13 2.517e-13 4.8835e-17) (-1.85064e-13 -1.3468e-13 1.78441e-11)))
1260	(((1.86144e-07 -9.1848e-10 -3.37081e-18) (1.00508e-07 -3.69384e-10 1.96449e-12)) ((1.65006e-13 2.82467e-13 4.87289e-17) (-1.81117e-13 -1.3848e-13 1.78423e-11)))
1261	(((1.86179e-07 -9.24099e-10 9.40235e-18) (1.00507e-07 -3.6937e-10 1.82727e-12)) ((2.11083e-13 2.47451e-13 4.88635e-17) (-1.83818e-13 -1.33907e-13 1.78396e-11)))
1262	(((1.86198e-07 -9.2763e-10 -1.51159e-18) (1.00506e-07 -3.69405e-10 2.01273e-12)) ((1.6757e-13 2.7899e-13 4.88218e-17) (-1.81121e-13 -1.37816e-13 1.78388e-11)))
1263	(((1.86188e-07 -9.25478e-10 6.7858e-18) (1.00504e-07 -3.69401e-10 1.89272e-12)) ((2.12153e-13 2.47358e-13 4.87169e-17) (-1.8247e-13 -1.33827e-13 1.78405e-11)))
1264	(((1.86151e-07 -9.21458e-10 -9.28411e-19) (1.00503e-07 -3.69439e-10 1.98281e-12)) ((1.75897e-13 2.73512e-13 4.88718e-17) (-1.80737e-13 -1.36747e-13 1.78424e-11)))
1265	(((1.86118e-07 -9.15429e-10 1.27477e-17) (1.00502e-07 -3.69465e-10 1.88136e-12)) ((2.13359e-13 2.44918e-13 4.88099e-17) (-1.84094e-13 -1.33825e-13 1.78449e-11)))
1266	(((1.86108e-07 -9.12748e-10 -4.2253e-18) (1.00502e-07 -3.6943e-10 1.95086e-12)) ((1.72973e-13 2.79582e-13 4.8823e-17) (-1.8156e-13 -1.37311e-13 1.78464e-11)))
1267	(((1.86124e-07 -9.15309e-10 1.03899e-17) (1.00502e-07 -3.69406e-10 1.83951e-12)) ((2.10426e-13 2.44565e-13 4.89301e-17) (-1.8616e-13 -1.34185e-13 1.78452e-11)))
1268	(((1.86158e-07 -9.21305e-10 -1.79461e-18) (1.00501e-07 -3.6939e-10 1.97424e-12)) ((1.69096e-13 2.79017e-13 4.87669e-17) (-1.81632e-13 -1.38001e-13 1.78422e-11)))
1269	(((1.86184e-07 -9.24972e-10 6.64715e-18) (1.005e-07 -3.69408e-10 1.86862e-12)) ((2.13791e-13 2.49159e-13 4.87297e-17) (-1.8332e-13 -1.33914e-13 1.78415e-11)))
1270	(((1.86182e-07 -9.25379e-10 -2.16355e-18) (1.00498e-07 -3.69418e-10 1.94391e-12)) ((1.69402e-13 2.7786e-13 4.87525e-17) (-1.77775e-13 -1.37121e-13 1.78421e-11)))
1271	(((1.86156e-07 -9.23955e-10 1.02404e-17) (1.00497e-07 -3.69448e-10 1.85799e-12)) ((2.12868e-13 2.48024e-13 4.87473e-17) (-1.82485e-13 -1.33425e-13 1.78446e-11)))
1272	(((1.8612e-07 -9.19115e-10 -5.32177e-18) (1.00496e-07 -3.69448e-10 1.982e-12)) ((1.66569e-13 2.81675e-13 4.88306e-17) (-1.78726e-13 -1.36976e-13 1.78472e-11)))
1273	(((1.86095e-07 -9.17545e-10 8.04496e-18) (1.00495e-07 -3.69455e-10 1.84927e-12)) ((2.06598e-13 2.5033e-13 4.88571e-17) (-1.83063e-13 -1.33767e-13 1.78484e-11)))
1274	(((1.86099e-07 -9.16209e-10 -3.60137e-18) (1.00495e-07 -3.69469e-10 1.96165e-12)) ((1.73029e-13 2.82565e-13 4.88199e-17) (-1.81594e-13 -1.37563e-13 1.7848e-11)))
1275	(((1.8613e-07 -9.18963e-10 8.70303e-18) (1.00495e-07 -3.69444e-10 1.82469e-12)) ((2.12209e-13 2.47035e-13 4.87113e-17) (-1.84947e-13 -1.33795e-13 1.78462e-11)))
1276	(((1.86163e-07 -9.25356e-10 -1.62379e-18) (1.00494e-07 -3.69421e-10 1.92724e-12)) ((1.7173e-13 2.78112e-13 4.87987e-17) (-1.80705e-13 -1.37405e-13 1.78434e-11)))
1277	(((1.86175e-07 -9.28561e-10 1.04077e-17) (1.00493e-07 -3.69466e-10 1.85885e-12)) ((2.12594e-13 2.46357e-13 4.87683e-17) (-1.82577e-13 -1.33497e-13 1.78431e-11)))
1278	(((1.86157e-07 -9.27317e-10 -4.61816e-18) (1.00491e-07 -3.69465e-10 1.95419e-12)) ((1.73098e-13 2.774e-13 4.86827e-17) (-1.77232e-13 -1.36361e-13 1.78444e-11)))
1279	(((1.86122e-07 -9.19596e-10 9.23575e-18) (1.0049e-07 -3.6951e-10 1.84446e-12)) ((2.16075e-13 2.45942e-13 4.88598e-17) (-1.82203e-13 -1.3285e-13 1.78473e-11)))
1280	(((1.86093e-07 -9.12965e-10 2.25232e-19) (1.00489e-07 -3.69532e-10 1.96115e-12)) ((1.70423e-13 2.77404e-13 4.87968e-17) (-1.80443e-13 -1.36859e-13 1.78499e-11)))
1281	(((1.86088e-07 -9.13419e-10 9.55129e-18) (1.00489e-07 -3.69475e-10 1.82307e-12)) ((2.13588e-13 2.47353e-13 4.8793e-17) (-1.85104e-13 -1.33904e-13 1.78509e-11)))
1282	(((1.86108e-07 -9.18641e-10 -3.48231e-18) (1.00489e-07 -3.69456e-10 1.91137e-12)) ((1.71657e-13 2.78204e-13 4.89116e-17) (-1.80801e-13 -1.37142e-13 1.78485e-11)))
1283	(((1.86141e-07 -9.25054e-10 1.03922e-17) (1.00489e-07 -3.69464e-10 1.84655e-12)) ((2.10592e-13 2.4674e-13 4.87369e-17) (-1.84621e-13 -1.33812e-13 1.78459e-11)))
1284	(((1.86162e-07 -9.26625e-10 -6.37652e-18) (1.00487e-07 -3.69468e-10 1.96729e-12)) ((1.69843e-13 2.81831e-13 4.87063e-17) (-1.78519e-13 -1.36956e-13 1.78448e-11)))
1285	(((1.86154e-07 -9.26634e-10 8.61511e-18) (1.00486e-07 -3.69519e-10 1.81974e-12)) ((2.06725e-13 2.47675e-13 4.87446e-17) (-1.80816e-13 -1.32917e-13 1.78466e-11)))
1286	(((1.86124e-07 -9.23232e-10 -1.33555e-18) (1.00484e-07 -3.69525e-10 1.95886e-12)) ((1.69634e-13 2.80635e-13 4.87528e-17) (-1.78455e-13 -1.36958e-13 1.78488e-11)))
1287	(((1.86092e-07 -9.175e-10 7.34697e-18) (1.00484e-07 -3.69528e-10 1.85457e-12)) ((2.12249e-13 2.48852e-13 4.88421e-17) (-1.8213e-13 -1.33155e-13 1.78517e-11)))
1288	(((1.86074e-07 -9.15874e-10 -1.21919e-18) (1.00483e-07 -3.69523e-10 1.94265e-12)) ((1.70652e-13 2.76253e-13 4.88617e-17) (-1.81112e-13 -1.36982e-13 1.78529e-11)))
1289	(((1.86086e-07 -9.15435e-10 1.11474e-17) (1.00483e-07 -3.69519e-10 1.84761e-12)) ((2.15442e-13 2.47001e-13 4.87986e-17) (-1.86128e-13 -1.34055e-13 1.78521e-11)))
1290	(((1.86118e-07 -9.19466e-10 -5.04194e-18) (1.00483e-07 -3.69494e-10 1.91992e-12)) ((1.72328e-13 2.7976e-13 4.86954e-17) (-1.80006e-13 -1.37e-13 1.785e-11)))
1291	(((1.86147e-07 -9.26022e-10 1.09604e-17) (1.00482e-07 -3.69483e-10 1.81766e-12)) ((2.12531e-13 2.45551e-13 4.87736e-17) (-1.84257e-13 -1.33667e-13 1.78479e-11)))
1292	(((1.86152e-07 -9.28001e-10 -2.1112e-18) (1.00481e-07 -3.69505e-10 1.96862e-12)) ((1.69136e-13 2.79206e-13 4.87644e-17) (-1.78353e-13 -1.3717e-13 1.78475e-11)))
1293	(((1.86127e-07 -9.27013e-10 5.90792e-18) (1.00479e-07 -3.69532e-10 1.86272e-12)) ((2.07899e-13 2.51013e-13 4.86992e-17) (-1.80118e-13 -1.33495e-13 1.78497e-11)))
1294	(((1.86093e-07 -9.18401e-10 -3.68093e-18) (1.00478e-07 -3.69555e-10 1.95243e-12)) ((1.70126e-13 2.80559e-13 4.88816e-17) (-1.78084e-13 -1.365e-13 1.78522e-11)))
1295	(((1.86068e-07 -9.12328e-10 1.09616e-17) (1.00478e-07 -3.69583e-10 1.84197e-12)) ((2.12139e-13 2.47065e-13 4.87992e-17) (-1.8371e-13 -1.33129e-13 1.7855e-11)))
1296	(((1.86068e-07 -9.14744e-10 -2.92486e-18) (1.00478e-07 -3.69528e-10 1.9255e-12)) ((1.71047e-13 2.77493e-13 4.87796e-17) (-1.82512e-13 -1.3678e-13 1.78553e-11)))
1297	(((1.86094e-07 -9.19446e-10 1.009e-17) (1.00477e-07 -3.69496e-10 1.79924e-12)) ((2.12464e-13 2.44117e-13 4.88735e-17) (-1.85165e-13 -1.33308e-13 1.78529e-11)))
1298	(((1.86127e-07 -9.25418e-10 -2.9496e-18) (1.00477e-07 -3.69503e-10 1.93725e-12)) ((1.7331e-13 2.78678e-13 4.87141e-17) (-1.79927e-13 -1.36773e-13 1.78502e-11)))
1299	(((1.86142e-07 -9.27378e-10 7.38852e-18) (1.00475e-07 -3.6952e-10 1.87341e-12)) ((2.13015e-13 2.49728e-13 4.86896e-17) (-1.82089e-13 -1.34074e-13 1.78501e-11)))
1300	(((1.8613e-07 -9.23563e-10 -1.81892e-18) (1.00474e-07 -3.69539e-10 1.93113e-12)) ((1.68315e-13 2.77448e-13 4.87482e-17) (-1.76999e-13 -1.36739e-13 1.7852e-11)))
1301	(((1.86098e-07 -9.19907e-10 1.18211e-17) (1.00473e-07 -3.69572e-10 1.83934e-12)) ((2.12243e-13 2.46062e-13 4.8772e-17) (-1.82375e-13 -1.32912e-13 1.78552e-11)))
1302	(((1.86063e-07 -9.18502e-10 -2.79162e-18) (1.00472e-07 -3.69556e-10 1.9365e-12)) ((1.74159e-13 2.75509e-13 4.88353e-17) (-1.79133e-13 -1.35985e-13 1.7857e-11)))
1303	(((1.86049e-07 -9.19078e-10 7.5448e-18) (1.00472e-07 -3.69562e-10 1.84099e-12)) ((2.0734e-13 2.50325e-13 4.88509e-17) (-1.83779e-13 -1.33921e-13 1.78576e-11)))
1304	(((1.86072e-07 -9.15241e-10 -1.71408e-18) (1.00472e-07 -3.69548e-10 1.9817e-12)) ((1.70163e-13 2.81584e-13 4.87995e-17) (-1.82939e-13 -1.38442e-13 1.78566e-11)))
1305	(((1.86111e-07 -9.14771e-10 8.34325e-18) (1.00471e-07 -3.69493e-10 1.82169e-12)) ((2.12503e-13 2.47025e-13 4.86867e-17) (-1.83811e-13 -1.33762e-13 1.78552e-11)))
1306	(((1.86138e-07 -9.18409e-10 -3.61539e-18) (1.0047e-07 -3.69459e-10 1.91042e-12)) ((1.73179e-13 2.781e-13 4.87822e-17) (-1.78744e-13 -1.36387e-13 1.78541e-11)))
1307	(((1.86135e-07 -9.19614e-10 1.04197e-17) (1.00469e-07 -3.69472e-10 1.85058e-12)) ((2.10973e-13 2.46015e-13 4.87686e-17) (-1.82088e-13 -1.33187e-13 1.78555e-11)))
1308	(((1.86106e-07 -9.18225e-10 -4.57924e-18) (1.00467e-07 -3.69448e-10 1.95575e-12)) ((1.70055e-13 2.78788e-13 4.87153e-17) (-1.76759e-13 -1.36397e-13 1.78578e-11)))
1309	(((1.86068e-07 -9.14134e-10 1.04309e-17) (1.00466e-07 -3.69489e-10 1.85401e-12)) ((2.12372e-13 2.47987e-13 4.89008e-17) (-1.82159e-13 -1.33541e-13 1.78609e-11)))
1310	(((1.86046e-07 -9.11144e-10 -5.87066e-22) (1.00466e-07 -3.69485e-10 1.94641e-12)) ((1.70705e-13 2.78498e-13 4.88064e-17) (-1.80299e-13 -1.37052e-13 1.78627e-11)))
1311	(((1.86052e-07 -9.14903e-10 8.7191e-18) (1.00466e-07 -3.69436e-10 1.80934e-12)) ((2.15469e-13 2.46063e-13 4.87811e-17) (-1.85671e-13 -1.33386e-13 1.78623e-11)))
1312	(((1.86079e-07 -9.22919e-10 -1.73774e-18) (1.00466e-07 -3.69427e-10 1.92561e-12)) ((1.70781e-13 2.75201e-13 4.88812e-17) (-1.81775e-13 -1.37184e-13 1.78589e-11)))
1313	(((1.86111e-07 -9.28404e-10 1.04911e-17) (1.00465e-07 -3.69442e-10 1.84094e-12)) ((2.13281e-13 2.45422e-13 4.86947e-17) (-1.83612e-13 -1.3338e-13 1.78561e-11)))
1314	(((1.86121e-07 -9.27402e-10 -6.31783e-18) (1.00464e-07 -3.69471e-10 1.96798e-12)) ((1.73702e-13 2.82045e-13 4.86756e-17) (-1.77207e-13 -1.37145e-13 1.7856e-11)))
1315	(((1.86101e-07 -9.2479e-10 9.97394e-18) (1.00462e-07 -3.69515e-10 1.82757e-12)) ((2.0707e-13 2.47035e-13 4.87327e-17) (-1.80719e-13 -1.33172e-13 1.78581e-11)))
1316	(((1.86069e-07 -9.19386e-10 -7.58618e-19) (1.00461e-07 -3.69522e-10 1.95481e-12)) ((1.68392e-13 2.79935e-13 4.87719e-17) (-1.78664e-13 -1.36763e-13 1.78604e-11)))
1317	(((1.86042e-07 -9.14752e-10 8.17445e-18) (1.00461e-07 -3.69525e-10 1.83821e-12)) ((2.10172e-13 2.4782e-13 4.88523e-17) (-1.82642e-13 -1.33039e-13 1.78632e-11)))
1318	(((1.86033e-07 -9.17424e-10 -6.39983e-19) (1.00461e-07 -3.69504e-10 1.90518e-12)) ((1.7491e-13 2.72726e-13 4.88505e-17) (-1.81275e-13 -1.36221e-13 1.78626e-11)))
1319	(((1.86052e-07 -9.22025e-10 7.9341e-18) (1.00461e-07 -3.69526e-10 1.86693e-12)) ((2.09479e-13 2.53263e-13 4.87774e-17) (-1.8544e-13 -1.34726e-13 1.786e-11)))
1320	(((1.86086e-07 -9.25798e-10 -1.4437e-18) (1.0046e-07 -3.69516e-10 1.93562e-12)) ((1.74718e-13 2.73976e-13 4.86601e-17) (-1.80929e-13 -1.37065e-13 1.78573e-11)))
1321	(((1.86115e-07 -9.20051e-10 1.26398e-17) (1.00459e-07 -3.6948e-10 1.79131e-12)) ((2.19594e-13 2.3889e-13 4.87566e-17) (-1.83442e-13 -1.3231e-13 1.78569e-11)))
1322	(((1.86119e-07 -9.11579e-10 -2.27599e-18) (1.00457e-07 -3.69469e-10 1.94416e-12)) ((1.74538e-13 2.75995e-13 4.87848e-17) (-1.77099e-13 -1.36164e-13 1.78597e-11)))
1323	(((1.86085e-07 -9.10894e-10 3.14008e-18) (1.00456e-07 -3.69432e-10 1.90181e-12)) ((1.97489e-13 2.59004e-13 4.87291e-17) (-1.7873e-13 -1.34607e-13 1.7863e-11)))
1324	(((1.86061e-07 -8.9403e-10 -2.83878e-19) (1.00455e-07 -3.69375e-10 1.93566e-12)) ((1.75525e-13 2.7396e-13 4.89302e-17) (-1.79055e-13 -1.35977e-13 1.78677e-11)))
1325	(((1.86034e-07 -9.01215e-10 7.64303e-18) (1.00455e-07 -3.69352e-10 1.88779e-12)) ((1.96418e-13 2.60066e-13 4.88244e-17) (-1.82761e-13 -1.35527e-13 1.78695e-11)))
1326	(((1.86058e-07 -8.94277e-10 -8.98006e-19) (1.00455e-07 -3.692e-10 1.90953e-12)) ((1.7725e-13 2.73146e-13 4.88074e-17) (-1.82096e-13 -1.36665e-13 1.78706e-11)))
1327	(((1.86076e-07 -9.13542e-10 4.9971e-18) (1.00455e-07 -3.69161e-10 1.85754e-12)) ((2.00607e-13 2.55948e-13 4.89051e-17) (-1.83085e-13 -1.34982e-13 1.78665e-11)))
1328	(((1.86101e-07 -9.19965e-10 -3.97785e-18) (1.00454e-07 -3.69157e-10 1.99638e-12)) ((1.63509e-13 2.83232e-13 4.87339e-17) (-1.79212e-13 -1.37907e-13 1.78637e-11)))
1329	(((1.8611e-07 -9.14106e-10 5.95876e-18) (1.00453e-07 -3.69141e-10 1.87109e-12)) ((2.1116e-13 2.50679e-13 4.87148e-17) (-1.80601e-13 -1.33705e-13 1.78649e-11)))
1330	(((1.86091e-07 -9.07782e-10 -2.68241e-18) (1.00451e-07 -3.69142e-10 1.93296e-12)) ((1.70001e-13 2.78977e-13 4.87854e-17) (-1.75824e-13 -1.36664e-13 1.78679e-11)))
1331	(((1.86055e-07 -9.04687e-10 1.31748e-17) (1.0045e-07 -3.69132e-10 1.84726e-12)) ((2.12072e-13 2.45619e-13 4.88087e-17) (-1.82888e-13 -1.33125e-13 1.7871e-11)))
1332	(((1.86028e-07 -9.04273e-10 -2.963e-18) (1.0045e-07 -3.69083e-10 1.94433e-12)) ((1.69421e-13 2.78435e-13 4.88311e-17) (-1.79341e-13 -1.36716e-13 1.78727e-11)))
1333	(((1.86026e-07 -9.09466e-10 1.08343e-17) (1.0045e-07 -3.69078e-10 1.82078e-12)) ((2.11666e-13 2.43991e-13 4.88836e-17) (-1.8446e-13 -1.33566e-13 1.78723e-11)))
1334	(((1.86048e-07 -9.16146e-10 -8.71055e-19) (1.0045e-07 -3.69066e-10 1.94393e-12)) ((1.75543e-13 2.77361e-13 4.8761e-17) (-1.82265e-13 -1.37324e-13 1.78687e-11)))
1335	(((1.86077e-07 -9.24132e-10 8.07937e-18) (1.0045e-07 -3.69082e-10 1.8143e-12)) ((2.15909e-13 2.44159e-13 4.86975e-17) (-1.8327e-13 -1.32901e-13 1.78656e-11)))
1336	(((1.8609e-07 -9.29739e-10 -9.89777e-19) (1.00448e-07 -3.69101e-10 1.92698e-12)) ((1.72936e-13 2.74996e-13 4.87287e-17) (-1.79666e-13 -1.36654e-13 1.78631e-11)))
1337	(((1.86076e-07 -9.29084e-10 1.05565e-17) (1.00447e-07 -3.69175e-10 1.84442e-12)) ((2.12515e-13 2.45284e-13 4.87488e-17) (-1.81347e-13 -1.33015e-13 1.78632e-11)))
1338	(((1.86043e-07 -9.24453e-10 -5.52032e-18) (1.00446e-07 -3.69216e-10 1.93332e-12)) ((1.73432e-13 2.78367e-13 4.87154e-17) (-1.76665e-13 -1.3575e-13 1.78643e-11)))
1339	(((1.86014e-07 -9.16513e-10 1.01485e-17) (1.00445e-07 -3.69276e-10 1.83022e-12)) ((2.12505e-13 2.45959e-13 4.88839e-17) (-1.83199e-13 -1.32783e-13 1.7866e-11)))
1340	(((1.86006e-07 -9.12542e-10 -5.34101e-19) (1.00445e-07 -3.69292e-10 1.92699e-12)) ((1.69848e-13 2.77786e-13 4.87787e-17) (-1.81102e-13 -1.36783e-13 1.78662e-11)))
1341	(((1.86026e-07 -9.16717e-10 8.64064e-18) (1.00445e-07 -3.69264e-10 1.79849e-12)) ((2.13213e-13 2.46471e-13 4.87461e-17) (-1.85507e-13 -1.33349e-13 1.78644e-11)))
1342	(((1.86058e-07 -9.23849e-10 -3.28652e-18) (1.00445e-07 -3.69253e-10 1.9113e-12)) ((1.70849e-13 2.76784e-13 4.88372e-17) (-1.80389e-13 -1.3679e-13 1.78604e-11)))
1343	(((1.86081e-07 -9.28501e-10 9.0187e-18) (1.00444e-07 -3.69297e-10 1.86168e-12)) ((2.12398e-13 2.48201e-13 4.86764e-17) (-1.82816e-13 -1.33754e-13 1.78583e-11)))
1344	(((1.86078e-07 -9.25201e-10 -6.00243e-18) (1.00442e-07 -3.69333e-10 1.98459e-12)) ((1.69039e-13 2.8206e-13 4.86749e-17) (-1.77949e-13 -1.37367e-13 1.78592e-11)))
1345	(((1.8605e-07 -9.20506e-10 9.39139e-18) (1.00441e-07 -3.69372e-10 1.81762e-12)) ((2.07809e-13 2.46923e-13 4.87479e-17) (-1.80507e-13 -1.32749e-13 1.78613e-11)))
1346	(((1.86015e-07 -9.1788e-10 -1.13242e-18) (1.0044e-07 -3.69403e-10 1.92922e-12)) ((1.73531e-13 2.77826e-13 4.87963e-17) (-1.78864e-13 -1.35842e-13 1.7863e-11)))
1347	(((1.85999e-07 -9.14096e-10 9.03989e-18) (1.0044e-07 -3.69395e-10 1.826e-12)) ((2.11309e-13 2.45827e-13 4.88349e-17) (-1.83839e-13 -1.33033e-13 1.78644e-11)))
1348	(((1.86008e-07 -9.14936e-10 -1.53557e-18) (1.0044e-07 -3.6937e-10 1.92934e-12)) ((1.6878e-13 2.78131e-13 4.88271e-17) (-1.81041e-13 -1.37635e-13 1.78628e-11)))
1349	(((1.86036e-07 -9.20352e-10 9.96863e-18) (1.0044e-07 -3.69406e-10 1.85587e-12)) ((2.10644e-13 2.50566e-13 4.87617e-17) (-1.85235e-13 -1.34554e-13 1.786e-11)))
1350	(((1.86067e-07 -9.23616e-10 -5.3102e-18) (1.00439e-07 -3.69386e-10 1.9398e-12)) ((1.67029e-13 2.81516e-13 4.86347e-17) (-1.78487e-13 -1.3708e-13 1.78578e-11)))
1351	(((1.86075e-07 -9.25942e-10 8.74472e-18) (1.00438e-07 -3.69402e-10 1.80953e-12)) ((2.11614e-13 2.46459e-13 4.87369e-17) (-1.82362e-13 -1.32708e-13 1.78575e-11)))
1352	(((1.86053e-07 -9.25623e-10 -1.14675e-18) (1.00436e-07 -3.69446e-10 1.9556e-12)) ((1.70878e-13 2.75773e-13 4.87556e-17) (-1.7868e-13 -1.36254e-13 1.78586e-11)))
1353	(((1.86021e-07 -9.18385e-10 8.84013e-18) (1.00435e-07 -3.69441e-10 1.84515e-12)) ((2.13406e-13 2.46306e-13 4.87244e-17) (-1.81123e-13 -1.3297e-13 1.78612e-11)))
1354	(((1.85995e-07 -9.11057e-10 -2.58518e-18) (1.00435e-07 -3.69469e-10 1.92946e-12)) ((1.74634e-13 2.78711e-13 4.88915e-17) (-1.79197e-13 -1.36468e-13 1.78632e-11)))
1355	(((1.85989e-07 -9.13676e-10 1.0802e-17) (1.00435e-07 -3.69485e-10 1.84509e-12)) ((2.06132e-13 2.50238e-13 4.87614e-17) (-1.8463e-13 -1.34226e-13 1.78635e-11)))
1356	(((1.86011e-07 -9.20866e-10 -2.47409e-18) (1.00435e-07 -3.69434e-10 1.90929e-12)) ((1.72473e-13 2.76738e-13 4.87266e-17) (-1.81794e-13 -1.36852e-13 1.78606e-11)))
1357	(((1.86049e-07 -9.22931e-10 1.00216e-17) (1.00435e-07 -3.69438e-10 1.80383e-12)) ((2.12077e-13 2.43778e-13 4.88276e-17) (-1.83974e-13 -1.33066e-13 1.78584e-11)))
1358	(((1.86071e-07 -9.22531e-10 -2.14073e-18) (1.00433e-07 -3.69432e-10 1.97468e-12)) ((1.7017e-13 2.79558e-13 4.86679e-17) (-1.78385e-13 -1.37267e-13 1.78576e-11)))
1359	(((1.86063e-07 -9.17454e-10 6.49642e-18) (1.00432e-07 -3.69442e-10 1.86365e-12)) ((2.14915e-13 2.48844e-13 4.86835e-17) (-1.80926e-13 -1.33414e-13 1.78605e-11)))
1360	(((1.86031e-07 -9.12275e-10 -1.49961e-18) (1.00431e-07 -3.69448e-10 1.94454e-12)) ((1.67376e-13 2.77296e-13 4.87699e-17) (-1.77622e-13 -1.36615e-13 1.78638e-11)))
1361	(((1.85993e-07 -9.1374e-10 9.84703e-18) (1.0043e-07 -3.69449e-10 1.85486e-12)) ((2.05494e-13 2.51992e-13 4.87952e-17) (-1.82606e-13 -1.33509e-13 1.78658e-11)))
1362	(((1.85976e-07 -9.16583e-10 -4.42432e-18) (1.0043e-07 -3.69435e-10 1.91609e-12)) ((1.73123e-13 2.77372e-13 4.8829e-17) (-1.7982e-13 -1.36118e-13 1.78662e-11)))
1363	(((1.85994e-07 -9.1659e-10 9.55832e-18) (1.0043e-07 -3.6941e-10 1.81808e-12)) ((2.07509e-13 2.47166e-13 4.8811e-17) (-1.84868e-13 -1.33758e-13 1.78647e-11)))
1364	(((1.86031e-07 -9.14881e-10 -1.93966e-18) (1.0043e-07 -3.69396e-10 1.9704e-12)) ((1.69649e-13 2.82017e-13 4.87585e-17) (-1.81252e-13 -1.38188e-13 1.78625e-11)))
1365	(((1.86061e-07 -9.15976e-10 8.278e-18) (1.00429e-07 -3.6938e-10 1.83447e-12)) ((2.10845e-13 2.47314e-13 4.86457e-17) (-1.81811e-13 -1.33473e-13 1.78622e-11)))
1366	(((1.86062e-07 -9.17522e-10 -2.72357e-18) (1.00428e-07 -3.69349e-10 1.92443e-12)) ((1.69746e-13 2.77787e-13 4.87544e-17) (-1.77604e-13 -1.3647e-13 1.78631e-11)))
1367	(((1.86036e-07 -9.16774e-10 9.42235e-18) (1.00426e-07 -3.69375e-10 1.85143e-12)) ((2.11417e-13 2.47062e-13 4.87826e-17) (-1.81296e-13 -1.32881e-13 1.78655e-11)))
1368	(((1.85997e-07 -9.15616e-10 -3.56634e-18) (1.00425e-07 -3.69363e-10 1.96515e-12)) ((1.70096e-13 2.77612e-13 4.87456e-17) (-1.78166e-13 -1.36328e-13 1.78678e-11)))
1369	(((1.85973e-07 -9.11569e-10 1.07123e-17) (1.00425e-07 -3.69376e-10 1.83924e-12)) ((2.12897e-13 2.47167e-13 4.88844e-17) (-1.83696e-13 -1.33651e-13 1.78695e-11)))
1370	(((1.85976e-07 -9.11911e-10 -1.26966e-18) (1.00425e-07 -3.69381e-10 1.92792e-12)) ((1.7194e-13 2.79375e-13 4.87613e-17) (-1.80873e-13 -1.37174e-13 1.7869e-11)))
1371	(((1.86005e-07 -9.18846e-10 9.26005e-18) (1.00425e-07 -3.69339e-10 1.81131e-12)) ((2.12261e-13 2.46658e-13 4.87174e-17) (-1.85293e-13 -1.33673e-13 1.78664e-11)))
1372	(((1.86036e-07 -9.25762e-10 -3.11588e-18) (1.00425e-07 -3.69341e-10 1.93039e-12)) ((1.6802e-13 2.78297e-13 4.88106e-17) (-1.79259e-13 -1.37121e-13 1.78629e-11)))
1373	(((1.86048e-07 -9.29566e-10 9.2224e-18) (1.00423e-07 -3.69399e-10 1.86063e-12)) ((2.09002e-13 2.48674e-13 4.86534e-17) (-1.81697e-13 -1.33432e-13 1.78622e-11)))
1374	(((1.86032e-07 -9.25124e-10 -5.62047e-18) (1.00422e-07 -3.69422e-10 1.97809e-12)) ((1.70294e-13 2.8243e-13 4.86694e-17) (-1.76803e-13 -1.3722e-13 1.78639e-11)))
1375	(((1.85999e-07 -9.17824e-10 1.00029e-17) (1.00421e-07 -3.69462e-10 1.82623e-12)) ((2.10571e-13 2.46021e-13 4.87638e-17) (-1.81138e-13 -1.32762e-13 1.78669e-11)))
1376	(((1.85971e-07 -9.14083e-10 -8.24852e-21) (1.0042e-07 -3.69466e-10 1.95907e-12)) ((1.68978e-13 2.78567e-13 4.87848e-17) (-1.80754e-13 -1.36819e-13 1.78691e-11)))
1377	(((1.85961e-07 -9.16782e-10 6.12175e-18) (1.00421e-07 -3.69444e-10 1.84004e-12)) ((2.0536e-13 2.5186e-13 4.88023e-17) (-1.83483e-13 -1.33869e-13 1.7869e-11)))
1378	(((1.85978e-07 -9.23104e-10 -2.0571e-18) (1.00421e-07 -3.69442e-10 1.88855e-12)) ((1.75861e-13 2.7365e-13 4.8789e-17) (-1.80914e-13 -1.36064e-13 1.78658e-11)))
1379	(((1.86013e-07 -9.23901e-10 9.61273e-18) (1.0042e-07 -3.6947e-10 1.85417e-12)) ((2.10324e-13 2.49648e-13 4.87236e-17) (-1.8472e-13 -1.33946e-13 1.78631e-11)))
1380	(((1.86044e-07 -9.18507e-10 -4.65423e-18) (1.00419e-07 -3.6944e-10 1.95676e-12)) ((1.66466e-13 2.81433e-13 4.86236e-17) (-1.77376e-13 -1.37232e-13 1.7863e-11)))
1381	(((1.86044e-07 -9.14445e-10 1.01449e-17) (1.00418e-07 -3.69433e-10 1.81425e-12)) ((2.10397e-13 2.45844e-13 4.87471e-17) (-1.81495e-13 -1.32938e-13 1.78657e-11)))
1382	(((1.86017e-07 -9.09516e-10 -1.98127e-18) (1.00417e-07 -3.69412e-10 1.95835e-12)) ((1.69336e-13 2.78812e-13 4.87836e-17) (-1.77449e-13 -1.3645e-13 1.78688e-11)))
1383	(((1.85982e-07 -9.06076e-10 7.74414e-18) (1.00416e-07 -3.69373e-10 1.84929e-12)) ((2.13404e-13 2.47193e-13 4.87561e-17) (-1.81555e-13 -1.32802e-13 1.78721e-11)))
1384	(((1.85958e-07 -9.07913e-10 4.12848e-19) (1.00416e-07 -3.6937e-10 1.92953e-12)) ((1.77221e-13 2.72474e-13 4.88879e-17) (-1.81754e-13 -1.36435e-13 1.78732e-11)))
1385	(((1.85963e-07 -9.13723e-10 1.19418e-17) (1.00416e-07 -3.69359e-10 1.8351e-12)) ((2.11003e-13 2.47553e-13 4.87438e-17) (-1.85102e-13 -1.34311e-13 1.78716e-11)))
1386	(((1.85997e-07 -9.1865e-10 -5.06997e-18) (1.00416e-07 -3.69313e-10 1.92119e-12)) ((1.71692e-13 2.80933e-13 4.87159e-17) (-1.8022e-13 -1.37275e-13 1.78687e-11)))
1387	(((1.86028e-07 -9.22645e-10 9.45976e-18) (1.00415e-07 -3.6932e-10 1.8189e-12)) ((2.09872e-13 2.45025e-13 4.88138e-17) (-1.82994e-13 -1.33119e-13 1.78663e-11)))
1388	(((1.86035e-07 -9.23106e-10 -2.35599e-18) (1.00414e-07 -3.69336e-10 1.96249e-12)) ((1.69222e-13 2.78779e-13 4.86676e-17) (-1.77768e-13 -1.36667e-13 1.7866e-11)))
1389	(((1.86014e-07 -9.18203e-10 7.57096e-18) (1.00413e-07 -3.69369e-10 1.85052e-12)) ((2.14437e-13 2.47678e-13 4.8692e-17) (-1.80705e-13 -1.32924e-13 1.7869e-11)))
1390	(((1.85976e-07 -9.14863e-10 5.76558e-19) (1.00412e-07 -3.69381e-10 1.91708e-12)) ((1.74195e-13 2.73392e-13 4.87894e-17) (-1.77939e-13 -1.35912e-13 1.78712e-11)))
1391	(((1.85951e-07 -9.12297e-10 1.30217e-17) (1.00411e-07 -3.69387e-10 1.8294e-12)) ((2.16944e-13 2.43844e-13 4.87853e-17) (-1.84768e-13 -1.32986e-13 1.78734e-11)))
1392	(((1.85951e-07 -9.129e-10 -3.51975e-18) (1.00412e-07 -3.69351e-10 1.94807e-12)) ((1.69144e-13 2.78002e-13 4.8791e-17) (-1.81394e-13 -1.37349e-13 1.78732e-11)))
1393	(((1.85973e-07 -9.20127e-10 8.53433e-18) (1.00412e-07 -3.69333e-10 1.82111e-12)) ((2.07264e-13 2.48611e-13 4.87657e-17) (-1.84169e-13 -1.34056e-13 1.787e-11)))
1394	(((1.86006e-07 -9.2308e-10 -4.25393e-18) (1.00411e-07 -3.69364e-10 1.95702e-12)) ((1.71391e-13 2.82947e-13 4.87062e-17) (-1.79807e-13 -1.37442e-13 1.7867e-11)))
1395	(((1.86024e-07 -9.24014e-10 8.24273e-18) (1.0041e-07 -3.69375e-10 1.84369e-12)) ((2.09468e-13 2.47948e-13 4.86127e-17) (-1.81176e-13 -1.33477e-13 1.78666e-11)))
1396	(((1.86012e-07 -9.24443e-10 -1.60405e-18) (1.00409e-07 -3.69387e-10 1.91557e-12)) ((1.70417e-13 2.75985e-13 4.87512e-17) (-1.77582e-13 -1.36189e-13 1.78675e-11)))
1397	(((1.85982e-07 -9.19572e-10 1.08806e-17) (1.00407e-07 -3.69443e-10 1.84429e-12)) ((2.11002e-13 2.4553e-13 4.87978e-17) (-1.81416e-13 -1.32661e-13 1.78702e-11)))
1398	(((1.85952e-07 -9.13571e-10 -4.82965e-18) (1.00407e-07 -3.69415e-10 1.9479e-12)) ((1.68688e-13 2.79898e-13 4.87465e-17) (-1.77921e-13 -1.36126e-13 1.78724e-11)))
1399	(((1.85937e-07 -9.13318e-10 7.47416e-18) (1.00407e-07 -3.69439e-10 1.84338e-12)) ((2.08761e-13 2.51605e-13 4.88566e-17) (-1.84031e-13 -1.33917e-13 1.78729e-11)))
1400	(((1.8595e-07 -9.18206e-10 1.3815e-18) (1.00407e-07 -3.69441e-10 1.92368e-12)) ((1.74463e-13 2.73439e-13 4.87068e-17) (-1.82912e-13 -1.36799e-13 1.78706e-11)))
1401	(((1.85987e-07 -9.20957e-10 9.50755e-18) (1.00407e-07 -3.69389e-10 1.81605e-12)) ((2.14921e-13 2.45995e-13 4.86714e-17) (-1.84481e-13 -1.33819e-13 1.78679e-11)))
1402	(((1.86017e-07 -9.20911e-10 -3.9222e-18) (1.00406e-07 -3.69387e-10 1.92917e-12)) ((1.71873e-13 2.77981e-13 4.87878e-17) (-1.77676e-13 -1.36737e-13 1.78663e-11)))
1403	(((1.86019e-07 -9.18472e-10 1.03982e-17) (1.00405e-07 -3.69405e-10 1.85625e-12)) ((2.10694e-13 2.462e-13 4.86563e-17) (-1.81509e-13 -1.3319e-13 1.78679e-11)))
1404	(((1.85994e-07 -9.11923e-10 -5.23676e-18) (1.00403e-07 -3.69393e-10 1.97155e-12)) ((1.69841e-13 2.8149e-13 4.8704e-17) (-1.76638e-13 -1.36834e-13 1.7871e-11)))
1405	(((1.85957e-07 -9.09179e-10 1.00746e-17) (1.00403e-07 -3.69413e-10 1.82655e-12)) ((2.06948e-13 2.47698e-13 4.8811e-17) (-1.81147e-13 -1.32818e-13 1.78744e-11)))
1406	(((1.85934e-07 -9.10456e-10 1.60501e-19) (1.00403e-07 -3.69384e-10 1.94759e-12)) ((1.70922e-13 2.79059e-13 4.88011e-17) (-1.80868e-13 -1.37194e-13 1.78757e-11)))
1407	(((1.8594e-07 -9.13315e-10 7.87292e-18) (1.00403e-07 -3.69346e-10 1.83214e-12)) ((2.12692e-13 2.47391e-13 4.87972e-17) (-1.8467e-13 -1.33861e-13 1.78751e-11)))
1408	(((1.85968e-07 -9.19444e-10 -2.39244e-18) (1.00403e-07 -3.69326e-10 1.93714e-12)) ((1.68152e-13 2.77671e-13 4.87708e-17) (-1.81193e-13 -1.37528e-13 1.78718e-11)))
1409	(((1.85997e-07 -9.23696e-10 1.01187e-17) (1.00402e-07 -3.69356e-10 1.84966e-12)) ((2.13791e-13 2.47781e-13 4.86872e-17) (-1.83976e-13 -1.337e-13 1.7869e-11)))
1410	(((1.86007e-07 -9.25317e-10 -5.85638e-18) (1.00401e-07 -3.69373e-10 1.93009e-12)) ((1.70532e-13 2.79912e-13 4.85965e-17) (-1.76342e-13 -1.36174e-13 1.78687e-11)))
1411	(((1.85987e-07 -9.26307e-10 9.99955e-18) (1.004e-07 -3.69409e-10 1.82917e-12)) ((2.07455e-13 2.48288e-13 4.87297e-17) (-1.81259e-13 -1.33487e-13 1.78699e-11)))
1412	(((1.85954e-07 -9.21068e-10 -1.21102e-18) (1.00399e-07 -3.69442e-10 1.96274e-12)) ((1.68017e-13 2.79188e-13 4.87943e-17) (-1.77887e-13 -1.3671e-13 1.78716e-11)))
1413	(((1.85929e-07 -9.14449e-10 8.54161e-18) (1.00398e-07 -3.69444e-10 1.83778e-12)) ((2.11337e-13 2.47045e-13 4.87477e-17) (-1.82327e-13 -1.32954e-13 1.78741e-11)))
1414	(((1.85927e-07 -9.10543e-10 -2.31061e-18) (1.00398e-07 -3.6943e-10 1.92699e-12)) ((1.72309e-13 2.77994e-13 4.8855e-17) (-1.81035e-13 -1.36908e-13 1.78745e-11)))
1415	(((1.85947e-07 -9.15428e-10 1.05629e-17) (1.00399e-07 -3.69434e-10 1.82321e-12)) ((2.1232e-13 2.47144e-13 4.87046e-17) (-1.85325e-13 -1.33683e-13 1.78726e-11)))
1416	(((1.85979e-07 -9.23761e-10 -3.77255e-18) (1.00398e-07 -3.69401e-10 1.93533e-12)) ((1.70582e-13 2.78205e-13 4.86571e-17) (-1.81014e-13 -1.37056e-13 1.78697e-11)))
1417	(((1.85998e-07 -9.27438e-10 9.74321e-18) (1.00397e-07 -3.69413e-10 1.82519e-12)) ((2.11846e-13 2.44887e-13 4.87604e-17) (-1.82009e-13 -1.33173e-13 1.78679e-11)))
1418	(((1.85991e-07 -9.26133e-10 -2.87479e-18) (1.00396e-07 -3.6946e-10 1.95505e-12)) ((1.72813e-13 2.78963e-13 4.8648e-17) (-1.76894e-13 -1.36598e-13 1.78689e-11)))
1419	(((1.85961e-07 -9.2026e-10 7.49973e-18) (1.00395e-07 -3.69489e-10 1.86099e-12)) ((2.11756e-13 2.49471e-13 4.87009e-17) (-1.80802e-13 -1.33234e-13 1.78717e-11)))
1420	(((1.85929e-07 -9.13912e-10 -9.8688e-20) (1.00394e-07 -3.69503e-10 1.91707e-12)) ((1.70853e-13 2.75237e-13 4.88021e-17) (-1.78391e-13 -1.35991e-13 1.7874e-11)))
1421	(((1.85917e-07 -9.11819e-10 1.30637e-17) (1.00394e-07 -3.69509e-10 1.81669e-12)) ((2.14245e-13 2.44245e-13 4.8781e-17) (-1.85351e-13 -1.33029e-13 1.7876e-11)))
1422	(((1.85931e-07 -9.13961e-10 -4.02278e-18) (1.00394e-07 -3.69449e-10 1.93938e-12)) ((1.69806e-13 2.7927e-13 4.87686e-17) (-1.80783e-13 -1.37513e-13 1.78747e-11)))
1423	(((1.85961e-07 -9.20851e-10 8.74082e-18) (1.00394e-07 -3.69433e-10 1.82075e-12)) ((2.11351e-13 2.46603e-13 4.87427e-17) (-1.84272e-13 -1.33771e-13 1.78719e-11)))
1424	(((1.85987e-07 -9.24175e-10 -2.26259e-18) (1.00393e-07 -3.69458e-10 1.97812e-12)) ((1.71044e-13 2.7961e-13 4.86728e-17) (-1.8037e-13 -1.3735e-13 1.78698e-11)))
1425	(((1.8599e-07 -9.24019e-10 8.07002e-18) (1.00392e-07 -3.69458e-10 1.8264e-12)) ((2.12204e-13 2.45991e-13 4.85878e-17) (-1.8047e-13 -1.32796e-13 1.78707e-11)))
1426	(((1.85964e-07 -9.24912e-10 -1.33928e-18) (1.00391e-07 -3.69487e-10 1.89167e-12)) ((1.76985e-13 2.7321e-13 4.87499e-17) (-1.77258e-13 -1.35301e-13 1.7872e-11)))
1427	(((1.85932e-07 -9.19119e-10 1.23544e-17) (1.0039e-07 -3.69526e-10 1.8566e-12)) ((2.11518e-13 2.45354e-13 4.88153e-17) (-1.82092e-13 -1.33202e-13 1.78746e-11)))
1428	(((1.85912e-07 -9.12417e-10 -3.85555e-18) (1.0039e-07 -3.69495e-10 1.95426e-12)) ((1.67977e-13 2.80265e-13 4.87467e-17) (-1.78797e-13 -1.37028e-13 1.78764e-11)))
1429	(((1.85916e-07 -9.10276e-10 9.94522e-18) (1.0039e-07 -3.69498e-10 1.82167e-12)) ((2.11837e-13 2.47094e-13 4.88454e-17) (-1.84951e-13 -1.33693e-13 1.78771e-11)))
1430	(((1.85941e-07 -9.14696e-10 -1.37697e-18) (1.0039e-07 -3.6947e-10 1.93044e-12)) ((1.69302e-13 2.7943e-13 4.86896e-17) (-1.81286e-13 -1.37364e-13 1.78747e-11)))
1431	(((1.8597e-07 -9.24743e-10 6.12118e-18) (1.0039e-07 -3.69442e-10 1.83083e-12)) ((2.10548e-13 2.50559e-13 4.86446e-17) (-1.83342e-13 -1.33742e-13 1.7872e-11)))
1432	(((1.85984e-07 -9.28093e-10 -4.2058e-18) (1.00389e-07 -3.69457e-10 1.97051e-12)) ((1.64409e-13 2.80907e-13 4.87724e-17) (-1.77753e-13 -1.3756e-13 1.78709e-11)))
1433	(((1.85971e-07 -9.25485e-10 9.09111e-18) (1.00387e-07 -3.69497e-10 1.86489e-12)) ((2.08388e-13 2.49281e-13 4.8653e-17) (-1.80632e-13 -1.33464e-13 1.78724e-11)))
1434	(((1.85936e-07 -9.2048e-10 -4.7943e-18) (1.00386e-07 -3.69527e-10 1.94255e-12)) ((1.76552e-13 2.78075e-13 4.87163e-17) (-1.76906e-13 -1.35771e-13 1.78749e-11)))
1435	(((1.85905e-07 -9.1562e-10 9.93588e-18) (1.00386e-07 -3.69553e-10 1.82984e-12)) ((2.05045e-13 2.48794e-13 4.87939e-17) (-1.81967e-13 -1.33114e-13 1.78773e-11)))
1436	(((1.85904e-07 -9.10154e-10 -7.07022e-19) (1.00386e-07 -3.69515e-10 1.9374e-12)) ((1.68186e-13 2.80079e-13 4.8773e-17) (-1.81495e-13 -1.37138e-13 1.78786e-11)))
1437	(((1.85927e-07 -9.1058e-10 7.98213e-18) (1.00386e-07 -3.69467e-10 1.82534e-12)) ((2.10628e-13 2.47157e-13 4.87746e-17) (-1.84265e-13 -1.33681e-13 1.78782e-11)))
1438	(((1.8596e-07 -9.15305e-10 -2.49078e-18) (1.00386e-07 -3.69411e-10 1.94077e-12)) ((1.69883e-13 2.78315e-13 4.87445e-17) (-1.7962e-13 -1.3767e-13 1.78758e-11)))
1439	(((1.8598e-07 -9.18753e-10 9.92446e-18) (1.00385e-07 -3.69428e-10 1.86397e-12)) ((2.16103e-13 2.47128e-13 4.8677e-17) (-1.83186e-13 -1.33532e-13 1.78749e-11)))
1440	(((1.85973e-07 -9.21498e-10 -2.54918e-18) (1.00384e-07 -3.69428e-10 1.94364e-12)) ((1.72669e-13 2.7447e-13 4.85962e-17) (-1.77546e-13 -1.3622e-13 1.78763e-11)))
1441	(((1.85946e-07 -9.19206e-10 1.18008e-17) (1.00382e-07 -3.69423e-10 1.79291e-12)) ((2.15133e-13 2.41398e-13 4.87538e-17) (-1.81693e-13 -1.31983e-13 1.78786e-11)))
1442	(((1.85913e-07 -9.14958e-10 -1.58636e-18) (1.00382e-07 -3.69453e-10 1.93962e-12)) ((1.73432e-13 2.76926e-13 4.88329e-17) (-1.77967e-13 -1.35815e-13 1.78806e-11)))
1443	(((1.85893e-07 -9.15662e-10 7.70857e-18) (1.00382e-07 -3.69436e-10 1.86467e-12)) ((2.06325e-13 2.51678e-13 4.874e-17) (-1.82645e-13 -1.34448e-13 1.78817e-11)))
1444	(((1.85899e-07 -9.16789e-10 -3.55271e-19) (1.00382e-07 -3.69432e-10 1.92057e-12)) ((1.75434e-13 2.74867e-13 4.88311e-17) (-1.81697e-13 -1.37102e-13 1.78797e-11)))
1445	(((1.85934e-07 -9.16295e-10 1.25604e-17) (1.00382e-07 -3.69437e-10 1.81174e-12)) ((2.14164e-13 2.43762e-13 4.86908e-17) (-1.85096e-13 -1.33423e-13 1.7878e-11)))
1446	(((1.85967e-07 -9.18753e-10 -4.57323e-18) (1.00382e-07 -3.69376e-10 1.93246e-12)) ((1.70908e-13 2.79194e-13 4.86404e-17) (-1.79126e-13 -1.36837e-13 1.78761e-11)))
1447	(((1.85977e-07 -9.19629e-10 7.63493e-18) (1.0038e-07 -3.69379e-10 1.82592e-12)) ((2.10571e-13 2.4608e-13 4.8766e-17) (-1.81174e-13 -1.32762e-13 1.78766e-11)))
1448	(((1.85957e-07 -9.17503e-10 -2.33775e-18) (1.00379e-07 -3.69392e-10 1.99367e-12)) ((1.66961e-13 2.80901e-13 4.86637e-17) (-1.77611e-13 -1.37547e-13 1.78788e-11)))
1449	(((1.85919e-07 -9.14174e-10 5.32959e-18) (1.00378e-07 -3.69393e-10 1.87874e-12)) ((2.06517e-13 2.55059e-13 4.87354e-17) (-1.80223e-13 -1.33911e-13 1.78814e-11)))
1450	(((1.85889e-07 -9.12082e-10 -1.67801e-18) (1.00378e-07 -3.69405e-10 1.90628e-12)) ((1.72471e-13 2.76769e-13 4.88122e-17) (-1.78575e-13 -1.36044e-13 1.78831e-11)))
1451	(((1.85892e-07 -9.10443e-10 1.25824e-17) (1.00378e-07 -3.69384e-10 1.81752e-12)) ((2.12135e-13 2.45418e-13 4.87696e-17) (-1.86146e-13 -1.33354e-13 1.78838e-11)))
1452	(((1.85918e-07 -9.13108e-10 -4.866e-18) (1.00378e-07 -3.69324e-10 1.93819e-12)) ((1.67158e-13 2.80235e-13 4.87531e-17) (-1.80431e-13 -1.37435e-13 1.78816e-11)))
1453	(((1.8595e-07 -9.19052e-10 8.92681e-18) (1.00378e-07 -3.69319e-10 1.82075e-12)) ((2.09338e-13 2.46457e-13 4.87243e-17) (-1.83288e-13 -1.33523e-13 1.78793e-11)))
1454	(((1.85966e-07 -9.21055e-10 -2.7728e-18) (1.00377e-07 -3.6933e-10 1.98804e-12)) ((1.70851e-13 2.81594e-13 4.86656e-17) (-1.78498e-13 -1.37582e-13 1.78781e-11)))
1455	(((1.85954e-07 -9.21791e-10 6.25219e-18) (1.00376e-07 -3.69347e-10 1.85496e-12)) ((2.08891e-13 2.50463e-13 4.85991e-17) (-1.79741e-13 -1.33578e-13 1.78798e-11)))
1456	(((1.85924e-07 -9.18506e-10 -2.38546e-18) (1.00375e-07 -3.69352e-10 1.94566e-12)) ((1.66077e-13 2.79226e-13 4.8772e-17) (-1.77877e-13 -1.36673e-13 1.78821e-11)))
1457	(((1.85893e-07 -9.13921e-10 1.04395e-17) (1.00374e-07 -3.69373e-10 1.85167e-12)) ((2.08484e-13 2.48061e-13 4.88231e-17) (-1.82286e-13 -1.33015e-13 1.7884e-11)))
1458	(((1.85877e-07 -9.15608e-10 -3.922e-18) (1.00374e-07 -3.69358e-10 1.91819e-12)) ((1.74547e-13 2.76465e-13 4.87268e-17) (-1.79559e-13 -1.36078e-13 1.78841e-11)))
1459	(((1.85889e-07 -9.188e-10 8.62264e-18) (1.00375e-07 -3.69371e-10 1.84875e-12)) ((2.05883e-13 2.52553e-13 4.88062e-17) (-1.848e-13 -1.3488e-13 1.78816e-11)))
1460	(((1.8592e-07 -9.22334e-10 1.28303e-18) (1.00374e-07 -3.69376e-10 1.91819e-12)) ((1.74833e-13 2.73609e-13 4.86654e-17) (-1.81398e-13 -1.36755e-13 1.7878e-11)))
1461	(((1.85955e-07 -9.19133e-10 1.04704e-17) (1.00374e-07 -3.69347e-10 1.80557e-12)) ((2.19153e-13 2.40928e-13 4.86397e-17) (-1.831e-13 -1.32459e-13 1.78773e-11)))
1462	(((1.85966e-07 -9.12671e-10 -2.65196e-18) (1.00372e-07 -3.69314e-10 1.93058e-12)) ((1.72121e-13 2.74437e-13 4.87804e-17) (-1.7682e-13 -1.36157e-13 1.7879e-11)))
1463	(((1.85944e-07 -9.09034e-10 7.83125e-18) (1.00371e-07 -3.69309e-10 1.87685e-12)) ((2.0794e-13 2.51002e-13 4.86807e-17) (-1.80328e-13 -1.33526e-13 1.78823e-11)))
1464	(((1.85913e-07 -8.99714e-10 -5.85114e-18) (1.0037e-07 -3.69264e-10 2.01056e-12)) ((1.64865e-13 2.8599e-13 4.87614e-17) (-1.7742e-13 -1.37884e-13 1.78864e-11)))
1465	(((1.85888e-07 -8.96747e-10 9.75231e-18) (1.0037e-07 -3.6922e-10 1.82533e-12)) ((2.05902e-13 2.49534e-13 4.88186e-17) (-1.82706e-13 -1.33558e-13 1.78892e-11)))
1466	(((1.85888e-07 -9.03715e-10 -2.88053e-18) (1.00371e-07 -3.69165e-10 1.93179e-12)) ((1.68561e-13 2.82866e-13 4.87762e-17) (-1.81168e-13 -1.3728e-13 1.78886e-11)))
1467	(((1.85911e-07 -9.14315e-10 6.89985e-18) (1.00371e-07 -3.69123e-10 1.83753e-12)) ((2.07e-13 2.49955e-13 4.8762e-17) (-1.84015e-13 -1.34084e-13 1.78856e-11)))
1468	(((1.85936e-07 -9.24718e-10 -3.62561e-18) (1.0037e-07 -3.69118e-10 1.93695e-12)) ((1.66908e-13 2.79314e-13 4.87289e-17) (-1.78813e-13 -1.37106e-13 1.78813e-11)))
1469	(((1.85946e-07 -9.27514e-10 1.0037e-17) (1.00369e-07 -3.69201e-10 1.87141e-12)) ((2.12191e-13 2.49134e-13 4.86671e-17) (-1.82204e-13 -1.3379e-13 1.78801e-11)))
1470	(((1.85931e-07 -9.24521e-10 -4.63159e-18) (1.00368e-07 -3.69221e-10 1.94994e-12)) ((1.68249e-13 2.80135e-13 4.85951e-17) (-1.76095e-13 -1.3659e-13 1.78813e-11)))
1471	(((1.85898e-07 -9.22274e-10 8.97543e-18) (1.00367e-07 -3.69264e-10 1.82694e-12)) ((2.08983e-13 2.48215e-13 4.87648e-17) (-1.81383e-13 -1.32824e-13 1.78828e-11)))
1472	(((1.85872e-07 -9.16516e-10 -1.37333e-18) (1.00367e-07 -3.69293e-10 1.97002e-12)) ((1.67036e-13 2.79093e-13 4.88004e-17) (-1.7985e-13 -1.36789e-13 1.78841e-11)))
1473	(((1.85869e-07 -9.13163e-10 8.15676e-18) (1.00367e-07 -3.69259e-10 1.82742e-12)) ((2.11344e-13 2.46942e-13 4.86977e-17) (-1.83735e-13 -1.33314e-13 1.78843e-11)))
1474	(((1.85887e-07 -9.15701e-10 -2.54659e-18) (1.00367e-07 -3.69264e-10 1.90476e-12)) ((1.76998e-13 2.76087e-13 4.87915e-17) (-1.81064e-13 -1.36522e-13 1.78815e-11)))
1475	(((1.8592e-07 -9.19969e-10 1.30274e-17) (1.00367e-07 -3.69284e-10 1.82335e-12)) ((2.14278e-13 2.43799e-13 4.86517e-17) (-1.84809e-13 -1.33592e-13 1.7879e-11)))
1476	(((1.85941e-07 -9.24619e-10 -3.72385e-18) (1.00366e-07 -3.69263e-10 1.93587e-12)) ((1.71377e-13 2.78012e-13 4.86246e-17) (-1.78454e-13 -1.36556e-13 1.78771e-11)))
1477	(((1.85934e-07 -9.26919e-10 7.97438e-18) (1.00365e-07 -3.69321e-10 1.82718e-12)) ((2.07043e-13 2.47388e-13 4.87719e-17) (-1.80376e-13 -1.32859e-13 1.78779e-11)))
1478	(((1.85909e-07 -9.20723e-10 -2.93431e-18) (1.00364e-07 -3.69346e-10 1.96833e-12)) ((1.67891e-13 2.80767e-13 4.86785e-17) (-1.77047e-13 -1.36584e-13 1.78798e-11)))
1479	(((1.85879e-07 -9.1152e-10 7.03851e-18) (1.00363e-07 -3.69357e-10 1.85423e-12)) ((2.14139e-13 2.49346e-13 4.87481e-17) (-1.81855e-13 -1.32838e-13 1.78828e-11)))
1480	(((1.85859e-07 -9.11639e-10 1.89081e-18) (1.00363e-07 -3.69364e-10 1.9147e-12)) ((1.75284e-13 2.71683e-13 4.87824e-17) (-1.81319e-13 -1.36549e-13 1.78836e-11)))
1481	(((1.85864e-07 -9.19835e-10 9.04514e-18) (1.00364e-07 -3.69351e-10 1.84717e-12)) ((2.04296e-13 2.54324e-13 4.87109e-17) (-1.8505e-13 -1.34742e-13 1.7881e-11)))
1482	(((1.85901e-07 -9.17942e-10 -4.32545e-18) (1.00364e-07 -3.69313e-10 1.9095e-12)) ((1.75832e-13 2.75087e-13 4.8717e-17) (-1.79969e-13 -1.36265e-13 1.78785e-11)))
1483	(((1.85938e-07 -9.16167e-10 1.07894e-17) (1.00363e-07 -3.69281e-10 1.81317e-12)) ((2.1402e-13 2.41405e-13 4.86949e-17) (-1.82957e-13 -1.32718e-13 1.78773e-11)))
1484	(((1.85948e-07 -9.11457e-10 -1.50854e-18) (1.00362e-07 -3.69279e-10 1.96483e-12)) ((1.74131e-13 2.76966e-13 4.86696e-17) (-1.78133e-13 -1.36569e-13 1.78785e-11)))
1485	(((1.85928e-07 -9.07572e-10 9.56284e-18) (1.00361e-07 -3.69261e-10 1.8399e-12)) ((2.13507e-13 2.4524e-13 4.86315e-17) (-1.79871e-13 -1.33085e-13 1.78826e-11)))
1486	(((1.85892e-07 -9.05881e-10 -1.10058e-18) (1.0036e-07 -3.69222e-10 1.92852e-12)) ((1.70714e-13 2.76829e-13 4.88234e-17) (-1.77687e-13 -1.36289e-13 1.78854e-11)))
1487	(((1.85859e-07 -9.10088e-10 8.21445e-18) (1.0036e-07 -3.6923e-10 1.87152e-12)) ((2.05081e-13 2.52829e-13 4.88439e-17) (-1.8268e-13 -1.34005e-13 1.78867e-11)))
1488	(((1.85852e-07 -9.16817e-10 -2.52917e-18) (1.0036e-07 -3.69198e-10 1.93844e-12)) ((1.72347e-13 2.74855e-13 4.87154e-17) (-1.81257e-13 -1.36744e-13 1.78851e-11)))
1489	(((1.85875e-07 -9.19207e-10 7.48583e-18) (1.0036e-07 -3.69197e-10 1.83341e-12)) ((2.07042e-13 2.51935e-13 4.8793e-17) (-1.84271e-13 -1.34282e-13 1.78814e-11)))
1490	(((1.85916e-07 -9.15296e-10 -5.01903e-18) (1.0036e-07 -3.69198e-10 1.94975e-12)) ((1.64623e-13 2.8545e-13 4.86544e-17) (-1.78499e-13 -1.37489e-13 1.78791e-11)))
1491	(((1.85944e-07 -9.12278e-10 7.12562e-18) (1.00359e-07 -3.69147e-10 1.85897e-12)) ((2.07444e-13 2.51194e-13 4.86287e-17) (-1.81212e-13 -1.33989e-13 1.78797e-11)))
1492	(((1.85938e-07 -9.08115e-10 -3.75869e-18) (1.00357e-07 -3.69113e-10 1.95047e-12)) ((1.65895e-13 2.7935e-13 4.87892e-17) (-1.76036e-13 -1.36878e-13 1.78821e-11)))
1493	(((1.85906e-07 -9.04007e-10 1.0559e-17) (1.00356e-07 -3.69117e-10 1.85672e-12)) ((2.10773e-13 2.46564e-13 4.87186e-17) (-1.81072e-13 -1.32846e-13 1.78859e-11)))
1494	(((1.85869e-07 -9.00773e-10 -3.44846e-18) (1.00356e-07 -3.69067e-10 1.95331e-12)) ((1.74848e-13 2.77557e-13 4.87781e-17) (-1.78463e-13 -1.3616e-13 1.78886e-11)))
1495	(((1.85854e-07 -9.02034e-10 1.1909e-17) (1.00357e-07 -3.69044e-10 1.79432e-12)) ((2.1676e-13 2.41138e-13 4.88137e-17) (-1.8446e-13 -1.32605e-13 1.78899e-11)))
1496	(((1.85866e-07 -9.11247e-10 1.77204e-18) (1.00357e-07 -3.69014e-10 1.93917e-12)) ((1.75164e-13 2.74661e-13 4.87456e-17) (-1.8324e-13 -1.37515e-13 1.78873e-11)))
1497	(((1.85894e-07 -9.21726e-10 8.92882e-18) (1.00357e-07 -3.68992e-10 1.81951e-12)) ((2.15603e-13 2.43733e-13 4.87209e-17) (-1.83688e-13 -1.33385e-13 1.78833e-11)))
1498	(((1.85916e-07 -9.28687e-10 -3.51312e-18) (1.00356e-07 -3.69033e-10 1.91987e-12)) ((1.74162e-13 2.75781e-13 4.8695e-17) (-1.77547e-13 -1.36165e-13 1.78798e-11)))
1499	(((1.85915e-07 -9.27644e-10 1.08185e-17) (1.00355e-07 -3.6912e-10 1.85427e-12)) ((2.14642e-13 2.45636e-13 4.86485e-17) (-1.82053e-13 -1.33023e-13 1.78799e-11)))
1500	(((1.8589e-07 -9.23146e-10 -3.14115e-18) (1.00354e-07 -3.69155e-10 1.93018e-12)) ((1.71354e-13 2.7662e-13 4.86057e-17) (-1.76571e-13 -1.3588e-13 1.78812e-11)))
