/*--------------------------------*- C++ -*----------------------------------*\
  =========                 |
  \\      /  F ield         | OpenFOAM: The Open Source CFD Toolbox
   \\    /   O peration     | Website:  https://openfoam.org
    \\  /    A nd           | Version:  13
     \\/     M anipulation  |
\*---------------------------------------------------------------------------*/
FoamFile
{
    format      ascii;
    class       labelList;
    note        "nPoints:83000  nCells:41085  nFaces:164755  nInternalFaces:81755";
    location    "constant/polyMesh";
    object      neighbour;
}
// * * * * * * * * * * * * * * * * * * * * * * * * * * * * * * * * * * * * * //


81755
(
1
99
3861
2
100
3950
3
101
4039
4
102
4128
5
103
4217
6
104
4306
7
105
4395
8
106
4484
9
107
4573
10
108
4662
11
109
4751
12
110
4840
13
111
4929
14
112
5018
15
113
5107
16
114
5196
17
115
5285
18
116
5374
19
117
5463
20
118
5552
21
119
5641
22
120
5730
23
121
5819
24
122
5908
25
123
5997
26
124
6086
27
125
6175
28
126
6264
29
127
6353
30
128
6442
31
129
6531
32
130
6620
33
131
6709
34
132
6798
35
133
6887
36
134
6976
37
135
7065
38
136
7154
39
137
7243
40
138
7332
41
139
7421
42
140
7510
43
141
7599
44
142
7688
45
143
7777
46
144
7866
47
145
7955
48
146
8044
49
147
8133
50
148
8222
51
149
8311
52
150
8400
53
151
8489
54
152
8578
55
153
8667
56
154
8756
57
155
8845
58
156
8934
59
157
9023
60
158
9112
61
159
9201
62
160
9290
63
161
9379
64
162
9468
65
163
9557
66
164
9646
67
165
9735
68
166
9824
69
167
9913
70
168
10002
71
169
10091
72
170
10180
73
171
10269
74
172
10358
75
173
10447
76
174
10536
77
175
10625
78
176
10714
79
177
10803
80
178
10892
81
179
10981
82
180
11070
83
181
11159
84
182
11248
85
183
11337
86
184
11426
87
185
11515
88
186
11604
89
187
11693
90
188
11782
91
189
11871
92
190
11960
93
191
12049
94
192
12138
95
193
12227
96
194
12316
97
195
12405
98
196
12494
197
12583
100
198
101
199
102
200
103
201
104
202
105
203
106
204
107
205
108
206
109
207
110
208
111
209
112
210
113
211
114
212
115
213
116
214
117
215
118
216
119
217
120
218
121
219
122
220
123
221
124
222
125
223
126
224
127
225
128
226
129
227
130
228
131
229
132
230
133
231
134
232
135
233
136
234
137
235
138
236
139
237
140
238
141
239
142
240
143
241
144
242
145
243
146
244
147
245
148
246
149
247
150
248
151
249
152
250
153
251
154
252
155
253
156
254
157
255
158
256
159
257
160
258
161
259
162
260
163
261
164
262
165
263
166
264
167
265
168
266
169
267
170
268
171
269
172
270
173
271
174
272
175
273
176
274
177
275
178
276
179
277
180
278
181
279
182
280
183
281
184
282
185
283
186
284
187
285
188
286
189
287
190
288
191
289
192
290
193
291
194
292
195
293
196
294
197
295
296
199
297
200
298
201
299
202
300
203
301
204
302
205
303
206
304
207
305
208
306
209
307
210
308
211
309
212
310
213
311
214
312
215
313
216
314
217
315
218
316
219
317
220
318
221
319
222
320
223
321
224
322
225
323
226
324
227
325
228
326
229
327
230
328
231
329
232
330
233
331
234
332
235
333
236
334
237
335
238
336
239
337
240
338
241
339
242
340
243
341
244
342
245
343
246
344
247
345
248
346
249
347
250
348
251
349
252
350
253
351
254
352
255
353
256
354
257
355
258
356
259
357
260
358
261
359
262
360
263
361
264
362
265
363
266
364
267
365
268
366
269
367
270
368
271
369
272
370
273
371
274
372
275
373
276
374
277
375
278
376
279
377
280
378
281
379
282
380
283
381
284
382
285
383
286
384
287
385
288
386
289
387
290
388
291
389
292
390
293
391
294
392
295
393
296
394
395
298
396
299
397
300
398
301
399
302
400
303
401
304
402
305
403
306
404
307
405
308
406
309
407
310
408
311
409
312
410
313
411
314
412
315
413
316
414
317
415
318
416
319
417
320
418
321
419
322
420
323
421
324
422
325
423
326
424
327
425
328
426
329
427
330
428
331
429
332
430
333
431
334
432
335
433
336
434
337
435
338
436
339
437
340
438
341
439
342
440
343
441
344
442
345
443
346
444
347
445
348
446
349
447
350
448
351
449
352
450
353
451
354
452
355
453
356
454
357
455
358
456
359
457
360
458
361
459
362
460
363
461
364
462
365
463
366
464
367
465
368
466
369
467
370
468
371
469
372
470
373
471
374
472
375
473
376
474
377
475
378
476
379
477
380
478
381
479
382
480
383
481
384
482
385
483
386
484
387
485
388
486
389
487
390
488
391
489
392
490
393
491
394
492
395
493
494
397
495
398
496
399
497
400
498
401
499
402
500
403
501
404
502
405
503
406
504
407
505
408
506
409
507
410
508
411
509
412
510
413
511
414
512
415
513
416
514
417
515
418
516
419
517
420
518
421
519
422
520
423
521
424
522
425
523
426
524
427
525
428
526
429
527
430
528
431
529
432
530
433
531
434
532
435
533
436
534
437
535
438
536
439
537
440
538
441
539
442
540
443
541
444
542
445
543
446
544
447
545
448
546
449
547
450
548
451
549
452
550
453
551
454
552
455
553
456
554
457
555
458
556
459
557
460
558
461
559
462
560
463
561
464
562
465
563
466
564
467
565
468
566
469
567
470
568
471
569
472
570
473
571
474
572
475
573
476
574
477
575
478
576
479
577
480
578
481
579
482
580
483
581
484
582
485
583
486
584
487
585
488
586
489
587
490
588
491
589
492
590
493
591
494
592
593
496
594
497
595
498
596
499
597
500
598
501
599
502
600
503
601
504
602
505
603
506
604
507
605
508
606
509
607
510
608
511
609
512
610
513
611
514
612
515
613
516
614
517
615
518
616
519
617
520
618
521
619
522
620
523
621
524
622
525
623
526
624
527
625
528
626
529
627
530
628
531
629
532
630
533
631
534
632
535
633
536
634
537
635
538
636
539
637
540
638
541
639
542
640
543
641
544
642
545
643
546
644
547
645
548
646
549
647
550
648
551
649
552
650
553
651
554
652
555
653
556
654
557
655
558
656
559
657
560
658
561
659
562
660
563
661
564
662
565
663
566
664
567
665
568
666
569
667
570
668
571
669
572
670
573
671
574
672
575
673
576
674
577
675
578
676
579
677
580
678
581
679
582
680
583
681
584
682
585
683
586
684
587
685
588
686
589
687
590
688
591
689
592
690
593
691
692
595
693
596
694
597
695
598
696
599
697
600
698
601
699
602
700
603
701
604
702
605
703
606
704
607
705
608
706
609
707
610
708
611
709
612
710
613
711
614
712
615
713
616
714
617
715
618
716
619
717
620
718
621
719
622
720
623
721
624
722
625
723
626
724
627
725
628
726
629
727
630
728
631
729
632
730
633
731
634
732
635
733
636
734
637
735
638
736
639
737
640
738
641
739
642
740
643
741
644
742
645
743
646
744
647
745
648
746
649
747
650
748
651
749
652
750
653
751
654
752
655
753
656
754
657
755
658
756
659
757
660
758
661
759
662
760
663
761
664
762
665
763
666
764
667
765
668
766
669
767
670
768
671
769
672
770
673
771
674
772
675
773
676
774
677
775
678
776
679
777
680
778
681
779
682
780
683
781
684
782
685
783
686
784
687
785
688
786
689
787
690
788
691
789
692
790
791
694
792
695
793
696
794
697
795
698
796
699
797
700
798
701
799
702
800
703
801
704
802
705
803
706
804
707
805
708
806
709
807
710
808
711
809
712
810
713
811
714
812
715
813
716
814
717
815
718
816
719
817
720
818
721
819
722
820
723
821
724
822
725
823
726
824
727
825
728
826
729
827
730
828
731
829
732
830
733
831
734
832
735
833
736
834
737
835
738
836
739
837
740
838
741
839
742
840
743
841
744
842
745
843
746
844
747
845
748
846
749
847
750
848
751
849
752
850
753
851
754
852
755
853
756
854
757
855
758
856
759
857
760
858
761
859
762
860
763
861
764
862
765
863
766
864
767
865
768
866
769
867
770
868
771
869
772
870
773
871
774
872
775
873
776
874
777
875
778
876
779
877
780
878
781
879
782
880
783
881
784
882
785
883
786
884
787
885
788
886
789
887
790
888
791
889
890
793
891
794
892
795
893
796
894
797
895
798
896
799
897
800
898
801
899
802
900
803
901
804
902
805
903
806
904
807
905
808
906
809
907
810
908
811
909
812
910
813
911
814
912
815
913
816
914
817
915
818
916
819
917
820
918
821
919
822
920
823
921
824
922
825
923
826
924
827
925
828
926
829
927
830
928
831
929
832
930
833
931
834
932
835
933
836
934
837
935
838
936
839
937
840
938
841
939
842
940
843
941
844
942
845
943
846
944
847
945
848
946
849
947
850
948
851
949
852
950
853
951
854
952
855
953
856
954
857
955
858
956
859
957
860
958
861
959
862
960
863
961
864
962
865
963
866
964
867
965
868
966
869
967
870
968
871
969
872
970
873
971
874
972
875
973
876
974
877
975
878
976
879
977
880
978
881
979
882
980
883
981
884
982
885
983
886
984
887
985
888
986
889
987
890
988
989
892
990
893
991
894
992
895
993
896
994
897
995
898
996
899
997
900
998
901
999
902
1000
903
1001
904
1002
905
1003
906
1004
907
1005
908
1006
909
1007
910
1008
911
1009
912
1010
913
1011
914
1012
915
1013
916
1014
917
1015
918
1016
919
1017
920
1018
921
1019
922
1020
923
1021
924
1022
925
1023
926
1024
927
1025
928
1026
929
1027
930
1028
931
1029
932
1030
933
1031
934
1032
935
1033
936
1034
937
1035
938
1036
939
1037
940
1038
941
1039
942
1040
943
1041
944
1042
945
1043
946
1044
947
1045
948
1046
949
1047
950
1048
951
1049
952
1050
953
1051
954
1052
955
1053
956
1054
957
1055
958
1056
959
1057
960
1058
961
1059
962
1060
963
1061
964
1062
965
1063
966
1064
967
1065
968
1066
969
1067
970
1068
971
1069
972
1070
973
1071
974
1072
975
1073
976
1074
977
1075
978
1076
979
1077
980
1078
981
1079
982
1080
983
1081
984
1082
985
1083
986
1084
987
1085
988
1086
989
1087
1088
991
1089
992
1090
993
1091
994
1092
995
1093
996
1094
997
1095
998
1096
999
1097
1000
1098
1001
1099
1002
1100
1003
1101
1004
1102
1005
1103
1006
1104
1007
1105
1008
1106
1009
1107
1010
1108
1011
1109
1012
1110
1013
1111
1014
1112
1015
1113
1016
1114
1017
1115
1018
1116
1019
1117
1020
1118
1021
1119
1022
1120
1023
1121
1024
1122
1025
1123
1026
1124
1027
1125
1028
1126
1029
1127
1030
1128
1031
1129
1032
1130
1033
1131
1034
1132
1035
1133
1036
1134
1037
1135
1038
1136
1039
1137
1040
1138
1041
1139
1042
1140
1043
1141
1044
1142
1045
1143
1046
1144
1047
1145
1048
1146
1049
1147
1050
1148
1051
1149
1052
1150
1053
1151
1054
1152
1055
1153
1056
1154
1057
1155
1058
1156
1059
1157
1060
1158
1061
1159
1062
1160
1063
1161
1064
1162
1065
1163
1066
1164
1067
1165
1068
1166
1069
1167
1070
1168
1071
1169
1072
1170
1073
1171
1074
1172
1075
1173
1076
1174
1077
1175
1078
1176
1079
1177
1080
1178
1081
1179
1082
1180
1083
1181
1084
1182
1085
1183
1086
1184
1087
1185
1088
1186
1187
1090
1188
1091
1189
1092
1190
1093
1191
1094
1192
1095
1193
1096
1194
1097
1195
1098
1196
1099
1197
1100
1198
1101
1199
1102
1200
1103
1201
1104
1202
1105
1203
1106
1204
1107
1205
1108
1206
1109
1207
1110
1208
1111
1209
1112
1210
1113
1211
1114
1212
1115
1213
1116
1214
1117
1215
1118
1216
1119
1217
1120
1218
1121
1219
1122
1220
1123
1221
1124
1222
1125
1223
1126
1224
1127
1225
1128
1226
1129
1227
1130
1228
1131
1229
1132
1230
1133
1231
1134
1232
1135
1233
1136
1234
1137
1235
1138
1236
1139
1237
1140
1238
1141
1239
1142
1240
1143
1241
1144
1242
1145
1243
1146
1244
1147
1245
1148
1246
1149
1247
1150
1248
1151
1249
1152
1250
1153
1251
1154
1252
1155
1253
1156
1254
1157
1255
1158
1256
1159
1257
1160
1258
1161
1259
1162
1260
1163
1261
1164
1262
1165
1263
1166
1264
1167
1265
1168
1266
1169
1267
1170
1268
1171
1269
1172
1270
1173
1271
1174
1272
1175
1273
1176
1274
1177
1275
1178
1276
1179
1277
1180
1278
1181
1279
1182
1280
1183
1281
1184
1282
1185
1283
1186
1284
1187
1285
1286
1189
1287
1190
1288
1191
1289
1192
1290
1193
1291
1194
1292
1195
1293
1196
1294
1197
1295
1198
1296
1199
1297
1200
1298
1201
1299
1202
1300
1203
1301
1204
1302
1205
1303
1206
1304
1207
1305
1208
1306
1209
1307
1210
1308
1211
1309
1212
1310
1213
1311
1214
1312
1215
1313
1216
1314
1217
1315
1218
1316
1219
1317
1220
1318
1221
1319
1222
1320
1223
1321
1224
1322
1225
1323
1226
1324
1227
1325
1228
1326
1229
1327
1230
1328
1231
1329
1232
1330
1233
1331
1234
1332
1235
1333
1236
1334
1237
1335
1238
1336
1239
1337
1240
1338
1241
1339
1242
1340
1243
1341
1244
1342
1245
1343
1246
1344
1247
1345
1248
1346
1249
1347
1250
1348
1251
1349
1252
1350
1253
1351
1254
1352
1255
1353
1256
1354
1257
1355
1258
1356
1259
1357
1260
1358
1261
1359
1262
1360
1263
1361
1264
1362
1265
1363
1266
1364
1267
1365
1268
1366
1269
1367
1270
1368
1271
1369
1272
1370
1273
1371
1274
1372
1275
1373
1276
1374
1277
1375
1278
1376
1279
1377
1280
1378
1281
1379
1282
1380
1283
1381
1284
1382
1285
1383
1286
1384
1385
1288
1386
1289
1387
1290
1388
1291
1389
1292
1390
1293
1391
1294
1392
1295
1393
1296
1394
1297
1395
1298
1396
1299
1397
1300
1398
1301
1399
1302
1400
1303
1401
1304
1402
1305
1403
1306
1404
1307
1405
1308
1406
1309
1407
1310
1408
1311
1409
1312
1410
1313
1411
1314
1412
1315
1413
1316
1414
1317
1415
1318
1416
1319
1417
1320
1418
1321
1419
1322
1420
1323
1421
1324
1422
1325
1423
1326
1424
1327
1425
1328
1426
1329
1427
1330
1428
1331
1429
1332
1430
1333
1431
1334
1432
1335
1433
1336
1434
1337
1435
1338
1436
1339
1437
1340
1438
1341
1439
1342
1440
1343
1441
1344
1442
1345
1443
1346
1444
1347
1445
1348
1446
1349
1447
1350
1448
1351
1449
1352
1450
1353
1451
1354
1452
1355
1453
1356
1454
1357
1455
1358
1456
1359
1457
1360
1458
1361
1459
1362
1460
1363
1461
1364
1462
1365
1463
1366
1464
1367
1465
1368
1466
1369
1467
1370
1468
1371
1469
1372
1470
1373
1471
1374
1472
1375
1473
1376
1474
1377
1475
1378
1476
1379
1477
1380
1478
1381
1479
1382
1480
1383
1481
1384
1482
1385
1483
1484
1387
1485
1388
1486
1389
1487
1390
1488
1391
1489
1392
1490
1393
1491
1394
1492
1395
1493
1396
1494
1397
1495
1398
1496
1399
1497
1400
1498
1401
1499
1402
1500
1403
1501
1404
1502
1405
1503
1406
1504
1407
1505
1408
1506
1409
1507
1410
1508
1411
1509
1412
1510
1413
1511
1414
1512
1415
1513
1416
1514
1417
1515
1418
1516
1419
1517
1420
1518
1421
1519
1422
1520
1423
1521
1424
1522
1425
1523
1426
1524
1427
1525
1428
1526
1429
1527
1430
1528
1431
1529
1432
1530
1433
1531
1434
1532
1435
1533
1436
1534
1437
1535
1438
1536
1439
1537
1440
1538
1441
1539
1442
1540
1443
1541
1444
1542
1445
1543
1446
1544
1447
1545
1448
1546
1449
1547
1450
1548
1451
1549
1452
1550
1453
1551
1454
1552
1455
1553
1456
1554
1457
1555
1458
1556
1459
1557
1460
1558
1461
1559
1462
1560
1463
1561
1464
1562
1465
1563
1466
1564
1467
1565
1468
1566
1469
1567
1470
1568
1471
1569
1472
1570
1473
1571
1474
1572
1475
1573
1476
1574
1477
1575
1478
1576
1479
1577
1480
1578
1481
1579
1482
1580
1483
1581
1484
1582
1583
1486
1584
1487
1585
1488
1586
1489
1587
1490
1588
1491
1589
1492
1590
1493
1591
1494
1592
1495
1593
1496
1594
1497
1595
1498
1596
1499
1597
1500
1598
1501
1599
1502
1600
1503
1601
1504
1602
1505
1603
1506
1604
1507
1605
1508
1606
1509
1607
1510
1608
1511
1609
1512
1610
1513
1611
1514
1612
1515
1613
1516
1614
1517
1615
1518
1616
1519
1617
1520
1618
1521
1619
1522
1620
1523
1621
1524
1622
1525
1623
1526
1624
1527
1625
1528
1626
1529
1627
1530
1628
1531
1629
1532
1630
1533
1631
1534
1632
1535
1633
1536
1634
1537
1635
1538
1636
1539
1637
1540
1638
1541
1639
1542
1640
1543
1641
1544
1642
1545
1643
1546
1644
1547
1645
1548
1646
1549
1647
1550
1648
1551
1649
1552
1650
1553
1651
1554
1652
1555
1653
1556
1654
1557
1655
1558
1656
1559
1657
1560
1658
1561
1659
1562
1660
1563
1661
1564
1662
1565
1663
1566
1664
1567
1665
1568
1666
1569
1667
1570
1668
1571
1669
1572
1670
1573
1671
1574
1672
1575
1673
1576
1674
1577
1675
1578
1676
1579
1677
1580
1678
1581
1679
1582
1680
1583
1681
1682
1585
1683
1586
1684
1587
1685
1588
1686
1589
1687
1590
1688
1591
1689
1592
1690
1593
1691
1594
1692
1595
1693
1596
1694
1597
1695
1598
1696
1599
1697
1600
1698
1601
1699
1602
1700
1603
1701
1604
1702
1605
1703
1606
1704
1607
1705
1608
1706
1609
1707
1610
1708
1611
1709
1612
1710
1613
1711
1614
1712
1615
1713
1616
1714
1617
1715
1618
1716
1619
1717
1620
1718
1621
1719
1622
1720
1623
1721
1624
1722
1625
1723
1626
1724
1627
1725
1628
1726
1629
1727
1630
1728
1631
1729
1632
1730
1633
1731
1634
1732
1635
1733
1636
1734
1637
1735
1638
1736
1639
1737
1640
1738
1641
1739
1642
1740
1643
1741
1644
1742
1645
1743
1646
1744
1647
1745
1648
1746
1649
1747
1650
1748
1651
1749
1652
1750
1653
1751
1654
1752
1655
1753
1656
1754
1657
1755
1658
1756
1659
1757
1660
1758
1661
1759
1662
1760
1663
1761
1664
1762
1665
1763
1666
1764
1667
1765
1668
1766
1669
1767
1670
1768
1671
1769
1672
1770
1673
1771
1674
1772
1675
1773
1676
1774
1677
1775
1678
1776
1679
1777
1680
1778
1681
1779
1682
1780
1781
1684
1782
1685
1783
1686
1784
1687
1785
1688
1786
1689
1787
1690
1788
1691
1789
1692
1790
1693
1791
1694
1792
1695
1793
1696
1794
1697
1795
1698
1796
1699
1797
1700
1798
1701
1799
1702
1800
1703
1801
1704
1802
1705
1803
1706
1804
1707
1805
1708
1806
1709
1807
1710
1808
1711
1809
1712
1810
1713
1811
1714
1812
1715
1813
1716
1814
1717
1815
1718
1816
1719
1817
1720
1818
1721
1819
1722
1820
1723
1821
1724
1822
1725
1823
1726
1824
1727
1825
1728
1826
1729
1827
1730
1828
1731
1829
1732
1830
1733
1831
1734
1832
1735
1833
1736
1834
1737
1835
1738
1836
1739
1837
1740
1838
1741
1839
1742
1840
1743
1841
1744
1842
1745
1843
1746
1844
1747
1845
1748
1846
1749
1847
1750
1848
1751
1849
1752
1850
1753
1851
1754
1852
1755
1853
1756
1854
1757
1855
1758
1856
1759
1857
1760
1858
1761
1859
1762
1860
1763
1861
1764
1862
1765
1863
1766
1864
1767
1865
1768
1866
1769
1867
1770
1868
1771
1869
1772
1870
1773
1871
1774
1872
1775
1873
1776
1874
1777
1875
1778
1876
1779
1877
1780
1878
1781
1879
1880
1783
1881
1784
1882
1785
1883
1786
1884
1787
1885
1788
1886
1789
1887
1790
1888
1791
1889
1792
1890
1793
1891
1794
1892
1795
1893
1796
1894
1797
1895
1798
1896
1799
1897
1800
1898
1801
1899
1802
1900
1803
1901
1804
1902
1805
1903
1806
1904
1807
1905
1808
1906
1809
1907
1810
1908
1811
1909
1812
1910
1813
1911
1814
1912
1815
1913
1816
1914
1817
1915
1818
1916
1819
1917
1820
1918
1821
1919
1822
1920
1823
1921
1824
1922
1825
1923
1826
1924
1827
1925
1828
1926
1829
1927
1830
1928
1831
1929
1832
1930
1833
1931
1834
1932
1835
1933
1836
1934
1837
1935
1838
1936
1839
1937
1840
1938
1841
1939
1842
1940
1843
1941
1844
1942
1845
1943
1846
1944
1847
1945
1848
1946
1849
1947
1850
1948
1851
1949
1852
1950
1853
1951
1854
1952
1855
1953
1856
1954
1857
1955
1858
1956
1859
1957
1860
1958
1861
1959
1862
1960
1863
1961
1864
1962
1865
1963
1866
1964
1867
1965
1868
1966
1869
1967
1870
1968
1871
1969
1872
1970
1873
1971
1874
1972
1875
1973
1876
1974
1877
1975
1878
1976
1879
1977
1880
1978
1979
1882
1980
1883
1981
1884
1982
1885
1983
1886
1984
1887
1985
1888
1986
1889
1987
1890
1988
1891
1989
1892
1990
1893
1991
1894
1992
1895
1993
1896
1994
1897
1995
1898
1996
1899
1997
1900
1998
1901
1999
1902
2000
1903
2001
1904
2002
1905
2003
1906
2004
1907
2005
1908
2006
1909
2007
1910
2008
1911
2009
1912
2010
1913
2011
1914
2012
1915
2013
1916
2014
1917
2015
1918
2016
1919
2017
1920
2018
1921
2019
1922
2020
1923
2021
1924
2022
1925
2023
1926
2024
1927
2025
1928
2026
1929
2027
1930
2028
1931
2029
1932
2030
1933
2031
1934
2032
1935
2033
1936
2034
1937
2035
1938
2036
1939
2037
1940
2038
1941
2039
1942
2040
1943
2041
1944
2042
1945
2043
1946
2044
1947
2045
1948
2046
1949
2047
1950
2048
1951
2049
1952
2050
1953
2051
1954
2052
1955
2053
1956
2054
1957
2055
1958
2056
1959
2057
1960
2058
1961
2059
1962
2060
1963
2061
1964
2062
1965
2063
1966
2064
1967
2065
1968
2066
1969
2067
1970
2068
1971
2069
1972
2070
1973
2071
1974
2072
1975
2073
1976
2074
1977
2075
1978
2076
1979
2077
2078
1981
2079
1982
2080
1983
2081
1984
2082
1985
2083
1986
2084
1987
2085
1988
2086
1989
2087
1990
2088
1991
2089
1992
2090
1993
2091
1994
2092
1995
2093
1996
2094
1997
2095
1998
2096
1999
2097
2000
2098
2001
2099
2002
2100
2003
2101
2004
2102
2005
2103
2006
2104
2007
2105
2008
2106
2009
2107
2010
2108
2011
2109
2012
2110
2013
2111
2014
2112
2015
2113
2016
2114
2017
2115
2018
2116
2019
2117
2020
2118
2021
2119
2022
2120
2023
2121
2024
2122
2025
2123
2026
2124
2027
2125
2028
2126
2029
2127
2030
2128
2031
2129
2032
2130
2033
2131
2034
2132
2035
2133
2036
2134
2037
2135
2038
2136
2039
2137
2040
2138
2041
2139
2042
2140
2043
2141
2044
2142
2045
2143
2046
2144
2047
2145
2048
2146
2049
2147
2050
2148
2051
2149
2052
2150
2053
2151
2054
2152
2055
2153
2056
2154
2057
2155
2058
2156
2059
2157
2060
2158
2061
2159
2062
2160
2063
2161
2064
2162
2065
2163
2066
2164
2067
2165
2068
2166
2069
2167
2070
2168
2071
2169
2072
2170
2073
2171
2074
2172
2075
2173
2076
2174
2077
2175
2078
2176
2177
2080
2178
2081
2179
2082
2180
2083
2181
2084
2182
2085
2183
2086
2184
2087
2185
2088
2186
2089
2187
2090
2188
2091
2189
2092
2190
2093
2191
2094
2192
2095
2193
2096
2194
2097
2195
2098
2196
2099
2197
2100
2198
2101
2199
2102
2200
2103
2201
2104
2202
2105
2203
2106
2204
2107
2205
2108
2206
2109
2207
2110
2208
2111
2209
2112
2210
2113
2211
2114
2212
2115
2213
2116
2214
2117
2215
2118
2216
2119
2217
2120
2218
2121
2219
2122
2220
2123
2221
2124
2222
2125
2223
2126
2224
2127
2225
2128
2226
2129
2227
2130
2228
2131
2229
2132
2230
2133
2231
2134
2232
2135
2233
2136
2234
2137
2235
2138
2236
2139
2237
2140
2238
2141
2239
2142
2240
2143
2241
2144
2242
2145
2243
2146
2244
2147
2245
2148
2246
2149
2247
2150
2248
2151
2249
2152
2250
2153
2251
2154
2252
2155
2253
2156
2254
2157
2255
2158
2256
2159
2257
2160
2258
2161
2259
2162
2260
2163
2261
2164
2262
2165
2263
2166
2264
2167
2265
2168
2266
2169
2267
2170
2268
2171
2269
2172
2270
2173
2271
2174
2272
2175
2273
2176
2274
2177
2275
2276
2179
2277
2180
2278
2181
2279
2182
2280
2183
2281
2184
2282
2185
2283
2186
2284
2187
2285
2188
2286
2189
2287
2190
2288
2191
2289
2192
2290
2193
2291
2194
2292
2195
2293
2196
2294
2197
2295
2198
2296
2199
2297
2200
2298
2201
2299
2202
2300
2203
2301
2204
2302
2205
2303
2206
2304
2207
2305
2208
2306
2209
2307
2210
2308
2211
2309
2212
2310
2213
2311
2214
2312
2215
2313
2216
2314
2217
2315
2218
2316
2219
2317
2220
2318
2221
2319
2222
2320
2223
2321
2224
2322
2225
2323
2226
2324
2227
2325
2228
2326
2229
2327
2230
2328
2231
2329
2232
2330
2233
2331
2234
2332
2235
2333
2236
2334
2237
2335
2238
2336
2239
2337
2240
2338
2241
2339
2242
2340
2243
2341
2244
2342
2245
2343
2246
2344
2247
2345
2248
2346
2249
2347
2250
2348
2251
2349
2252
2350
2253
2351
2254
2352
2255
2353
2256
2354
2257
2355
2258
2356
2259
2357
2260
2358
2261
2359
2262
2360
2263
2361
2264
2362
2265
2363
2266
2364
2267
2365
2268
2366
2269
2367
2270
2368
2271
2369
2272
2370
2273
2371
2274
2372
2275
2373
2276
2374
2375
2278
2376
2279
2377
2280
2378
2281
2379
2282
2380
2283
2381
2284
2382
2285
2383
2286
2384
2287
2385
2288
2386
2289
2387
2290
2388
2291
2389
2292
2390
2293
2391
2294
2392
2295
2393
2296
2394
2297
2395
2298
2396
2299
2397
2300
2398
2301
2399
2302
2400
2303
2401
2304
2402
2305
2403
2306
2404
2307
2405
2308
2406
2309
2407
2310
2408
2311
2409
2312
2410
2313
2411
2314
2412
2315
2413
2316
2414
2317
2415
2318
2416
2319
2417
2320
2418
2321
2419
2322
2420
2323
2421
2324
2422
2325
2423
2326
2424
2327
2425
2328
2426
2329
2427
2330
2428
2331
2429
2332
2430
2333
2431
2334
2432
2335
2433
2336
2434
2337
2435
2338
2436
2339
2437
2340
2438
2341
2439
2342
2440
2343
2441
2344
2442
2345
2443
2346
2444
2347
2445
2348
2446
2349
2447
2350
2448
2351
2449
2352
2450
2353
2451
2354
2452
2355
2453
2356
2454
2357
2455
2358
2456
2359
2457
2360
2458
2361
2459
2362
2460
2363
2461
2364
2462
2365
2463
2366
2464
2367
2465
2368
2466
2369
2467
2370
2468
2371
2469
2372
2470
2373
2471
2374
2472
2375
2473
2474
2377
2475
2378
2476
2379
2477
2380
2478
2381
2479
2382
2480
2383
2481
2384
2482
2385
2483
2386
2484
2387
2485
2388
2486
2389
2487
2390
2488
2391
2489
2392
2490
2393
2491
2394
2492
2395
2493
2396
2494
2397
2495
2398
2496
2399
2497
2400
2498
2401
2499
2402
2500
2403
2501
2404
2502
2405
2503
2406
2504
2407
2505
2408
2506
2409
2507
2410
2508
2411
2509
2412
2510
2413
2511
2414
2512
2415
2513
2416
2514
2417
2515
2418
2516
2419
2517
2420
2518
2421
2519
2422
2520
2423
2521
2424
2522
2425
2523
2426
2524
2427
2525
2428
2526
2429
2527
2430
2528
2431
2529
2432
2530
2433
2531
2434
2532
2435
2533
2436
2534
2437
2535
2438
2536
2439
2537
2440
2538
2441
2539
2442
2540
2443
2541
2444
2542
2445
2543
2446
2544
2447
2545
2448
2546
2449
2547
2450
2548
2451
2549
2452
2550
2453
2551
2454
2552
2455
2553
2456
2554
2457
2555
2458
2556
2459
2557
2460
2558
2461
2559
2462
2560
2463
2561
2464
2562
2465
2563
2466
2564
2467
2565
2468
2566
2469
2567
2470
2568
2471
2569
2472
2570
2473
2571
2474
2572
2573
2476
2574
2477
2575
2478
2576
2479
2577
2480
2578
2481
2579
2482
2580
2483
2581
2484
2582
2485
2583
2486
2584
2487
2585
2488
2586
2489
2587
2490
2588
2491
2589
2492
2590
2493
2591
2494
2592
2495
2593
2496
2594
2497
2595
2498
2596
2499
2597
2500
2598
2501
2599
2502
2600
2503
2601
2504
2602
2505
2603
2506
2604
2507
2605
2508
2606
2509
2607
2510
2608
2511
2609
2512
2610
2513
2611
2514
2612
2515
2613
2516
2614
2517
2615
2518
2616
2519
2617
2520
2618
2521
2619
2522
2620
2523
2621
2524
2622
2525
2623
2526
2624
2527
2625
2528
2626
2529
2627
2530
2628
2531
2629
2532
2630
2533
2631
2534
2632
2535
2633
2536
2634
2537
2635
2538
2636
2539
2637
2540
2638
2541
2639
2542
2640
2543
2641
2544
2642
2545
2643
2546
2644
2547
2645
2548
2646
2549
2647
2550
2648
2551
2649
2552
2650
2553
2651
2554
2652
2555
2653
2556
2654
2557
2655
2558
2656
2559
2657
2560
2658
2561
2659
2562
2660
2563
2661
2564
2662
2565
2663
2566
2664
2567
2665
2568
2666
2569
2667
2570
2668
2571
2669
2572
2670
2573
2671
2672
2575
2673
2576
2674
2577
2675
2578
2676
2579
2677
2580
2678
2581
2679
2582
2680
2583
2681
2584
2682
2585
2683
2586
2684
2587
2685
2588
2686
2589
2687
2590
2688
2591
2689
2592
2690
2593
2691
2594
2692
2595
2693
2596
2694
2597
2695
2598
2696
2599
2697
2600
2698
2601
2699
2602
2700
2603
2701
2604
2702
2605
2703
2606
2704
2607
2705
2608
2706
2609
2707
2610
2708
2611
2709
2612
2710
2613
2711
2614
2712
2615
2713
2616
2714
2617
2715
2618
2716
2619
2717
2620
2718
2621
2719
2622
2720
2623
2721
2624
2722
2625
2723
2626
2724
2627
2725
2628
2726
2629
2727
2630
2728
2631
2729
2632
2730
2633
2731
2634
2732
2635
2733
2636
2734
2637
2735
2638
2736
2639
2737
2640
2738
2641
2739
2642
2740
2643
2741
2644
2742
2645
2743
2646
2744
2647
2745
2648
2746
2649
2747
2650
2748
2651
2749
2652
2750
2653
2751
2654
2752
2655
2753
2656
2754
2657
2755
2658
2756
2659
2757
2660
2758
2661
2759
2662
2760
2663
2761
2664
2762
2665
2763
2666
2764
2667
2765
2668
2766
2669
2767
2670
2768
2671
2769
2672
2770
2771
2674
2772
2675
2773
2676
2774
2677
2775
2678
2776
2679
2777
2680
2778
2681
2779
2682
2780
2683
2781
2684
2782
2685
2783
2686
2784
2687
2785
2688
2786
2689
2787
2690
2788
2691
2789
2692
2790
2693
2791
2694
2792
2695
2793
2696
2794
2697
2795
2698
2796
2699
2797
2700
2798
2701
2799
2702
2800
2703
2801
2704
2802
2705
2803
2706
2804
2707
2805
2708
2806
2709
2807
2710
2808
2711
2809
2712
2810
2713
2811
2714
2812
2715
2813
2716
2814
2717
2815
2718
2816
2719
2817
2720
2818
2721
2819
2722
2820
2723
2821
2724
2822
2725
2823
2726
2824
2727
2825
2728
2826
2729
2827
2730
2828
2731
2829
2732
2830
2733
2831
2734
2832
2735
2833
2736
2834
2737
2835
2738
2836
2739
2837
2740
2838
2741
2839
2742
2840
2743
2841
2744
2842
2745
2843
2746
2844
2747
2845
2748
2846
2749
2847
2750
2848
2751
2849
2752
2850
2753
2851
2754
2852
2755
2853
2756
2854
2757
2855
2758
2856
2759
2857
2760
2858
2761
2859
2762
2860
2763
2861
2764
2862
2765
2863
2766
2864
2767
2865
2768
2866
2769
2867
2770
2868
2771
2869
2870
2773
2871
2774
2872
2775
2873
2776
2874
2777
2875
2778
2876
2779
2877
2780
2878
2781
2879
2782
2880
2783
2881
2784
2882
2785
2883
2786
2884
2787
2885
2788
2886
2789
2887
2790
2888
2791
2889
2792
2890
2793
2891
2794
2892
2795
2893
2796
2894
2797
2895
2798
2896
2799
2897
2800
2898
2801
2899
2802
2900
2803
2901
2804
2902
2805
2903
2806
2904
2807
2905
2808
2906
2809
2907
2810
2908
2811
2909
2812
2910
2813
2911
2814
2912
2815
2913
2816
2914
2817
2915
2818
2916
2819
2917
2820
2918
2821
2919
2822
2920
2823
2921
2824
2922
2825
2923
2826
2924
2827
2925
2828
2926
2829
2927
2830
2928
2831
2929
2832
2930
2833
2931
2834
2932
2835
2933
2836
2934
2837
2935
2838
2936
2839
2937
2840
2938
2841
2939
2842
2940
2843
2941
2844
2942
2845
2943
2846
2944
2847
2945
2848
2946
2849
2947
2850
2948
2851
2949
2852
2950
2853
2951
2854
2952
2855
2953
2856
2954
2857
2955
2858
2956
2859
2957
2860
2958
2861
2959
2862
2960
2863
2961
2864
2962
2865
2963
2866
2964
2867
2965
2868
2966
2869
2967
2870
2968
2969
2872
2970
2873
2971
2874
2972
2875
2973
2876
2974
2877
2975
2878
2976
2879
2977
2880
2978
2881
2979
2882
2980
2883
2981
2884
2982
2885
2983
2886
2984
2887
2985
2888
2986
2889
2987
2890
2988
2891
2989
2892
2990
2893
2991
2894
2992
2895
2993
2896
2994
2897
2995
2898
2996
2899
2997
2900
2998
2901
2999
2902
3000
2903
3001
2904
3002
2905
3003
2906
3004
2907
3005
2908
3006
2909
3007
2910
3008
2911
3009
2912
3010
2913
3011
2914
3012
2915
3013
2916
3014
2917
3015
2918
3016
2919
3017
2920
3018
2921
3019
2922
3020
2923
3021
2924
3022
2925
3023
2926
3024
2927
3025
2928
3026
2929
3027
2930
3028
2931
3029
2932
3030
2933
3031
2934
3032
2935
3033
2936
3034
2937
3035
2938
3036
2939
3037
2940
3038
2941
3039
2942
3040
2943
3041
2944
3042
2945
3043
2946
3044
2947
3045
2948
3046
2949
3047
2950
3048
2951
3049
2952
3050
2953
3051
2954
3052
2955
3053
2956
3054
2957
3055
2958
3056
2959
3057
2960
3058
2961
3059
2962
3060
2963
3061
2964
3062
2965
3063
2966
3064
2967
3065
2968
3066
2969
3067
3068
2971
3069
2972
3070
2973
3071
2974
3072
2975
3073
2976
3074
2977
3075
2978
3076
2979
3077
2980
3078
2981
3079
2982
3080
2983
3081
2984
3082
2985
3083
2986
3084
2987
3085
2988
3086
2989
3087
2990
3088
2991
3089
2992
3090
2993
3091
2994
3092
2995
3093
2996
3094
2997
3095
2998
3096
2999
3097
3000
3098
3001
3099
3002
3100
3003
3101
3004
3102
3005
3103
3006
3104
3007
3105
3008
3106
3009
3107
3010
3108
3011
3109
3012
3110
3013
3111
3014
3112
3015
3113
3016
3114
3017
3115
3018
3116
3019
3117
3020
3118
3021
3119
3022
3120
3023
3121
3024
3122
3025
3123
3026
3124
3027
3125
3028
3126
3029
3127
3030
3128
3031
3129
3032
3130
3033
3131
3034
3132
3035
3133
3036
3134
3037
3135
3038
3136
3039
3137
3040
3138
3041
3139
3042
3140
3043
3141
3044
3142
3045
3143
3046
3144
3047
3145
3048
3146
3049
3147
3050
3148
3051
3149
3052
3150
3053
3151
3054
3152
3055
3153
3056
3154
3057
3155
3058
3156
3059
3157
3060
3158
3061
3159
3062
3160
3063
3161
3064
3162
3065
3163
3066
3164
3067
3165
3068
3166
3167
3070
3168
3071
3169
3072
3170
3073
3171
3074
3172
3075
3173
3076
3174
3077
3175
3078
3176
3079
3177
3080
3178
3081
3179
3082
3180
3083
3181
3084
3182
3085
3183
3086
3184
3087
3185
3088
3186
3089
3187
3090
3188
3091
3189
3092
3190
3093
3191
3094
3192
3095
3193
3096
3194
3097
3195
3098
3196
3099
3197
3100
3198
3101
3199
3102
3200
3103
3201
3104
3202
3105
3203
3106
3204
3107
3205
3108
3206
3109
3207
3110
3208
3111
3209
3112
3210
3113
3211
3114
3212
3115
3213
3116
3214
3117
3215
3118
3216
3119
3217
3120
3218
3121
3219
3122
3220
3123
3221
3124
3222
3125
3223
3126
3224
3127
3225
3128
3226
3129
3227
3130
3228
3131
3229
3132
3230
3133
3231
3134
3232
3135
3233
3136
3234
3137
3235
3138
3236
3139
3237
3140
3238
3141
3239
3142
3240
3143
3241
3144
3242
3145
3243
3146
3244
3147
3245
3148
3246
3149
3247
3150
3248
3151
3249
3152
3250
3153
3251
3154
3252
3155
3253
3156
3254
3157
3255
3158
3256
3159
3257
3160
3258
3161
3259
3162
3260
3163
3261
3164
3262
3165
3263
3166
3264
3167
3265
3266
3169
3267
3170
3268
3171
3269
3172
3270
3173
3271
3174
3272
3175
3273
3176
3274
3177
3275
3178
3276
3179
3277
3180
3278
3181
3279
3182
3280
3183
3281
3184
3282
3185
3283
3186
3284
3187
3285
3188
3286
3189
3287
3190
3288
3191
3289
3192
3290
3193
3291
3194
3292
3195
3293
3196
3294
3197
3295
3198
3296
3199
3297
3200
3298
3201
3299
3202
3300
3203
3301
3204
3302
3205
3303
3206
3304
3207
3305
3208
3306
3209
3307
3210
3308
3211
3309
3212
3310
3213
3311
3214
3312
3215
3313
3216
3314
3217
3315
3218
3316
3219
3317
3220
3318
3221
3319
3222
3320
3223
3321
3224
3322
3225
3323
3226
3324
3227
3325
3228
3326
3229
3327
3230
3328
3231
3329
3232
3330
3233
3331
3234
3332
3235
3333
3236
3334
3237
3335
3238
3336
3239
3337
3240
3338
3241
3339
3242
3340
3243
3341
3244
3342
3245
3343
3246
3344
3247
3345
3248
3346
3249
3347
3250
3348
3251
3349
3252
3350
3253
3351
3254
3352
3255
3353
3256
3354
3257
3355
3258
3356
3259
3357
3260
3358
3261
3359
3262
3360
3263
3361
3264
3362
3265
3363
3266
3364
3365
3268
3366
3269
3367
3270
3368
3271
3369
3272
3370
3273
3371
3274
3372
3275
3373
3276
3374
3277
3375
3278
3376
3279
3377
3280
3378
3281
3379
3282
3380
3283
3381
3284
3382
3285
3383
3286
3384
3287
3385
3288
3386
3289
3387
3290
3388
3291
3389
3292
3390
3293
3391
3294
3392
3295
3393
3296
3394
3297
3395
3298
3396
3299
3397
3300
3398
3301
3399
3302
3400
3303
3401
3304
3402
3305
3403
3306
3404
3307
3405
3308
3406
3309
3407
3310
3408
3311
3409
3312
3410
3313
3411
3314
3412
3315
3413
3316
3414
3317
3415
3318
3416
3319
3417
3320
3418
3321
3419
3322
3420
3323
3421
3324
3422
3325
3423
3326
3424
3327
3425
3328
3426
3329
3427
3330
3428
3331
3429
3332
3430
3333
3431
3334
3432
3335
3433
3336
3434
3337
3435
3338
3436
3339
3437
3340
3438
3341
3439
3342
3440
3343
3441
3344
3442
3345
3443
3346
3444
3347
3445
3348
3446
3349
3447
3350
3448
3351
3449
3352
3450
3353
3451
3354
3452
3355
3453
3356
3454
3357
3455
3358
3456
3359
3457
3360
3458
3361
3459
3362
3460
3363
3461
3364
3462
3365
3463
3464
3367
3465
3368
3466
3369
3467
3370
3468
3371
3469
3372
3470
3373
3471
3374
3472
3375
3473
3376
3474
3377
3475
3378
3476
3379
3477
3380
3478
3381
3479
3382
3480
3383
3481
3384
3482
3385
3483
3386
3484
3387
3485
3388
3486
3389
3487
3390
3488
3391
3489
3392
3490
3393
3491
3394
3492
3395
3493
3396
3494
3397
3495
3398
3496
3399
3497
3400
3498
3401
3499
3402
3500
3403
3501
3404
3502
3405
3503
3406
3504
3407
3505
3408
3506
3409
3507
3410
3508
3411
3509
3412
3510
3413
3511
3414
3512
3415
3513
3416
3514
3417
3515
3418
3516
3419
3517
3420
3518
3421
3519
3422
3520
3423
3521
3424
3522
3425
3523
3426
3524
3427
3525
3428
3526
3429
3527
3430
3528
3431
3529
3432
3530
3433
3531
3434
3532
3435
3533
3436
3534
3437
3535
3438
3536
3439
3537
3440
3538
3441
3539
3442
3540
3443
3541
3444
3542
3445
3543
3446
3544
3447
3545
3448
3546
3449
3547
3450
3548
3451
3549
3452
3550
3453
3551
3454
3552
3455
3553
3456
3554
3457
3555
3458
3556
3459
3557
3460
3558
3461
3559
3462
3560
3463
3561
3464
3562
3563
3466
3564
3467
3565
3468
3566
3469
3567
3470
3568
3471
3569
3472
3570
3473
3571
3474
3572
3475
3573
3476
3574
3477
3575
3478
3576
3479
3577
3480
3578
3481
3579
3482
3580
3483
3581
3484
3582
3485
3583
3486
3584
3487
3585
3488
3586
3489
3587
3490
3588
3491
3589
3492
3590
3493
3591
3494
3592
3495
3593
3496
3594
3497
3595
3498
3596
3499
3597
3500
3598
3501
3599
3502
3600
3503
3601
3504
3602
3505
3603
3506
3604
3507
3605
3508
3606
3509
3607
3510
3608
3511
3609
3512
3610
3513
3611
3514
3612
3515
3613
3516
3614
3517
3615
3518
3616
3519
3617
3520
3618
3521
3619
3522
3620
3523
3621
3524
3622
3525
3623
3526
3624
3527
3625
3528
3626
3529
3627
3530
3628
3531
3629
3532
3630
3533
3631
3534
3632
3535
3633
3536
3634
3537
3635
3538
3636
3539
3637
3540
3638
3541
3639
3542
3640
3543
3641
3544
3642
3545
3643
3546
3644
3547
3645
3548
3646
3549
3647
3550
3648
3551
3649
3552
3650
3553
3651
3554
3652
3555
3653
3556
3654
3557
3655
3558
3656
3559
3657
3560
3658
3561
3659
3562
3660
3563
3661
3662
3565
3663
3566
3664
3567
3665
3568
3666
3569
3667
3570
3668
3571
3669
3572
3670
3573
3671
3574
3672
3575
3673
3576
3674
3577
3675
3578
3676
3579
3677
3580
3678
3581
3679
3582
3680
3583
3681
3584
3682
3585
3683
3586
3684
3587
3685
3588
3686
3589
3687
3590
3688
3591
3689
3592
3690
3593
3691
3594
3692
3595
3693
3596
3694
3597
3695
3598
3696
3599
3697
3600
3698
3601
3699
3602
3700
3603
3701
3604
3702
3605
3703
3606
3704
3607
3705
3608
3706
3609
3707
3610
3708
3611
3709
3612
3710
3613
3711
3614
3712
3615
3713
3616
3714
3617
3715
3618
3716
3619
3717
3620
3718
3621
3719
3622
3720
3623
3721
3624
3722
3625
3723
3626
3724
3627
3725
3628
3726
3629
3727
3630
3728
3631
3729
3632
3730
3633
3731
3634
3732
3635
3733
3636
3734
3637
3735
3638
3736
3639
3737
3640
3738
3641
3739
3642
3740
3643
3741
3644
3742
3645
3743
3646
3744
3647
3745
3648
3746
3649
3747
3650
3748
3651
3749
3652
3750
3653
3751
3654
3752
3655
3753
3656
3754
3657
3755
3658
3756
3659
3757
3660
3758
3661
3759
3662
3760
3761
3664
3762
3665
3763
3666
3764
3667
3765
3668
3766
3669
3767
3670
3768
3671
3769
3672
3770
3673
3771
3674
3772
3675
3773
3676
3774
3677
3775
3678
3776
3679
3777
3680
3778
3681
3779
3682
3780
3683
3781
3684
3782
3685
3783
3686
3784
3687
3785
3688
3786
3689
3787
3690
3788
3691
3789
3692
3790
3693
3791
3694
3792
3695
3793
3696
3794
3697
3795
3698
3796
3699
3797
3700
3798
3701
3799
3702
3800
3703
3801
3704
3802
3705
3803
3706
3804
3707
3805
3708
3806
3709
3807
3710
3808
3711
3809
3712
3810
3713
3811
3714
3812
3715
3813
3716
3814
3717
3815
3718
3816
3719
3817
3720
3818
3721
3819
3722
3820
3723
3821
3724
3822
3725
3823
3726
3824
3727
3825
3728
3826
3729
3827
3730
3828
3731
3829
3732
3830
3733
3831
3734
3832
3735
3833
3736
3834
3737
3835
3738
3836
3739
3837
3740
3838
3741
3839
3742
3840
3743
3841
3744
3842
3745
3843
3746
3844
3747
3845
3748
3846
3749
3847
3750
3848
3751
3849
3752
3850
3753
3851
3754
3852
3755
3853
3756
3854
3757
3855
3758
3856
3759
3857
3760
3858
3761
3859
3860
3763
32274
3764
32363
3765
32452
3766
32541
3767
32630
3768
32719
3769
32808
3770
32897
3771
32986
3772
33075
3773
33164
3774
33253
3775
33342
3776
33431
3777
33520
3778
33609
3779
33698
3780
33787
3781
33876
3782
33965
3783
34054
3784
34143
3785
34232
3786
34321
3787
34410
3788
34499
3789
34588
3790
34677
3791
34766
3792
34855
3793
34944
3794
35033
3795
35122
3796
35211
3797
35300
3798
35389
3799
35478
3800
35567
3801
35656
3802
35745
3803
35834
3804
35923
3805
36012
3806
36101
3807
36190
3808
36279
3809
36368
3810
36457
3811
36546
3812
36635
3813
36724
3814
36813
3815
36902
3816
36991
3817
37080
3818
37169
3819
37258
3820
37347
3821
37436
3822
37525
3823
37614
3824
37703
3825
37792
3826
37881
3827
37970
3828
38059
3829
38148
3830
38237
3831
38326
3832
38415
3833
38504
3834
38593
3835
38682
3836
38771
3837
38860
3838
38949
3839
39038
3840
39127
3841
39216
3842
39305
3843
39394
3844
39483
3845
39572
3846
39661
3847
39750
3848
39839
3849
39928
3850
40017
3851
40106
3852
40195
3853
40284
3854
40373
3855
40462
3856
40551
3857
40640
3858
40729
3859
40818
3860
40907
40996
3862
3950
3863
3951
3864
3952
3865
3953
3866
3954
3867
3955
3868
3956
3869
3957
3870
3958
3871
3959
3872
3960
3873
3961
3874
3962
3875
3963
3876
3964
3877
3965
3878
3966
3879
3967
3880
3968
3881
3969
3882
3970
3883
3971
3884
3972
3885
3973
3886
3974
3887
3975
3888
3976
3889
3977
3890
3978
3891
3979
3892
3980
3893
3981
3894
3982
3895
3983
3896
3984
3897
3985
3898
3986
3899
3987
3900
3988
3901
3989
3902
3990
3903
3991
3904
3992
3905
3993
3906
3994
3907
3995
3908
3996
3909
3997
3910
3998
3911
3999
3912
4000
3913
4001
3914
4002
3915
4003
3916
4004
3917
4005
3918
4006
3919
4007
3920
4008
3921
4009
3922
4010
3923
4011
3924
4012
3925
4013
3926
4014
3927
4015
3928
4016
3929
4017
3930
4018
3931
4019
3932
4020
3933
4021
3934
4022
3935
4023
3936
4024
3937
4025
3938
4026
3939
4027
3940
4028
3941
4029
3942
4030
3943
4031
3944
4032
3945
4033
3946
4034
3947
4035
3948
4036
3949
4037
4038
22374
3951
4039
3952
4040
3953
4041
3954
4042
3955
4043
3956
4044
3957
4045
3958
4046
3959
4047
3960
4048
3961
4049
3962
4050
3963
4051
3964
4052
3965
4053
3966
4054
3967
4055
3968
4056
3969
4057
3970
4058
3971
4059
3972
4060
3973
4061
3974
4062
3975
4063
3976
4064
3977
4065
3978
4066
3979
4067
3980
4068
3981
4069
3982
4070
3983
4071
3984
4072
3985
4073
3986
4074
3987
4075
3988
4076
3989
4077
3990
4078
3991
4079
3992
4080
3993
4081
3994
4082
3995
4083
3996
4084
3997
4085
3998
4086
3999
4087
4000
4088
4001
4089
4002
4090
4003
4091
4004
4092
4005
4093
4006
4094
4007
4095
4008
4096
4009
4097
4010
4098
4011
4099
4012
4100
4013
4101
4014
4102
4015
4103
4016
4104
4017
4105
4018
4106
4019
4107
4020
4108
4021
4109
4022
4110
4023
4111
4024
4112
4025
4113
4026
4114
4027
4115
4028
4116
4029
4117
4030
4118
4031
4119
4032
4120
4033
4121
4034
4122
4035
4123
4036
4124
4037
4125
4038
4126
4127
22275
4040
4128
4041
4129
4042
4130
4043
4131
4044
4132
4045
4133
4046
4134
4047
4135
4048
4136
4049
4137
4050
4138
4051
4139
4052
4140
4053
4141
4054
4142
4055
4143
4056
4144
4057
4145
4058
4146
4059
4147
4060
4148
4061
4149
4062
4150
4063
4151
4064
4152
4065
4153
4066
4154
4067
4155
4068
4156
4069
4157
4070
4158
4071
4159
4072
4160
4073
4161
4074
4162
4075
4163
4076
4164
4077
4165
4078
4166
4079
4167
4080
4168
4081
4169
4082
4170
4083
4171
4084
4172
4085
4173
4086
4174
4087
4175
4088
4176
4089
4177
4090
4178
4091
4179
4092
4180
4093
4181
4094
4182
4095
4183
4096
4184
4097
4185
4098
4186
4099
4187
4100
4188
4101
4189
4102
4190
4103
4191
4104
4192
4105
4193
4106
4194
4107
4195
4108
4196
4109
4197
4110
4198
4111
4199
4112
4200
4113
4201
4114
4202
4115
4203
4116
4204
4117
4205
4118
4206
4119
4207
4120
4208
4121
4209
4122
4210
4123
4211
4124
4212
4125
4213
4126
4214
4127
4215
4216
22176
4129
4217
4130
4218
4131
4219
4132
4220
4133
4221
4134
4222
4135
4223
4136
4224
4137
4225
4138
4226
4139
4227
4140
4228
4141
4229
4142
4230
4143
4231
4144
4232
4145
4233
4146
4234
4147
4235
4148
4236
4149
4237
4150
4238
4151
4239
4152
4240
4153
4241
4154
4242
4155
4243
4156
4244
4157
4245
4158
4246
4159
4247
4160
4248
4161
4249
4162
4250
4163
4251
4164
4252
4165
4253
4166
4254
4167
4255
4168
4256
4169
4257
4170
4258
4171
4259
4172
4260
4173
4261
4174
4262
4175
4263
4176
4264
4177
4265
4178
4266
4179
4267
4180
4268
4181
4269
4182
4270
4183
4271
4184
4272
4185
4273
4186
4274
4187
4275
4188
4276
4189
4277
4190
4278
4191
4279
4192
4280
4193
4281
4194
4282
4195
4283
4196
4284
4197
4285
4198
4286
4199
4287
4200
4288
4201
4289
4202
4290
4203
4291
4204
4292
4205
4293
4206
4294
4207
4295
4208
4296
4209
4297
4210
4298
4211
4299
4212
4300
4213
4301
4214
4302
4215
4303
4216
4304
4305
22077
4218
4306
4219
4307
4220
4308
4221
4309
4222
4310
4223
4311
4224
4312
4225
4313
4226
4314
4227
4315
4228
4316
4229
4317
4230
4318
4231
4319
4232
4320
4233
4321
4234
4322
4235
4323
4236
4324
4237
4325
4238
4326
4239
4327
4240
4328
4241
4329
4242
4330
4243
4331
4244
4332
4245
4333
4246
4334
4247
4335
4248
4336
4249
4337
4250
4338
4251
4339
4252
4340
4253
4341
4254
4342
4255
4343
4256
4344
4257
4345
4258
4346
4259
4347
4260
4348
4261
4349
4262
4350
4263
4351
4264
4352
4265
4353
4266
4354
4267
4355
4268
4356
4269
4357
4270
4358
4271
4359
4272
4360
4273
4361
4274
4362
4275
4363
4276
4364
4277
4365
4278
4366
4279
4367
4280
4368
4281
4369
4282
4370
4283
4371
4284
4372
4285
4373
4286
4374
4287
4375
4288
4376
4289
4377
4290
4378
4291
4379
4292
4380
4293
4381
4294
4382
4295
4383
4296
4384
4297
4385
4298
4386
4299
4387
4300
4388
4301
4389
4302
4390
4303
4391
4304
4392
4305
4393
4394
21978
4307
4395
4308
4396
4309
4397
4310
4398
4311
4399
4312
4400
4313
4401
4314
4402
4315
4403
4316
4404
4317
4405
4318
4406
4319
4407
4320
4408
4321
4409
4322
4410
4323
4411
4324
4412
4325
4413
4326
4414
4327
4415
4328
4416
4329
4417
4330
4418
4331
4419
4332
4420
4333
4421
4334
4422
4335
4423
4336
4424
4337
4425
4338
4426
4339
4427
4340
4428
4341
4429
4342
4430
4343
4431
4344
4432
4345
4433
4346
4434
4347
4435
4348
4436
4349
4437
4350
4438
4351
4439
4352
4440
4353
4441
4354
4442
4355
4443
4356
4444
4357
4445
4358
4446
4359
4447
4360
4448
4361
4449
4362
4450
4363
4451
4364
4452
4365
4453
4366
4454
4367
4455
4368
4456
4369
4457
4370
4458
4371
4459
4372
4460
4373
4461
4374
4462
4375
4463
4376
4464
4377
4465
4378
4466
4379
4467
4380
4468
4381
4469
4382
4470
4383
4471
4384
4472
4385
4473
4386
4474
4387
4475
4388
4476
4389
4477
4390
4478
4391
4479
4392
4480
4393
4481
4394
4482
4483
21879
4396
4484
4397
4485
4398
4486
4399
4487
4400
4488
4401
4489
4402
4490
4403
4491
4404
4492
4405
4493
4406
4494
4407
4495
4408
4496
4409
4497
4410
4498
4411
4499
4412
4500
4413
4501
4414
4502
4415
4503
4416
4504
4417
4505
4418
4506
4419
4507
4420
4508
4421
4509
4422
4510
4423
4511
4424
4512
4425
4513
4426
4514
4427
4515
4428
4516
4429
4517
4430
4518
4431
4519
4432
4520
4433
4521
4434
4522
4435
4523
4436
4524
4437
4525
4438
4526
4439
4527
4440
4528
4441
4529
4442
4530
4443
4531
4444
4532
4445
4533
4446
4534
4447
4535
4448
4536
4449
4537
4450
4538
4451
4539
4452
4540
4453
4541
4454
4542
4455
4543
4456
4544
4457
4545
4458
4546
4459
4547
4460
4548
4461
4549
4462
4550
4463
4551
4464
4552
4465
4553
4466
4554
4467
4555
4468
4556
4469
4557
4470
4558
4471
4559
4472
4560
4473
4561
4474
4562
4475
4563
4476
4564
4477
4565
4478
4566
4479
4567
4480
4568
4481
4569
4482
4570
4483
4571
4572
21780
4485
4573
4486
4574
4487
4575
4488
4576
4489
4577
4490
4578
4491
4579
4492
4580
4493
4581
4494
4582
4495
4583
4496
4584
4497
4585
4498
4586
4499
4587
4500
4588
4501
4589
4502
4590
4503
4591
4504
4592
4505
4593
4506
4594
4507
4595
4508
4596
4509
4597
4510
4598
4511
4599
4512
4600
4513
4601
4514
4602
4515
4603
4516
4604
4517
4605
4518
4606
4519
4607
4520
4608
4521
4609
4522
4610
4523
4611
4524
4612
4525
4613
4526
4614
4527
4615
4528
4616
4529
4617
4530
4618
4531
4619
4532
4620
4533
4621
4534
4622
4535
4623
4536
4624
4537
4625
4538
4626
4539
4627
4540
4628
4541
4629
4542
4630
4543
4631
4544
4632
4545
4633
4546
4634
4547
4635
4548
4636
4549
4637
4550
4638
4551
4639
4552
4640
4553
4641
4554
4642
4555
4643
4556
4644
4557
4645
4558
4646
4559
4647
4560
4648
4561
4649
4562
4650
4563
4651
4564
4652
4565
4653
4566
4654
4567
4655
4568
4656
4569
4657
4570
4658
4571
4659
4572
4660
4661
21681
4574
4662
4575
4663
4576
4664
4577
4665
4578
4666
4579
4667
4580
4668
4581
4669
4582
4670
4583
4671
4584
4672
4585
4673
4586
4674
4587
4675
4588
4676
4589
4677
4590
4678
4591
4679
4592
4680
4593
4681
4594
4682
4595
4683
4596
4684
4597
4685
4598
4686
4599
4687
4600
4688
4601
4689
4602
4690
4603
4691
4604
4692
4605
4693
4606
4694
4607
4695
4608
4696
4609
4697
4610
4698
4611
4699
4612
4700
4613
4701
4614
4702
4615
4703
4616
4704
4617
4705
4618
4706
4619
4707
4620
4708
4621
4709
4622
4710
4623
4711
4624
4712
4625
4713
4626
4714
4627
4715
4628
4716
4629
4717
4630
4718
4631
4719
4632
4720
4633
4721
4634
4722
4635
4723
4636
4724
4637
4725
4638
4726
4639
4727
4640
4728
4641
4729
4642
4730
4643
4731
4644
4732
4645
4733
4646
4734
4647
4735
4648
4736
4649
4737
4650
4738
4651
4739
4652
4740
4653
4741
4654
4742
4655
4743
4656
4744
4657
4745
4658
4746
4659
4747
4660
4748
4661
4749
4750
21582
4663
4751
4664
4752
4665
4753
4666
4754
4667
4755
4668
4756
4669
4757
4670
4758
4671
4759
4672
4760
4673
4761
4674
4762
4675
4763
4676
4764
4677
4765
4678
4766
4679
4767
4680
4768
4681
4769
4682
4770
4683
4771
4684
4772
4685
4773
4686
4774
4687
4775
4688
4776
4689
4777
4690
4778
4691
4779
4692
4780
4693
4781
4694
4782
4695
4783
4696
4784
4697
4785
4698
4786
4699
4787
4700
4788
4701
4789
4702
4790
4703
4791
4704
4792
4705
4793
4706
4794
4707
4795
4708
4796
4709
4797
4710
4798
4711
4799
4712
4800
4713
4801
4714
4802
4715
4803
4716
4804
4717
4805
4718
4806
4719
4807
4720
4808
4721
4809
4722
4810
4723
4811
4724
4812
4725
4813
4726
4814
4727
4815
4728
4816
4729
4817
4730
4818
4731
4819
4732
4820
4733
4821
4734
4822
4735
4823
4736
4824
4737
4825
4738
4826
4739
4827
4740
4828
4741
4829
4742
4830
4743
4831
4744
4832
4745
4833
4746
4834
4747
4835
4748
4836
4749
4837
4750
4838
4839
21483
4752
4840
4753
4841
4754
4842
4755
4843
4756
4844
4757
4845
4758
4846
4759
4847
4760
4848
4761
4849
4762
4850
4763
4851
4764
4852
4765
4853
4766
4854
4767
4855
4768
4856
4769
4857
4770
4858
4771
4859
4772
4860
4773
4861
4774
4862
4775
4863
4776
4864
4777
4865
4778
4866
4779
4867
4780
4868
4781
4869
4782
4870
4783
4871
4784
4872
4785
4873
4786
4874
4787
4875
4788
4876
4789
4877
4790
4878
4791
4879
4792
4880
4793
4881
4794
4882
4795
4883
4796
4884
4797
4885
4798
4886
4799
4887
4800
4888
4801
4889
4802
4890
4803
4891
4804
4892
4805
4893
4806
4894
4807
4895
4808
4896
4809
4897
4810
4898
4811
4899
4812
4900
4813
4901
4814
4902
4815
4903
4816
4904
4817
4905
4818
4906
4819
4907
4820
4908
4821
4909
4822
4910
4823
4911
4824
4912
4825
4913
4826
4914
4827
4915
4828
4916
4829
4917
4830
4918
4831
4919
4832
4920
4833
4921
4834
4922
4835
4923
4836
4924
4837
4925
4838
4926
4839
4927
4928
21384
4841
4929
4842
4930
4843
4931
4844
4932
4845
4933
4846
4934
4847
4935
4848
4936
4849
4937
4850
4938
4851
4939
4852
4940
4853
4941
4854
4942
4855
4943
4856
4944
4857
4945
4858
4946
4859
4947
4860
4948
4861
4949
4862
4950
4863
4951
4864
4952
4865
4953
4866
4954
4867
4955
4868
4956
4869
4957
4870
4958
4871
4959
4872
4960
4873
4961
4874
4962
4875
4963
4876
4964
4877
4965
4878
4966
4879
4967
4880
4968
4881
4969
4882
4970
4883
4971
4884
4972
4885
4973
4886
4974
4887
4975
4888
4976
4889
4977
4890
4978
4891
4979
4892
4980
4893
4981
4894
4982
4895
4983
4896
4984
4897
4985
4898
4986
4899
4987
4900
4988
4901
4989
4902
4990
4903
4991
4904
4992
4905
4993
4906
4994
4907
4995
4908
4996
4909
4997
4910
4998
4911
4999
4912
5000
4913
5001
4914
5002
4915
5003
4916
5004
4917
5005
4918
5006
4919
5007
4920
5008
4921
5009
4922
5010
4923
5011
4924
5012
4925
5013
4926
5014
4927
5015
4928
5016
5017
21285
4930
5018
4931
5019
4932
5020
4933
5021
4934
5022
4935
5023
4936
5024
4937
5025
4938
5026
4939
5027
4940
5028
4941
5029
4942
5030
4943
5031
4944
5032
4945
5033
4946
5034
4947
5035
4948
5036
4949
5037
4950
5038
4951
5039
4952
5040
4953
5041
4954
5042
4955
5043
4956
5044
4957
5045
4958
5046
4959
5047
4960
5048
4961
5049
4962
5050
4963
5051
4964
5052
4965
5053
4966
5054
4967
5055
4968
5056
4969
5057
4970
5058
4971
5059
4972
5060
4973
5061
4974
5062
4975
5063
4976
5064
4977
5065
4978
5066
4979
5067
4980
5068
4981
5069
4982
5070
4983
5071
4984
5072
4985
5073
4986
5074
4987
5075
4988
5076
4989
5077
4990
5078
4991
5079
4992
5080
4993
5081
4994
5082
4995
5083
4996
5084
4997
5085
4998
5086
4999
5087
5000
5088
5001
5089
5002
5090
5003
5091
5004
5092
5005
5093
5006
5094
5007
5095
5008
5096
5009
5097
5010
5098
5011
5099
5012
5100
5013
5101
5014
5102
5015
5103
5016
5104
5017
5105
5106
21186
5019
5107
5020
5108
5021
5109
5022
5110
5023
5111
5024
5112
5025
5113
5026
5114
5027
5115
5028
5116
5029
5117
5030
5118
5031
5119
5032
5120
5033
5121
5034
5122
5035
5123
5036
5124
5037
5125
5038
5126
5039
5127
5040
5128
5041
5129
5042
5130
5043
5131
5044
5132
5045
5133
5046
5134
5047
5135
5048
5136
5049
5137
5050
5138
5051
5139
5052
5140
5053
5141
5054
5142
5055
5143
5056
5144
5057
5145
5058
5146
5059
5147
5060
5148
5061
5149
5062
5150
5063
5151
5064
5152
5065
5153
5066
5154
5067
5155
5068
5156
5069
5157
5070
5158
5071
5159
5072
5160
5073
5161
5074
5162
5075
5163
5076
5164
5077
5165
5078
5166
5079
5167
5080
5168
5081
5169
5082
5170
5083
5171
5084
5172
5085
5173
5086
5174
5087
5175
5088
5176
5089
5177
5090
5178
5091
5179
5092
5180
5093
5181
5094
5182
5095
5183
5096
5184
5097
5185
5098
5186
5099
5187
5100
5188
5101
5189
5102
5190
5103
5191
5104
5192
5105
5193
5106
5194
5195
21087
5108
5196
5109
5197
5110
5198
5111
5199
5112
5200
5113
5201
5114
5202
5115
5203
5116
5204
5117
5205
5118
5206
5119
5207
5120
5208
5121
5209
5122
5210
5123
5211
5124
5212
5125
5213
5126
5214
5127
5215
5128
5216
5129
5217
5130
5218
5131
5219
5132
5220
5133
5221
5134
5222
5135
5223
5136
5224
5137
5225
5138
5226
5139
5227
5140
5228
5141
5229
5142
5230
5143
5231
5144
5232
5145
5233
5146
5234
5147
5235
5148
5236
5149
5237
5150
5238
5151
5239
5152
5240
5153
5241
5154
5242
5155
5243
5156
5244
5157
5245
5158
5246
5159
5247
5160
5248
5161
5249
5162
5250
5163
5251
5164
5252
5165
5253
5166
5254
5167
5255
5168
5256
5169
5257
5170
5258
5171
5259
5172
5260
5173
5261
5174
5262
5175
5263
5176
5264
5177
5265
5178
5266
5179
5267
5180
5268
5181
5269
5182
5270
5183
5271
5184
5272
5185
5273
5186
5274
5187
5275
5188
5276
5189
5277
5190
5278
5191
5279
5192
5280
5193
5281
5194
5282
5195
5283
5284
20988
5197
5285
5198
5286
5199
5287
5200
5288
5201
5289
5202
5290
5203
5291
5204
5292
5205
5293
5206
5294
5207
5295
5208
5296
5209
5297
5210
5298
5211
5299
5212
5300
5213
5301
5214
5302
5215
5303
5216
5304
5217
5305
5218
5306
5219
5307
5220
5308
5221
5309
5222
5310
5223
5311
5224
5312
5225
5313
5226
5314
5227
5315
5228
5316
5229
5317
5230
5318
5231
5319
5232
5320
5233
5321
5234
5322
5235
5323
5236
5324
5237
5325
5238
5326
5239
5327
5240
5328
5241
5329
5242
5330
5243
5331
5244
5332
5245
5333
5246
5334
5247
5335
5248
5336
5249
5337
5250
5338
5251
5339
5252
5340
5253
5341
5254
5342
5255
5343
5256
5344
5257
5345
5258
5346
5259
5347
5260
5348
5261
5349
5262
5350
5263
5351
5264
5352
5265
5353
5266
5354
5267
5355
5268
5356
5269
5357
5270
5358
5271
5359
5272
5360
5273
5361
5274
5362
5275
5363
5276
5364
5277
5365
5278
5366
5279
5367
5280
5368
5281
5369
5282
5370
5283
5371
5284
5372
5373
20889
5286
5374
5287
5375
5288
5376
5289
5377
5290
5378
5291
5379
5292
5380
5293
5381
5294
5382
5295
5383
5296
5384
5297
5385
5298
5386
5299
5387
5300
5388
5301
5389
5302
5390
5303
5391
5304
5392
5305
5393
5306
5394
5307
5395
5308
5396
5309
5397
5310
5398
5311
5399
5312
5400
5313
5401
5314
5402
5315
5403
5316
5404
5317
5405
5318
5406
5319
5407
5320
5408
5321
5409
5322
5410
5323
5411
5324
5412
5325
5413
5326
5414
5327
5415
5328
5416
5329
5417
5330
5418
5331
5419
5332
5420
5333
5421
5334
5422
5335
5423
5336
5424
5337
5425
5338
5426
5339
5427
5340
5428
5341
5429
5342
5430
5343
5431
5344
5432
5345
5433
5346
5434
5347
5435
5348
5436
5349
5437
5350
5438
5351
5439
5352
5440
5353
5441
5354
5442
5355
5443
5356
5444
5357
5445
5358
5446
5359
5447
5360
5448
5361
5449
5362
5450
5363
5451
5364
5452
5365
5453
5366
5454
5367
5455
5368
5456
5369
5457
5370
5458
5371
5459
5372
5460
5373
5461
5462
20790
5375
5463
5376
5464
5377
5465
5378
5466
5379
5467
5380
5468
5381
5469
5382
5470
5383
5471
5384
5472
5385
5473
5386
5474
5387
5475
5388
5476
5389
5477
5390
5478
5391
5479
5392
5480
5393
5481
5394
5482
5395
5483
5396
5484
5397
5485
5398
5486
5399
5487
5400
5488
5401
5489
5402
5490
5403
5491
5404
5492
5405
5493
5406
5494
5407
5495
5408
5496
5409
5497
5410
5498
5411
5499
5412
5500
5413
5501
5414
5502
5415
5503
5416
5504
5417
5505
5418
5506
5419
5507
5420
5508
5421
5509
5422
5510
5423
5511
5424
5512
5425
5513
5426
5514
5427
5515
5428
5516
5429
5517
5430
5518
5431
5519
5432
5520
5433
5521
5434
5522
5435
5523
5436
5524
5437
5525
5438
5526
5439
5527
5440
5528
5441
5529
5442
5530
5443
5531
5444
5532
5445
5533
5446
5534
5447
5535
5448
5536
5449
5537
5450
5538
5451
5539
5452
5540
5453
5541
5454
5542
5455
5543
5456
5544
5457
5545
5458
5546
5459
5547
5460
5548
5461
5549
5462
5550
5551
20691
5464
5552
5465
5553
5466
5554
5467
5555
5468
5556
5469
5557
5470
5558
5471
5559
5472
5560
5473
5561
5474
5562
5475
5563
5476
5564
5477
5565
5478
5566
5479
5567
5480
5568
5481
5569
5482
5570
5483
5571
5484
5572
5485
5573
5486
5574
5487
5575
5488
5576
5489
5577
5490
5578
5491
5579
5492
5580
5493
5581
5494
5582
5495
5583
5496
5584
5497
5585
5498
5586
5499
5587
5500
5588
5501
5589
5502
5590
5503
5591
5504
5592
5505
5593
5506
5594
5507
5595
5508
5596
5509
5597
5510
5598
5511
5599
5512
5600
5513
5601
5514
5602
5515
5603
5516
5604
5517
5605
5518
5606
5519
5607
5520
5608
5521
5609
5522
5610
5523
5611
5524
5612
5525
5613
5526
5614
5527
5615
5528
5616
5529
5617
5530
5618
5531
5619
5532
5620
5533
5621
5534
5622
5535
5623
5536
5624
5537
5625
5538
5626
5539
5627
5540
5628
5541
5629
5542
5630
5543
5631
5544
5632
5545
5633
5546
5634
5547
5635
5548
5636
5549
5637
5550
5638
5551
5639
5640
20592
5553
5641
5554
5642
5555
5643
5556
5644
5557
5645
5558
5646
5559
5647
5560
5648
5561
5649
5562
5650
5563
5651
5564
5652
5565
5653
5566
5654
5567
5655
5568
5656
5569
5657
5570
5658
5571
5659
5572
5660
5573
5661
5574
5662
5575
5663
5576
5664
5577
5665
5578
5666
5579
5667
5580
5668
5581
5669
5582
5670
5583
5671
5584
5672
5585
5673
5586
5674
5587
5675
5588
5676
5589
5677
5590
5678
5591
5679
5592
5680
5593
5681
5594
5682
5595
5683
5596
5684
5597
5685
5598
5686
5599
5687
5600
5688
5601
5689
5602
5690
5603
5691
5604
5692
5605
5693
5606
5694
5607
5695
5608
5696
5609
5697
5610
5698
5611
5699
5612
5700
5613
5701
5614
5702
5615
5703
5616
5704
5617
5705
5618
5706
5619
5707
5620
5708
5621
5709
5622
5710
5623
5711
5624
5712
5625
5713
5626
5714
5627
5715
5628
5716
5629
5717
5630
5718
5631
5719
5632
5720
5633
5721
5634
5722
5635
5723
5636
5724
5637
5725
5638
5726
5639
5727
5640
5728
5729
20493
5642
5730
5643
5731
5644
5732
5645
5733
5646
5734
5647
5735
5648
5736
5649
5737
5650
5738
5651
5739
5652
5740
5653
5741
5654
5742
5655
5743
5656
5744
5657
5745
5658
5746
5659
5747
5660
5748
5661
5749
5662
5750
5663
5751
5664
5752
5665
5753
5666
5754
5667
5755
5668
5756
5669
5757
5670
5758
5671
5759
5672
5760
5673
5761
5674
5762
5675
5763
5676
5764
5677
5765
5678
5766
5679
5767
5680
5768
5681
5769
5682
5770
5683
5771
5684
5772
5685
5773
5686
5774
5687
5775
5688
5776
5689
5777
5690
5778
5691
5779
5692
5780
5693
5781
5694
5782
5695
5783
5696
5784
5697
5785
5698
5786
5699
5787
5700
5788
5701
5789
5702
5790
5703
5791
5704
5792
5705
5793
5706
5794
5707
5795
5708
5796
5709
5797
5710
5798
5711
5799
5712
5800
5713
5801
5714
5802
5715
5803
5716
5804
5717
5805
5718
5806
5719
5807
5720
5808
5721
5809
5722
5810
5723
5811
5724
5812
5725
5813
5726
5814
5727
5815
5728
5816
5729
5817
5818
20394
5731
5819
5732
5820
5733
5821
5734
5822
5735
5823
5736
5824
5737
5825
5738
5826
5739
5827
5740
5828
5741
5829
5742
5830
5743
5831
5744
5832
5745
5833
5746
5834
5747
5835
5748
5836
5749
5837
5750
5838
5751
5839
5752
5840
5753
5841
5754
5842
5755
5843
5756
5844
5757
5845
5758
5846
5759
5847
5760
5848
5761
5849
5762
5850
5763
5851
5764
5852
5765
5853
5766
5854
5767
5855
5768
5856
5769
5857
5770
5858
5771
5859
5772
5860
5773
5861
5774
5862
5775
5863
5776
5864
5777
5865
5778
5866
5779
5867
5780
5868
5781
5869
5782
5870
5783
5871
5784
5872
5785
5873
5786
5874
5787
5875
5788
5876
5789
5877
5790
5878
5791
5879
5792
5880
5793
5881
5794
5882
5795
5883
5796
5884
5797
5885
5798
5886
5799
5887
5800
5888
5801
5889
5802
5890
5803
5891
5804
5892
5805
5893
5806
5894
5807
5895
5808
5896
5809
5897
5810
5898
5811
5899
5812
5900
5813
5901
5814
5902
5815
5903
5816
5904
5817
5905
5818
5906
5907
20295
5820
5908
5821
5909
5822
5910
5823
5911
5824
5912
5825
5913
5826
5914
5827
5915
5828
5916
5829
5917
5830
5918
5831
5919
5832
5920
5833
5921
5834
5922
5835
5923
5836
5924
5837
5925
5838
5926
5839
5927
5840
5928
5841
5929
5842
5930
5843
5931
5844
5932
5845
5933
5846
5934
5847
5935
5848
5936
5849
5937
5850
5938
5851
5939
5852
5940
5853
5941
5854
5942
5855
5943
5856
5944
5857
5945
5858
5946
5859
5947
5860
5948
5861
5949
5862
5950
5863
5951
5864
5952
5865
5953
5866
5954
5867
5955
5868
5956
5869
5957
5870
5958
5871
5959
5872
5960
5873
5961
5874
5962
5875
5963
5876
5964
5877
5965
5878
5966
5879
5967
5880
5968
5881
5969
5882
5970
5883
5971
5884
5972
5885
5973
5886
5974
5887
5975
5888
5976
5889
5977
5890
5978
5891
5979
5892
5980
5893
5981
5894
5982
5895
5983
5896
5984
5897
5985
5898
5986
5899
5987
5900
5988
5901
5989
5902
5990
5903
5991
5904
5992
5905
5993
5906
5994
5907
5995
5996
20196
5909
5997
5910
5998
5911
5999
5912
6000
5913
6001
5914
6002
5915
6003
5916
6004
5917
6005
5918
6006
5919
6007
5920
6008
5921
6009
5922
6010
5923
6011
5924
6012
5925
6013
5926
6014
5927
6015
5928
6016
5929
6017
5930
6018
5931
6019
5932
6020
5933
6021
5934
6022
5935
6023
5936
6024
5937
6025
5938
6026
5939
6027
5940
6028
5941
6029
5942
6030
5943
6031
5944
6032
5945
6033
5946
6034
5947
6035
5948
6036
5949
6037
5950
6038
5951
6039
5952
6040
5953
6041
5954
6042
5955
6043
5956
6044
5957
6045
5958
6046
5959
6047
5960
6048
5961
6049
5962
6050
5963
6051
5964
6052
5965
6053
5966
6054
5967
6055
5968
6056
5969
6057
5970
6058
5971
6059
5972
6060
5973
6061
5974
6062
5975
6063
5976
6064
5977
6065
5978
6066
5979
6067
5980
6068
5981
6069
5982
6070
5983
6071
5984
6072
5985
6073
5986
6074
5987
6075
5988
6076
5989
6077
5990
6078
5991
6079
5992
6080
5993
6081
5994
6082
5995
6083
5996
6084
6085
20097
5998
6086
5999
6087
6000
6088
6001
6089
6002
6090
6003
6091
6004
6092
6005
6093
6006
6094
6007
6095
6008
6096
6009
6097
6010
6098
6011
6099
6012
6100
6013
6101
6014
6102
6015
6103
6016
6104
6017
6105
6018
6106
6019
6107
6020
6108
6021
6109
6022
6110
6023
6111
6024
6112
6025
6113
6026
6114
6027
6115
6028
6116
6029
6117
6030
6118
6031
6119
6032
6120
6033
6121
6034
6122
6035
6123
6036
6124
6037
6125
6038
6126
6039
6127
6040
6128
6041
6129
6042
6130
6043
6131
6044
6132
6045
6133
6046
6134
6047
6135
6048
6136
6049
6137
6050
6138
6051
6139
6052
6140
6053
6141
6054
6142
6055
6143
6056
6144
6057
6145
6058
6146
6059
6147
6060
6148
6061
6149
6062
6150
6063
6151
6064
6152
6065
6153
6066
6154
6067
6155
6068
6156
6069
6157
6070
6158
6071
6159
6072
6160
6073
6161
6074
6162
6075
6163
6076
6164
6077
6165
6078
6166
6079
6167
6080
6168
6081
6169
6082
6170
6083
6171
6084
6172
6085
6173
6174
19998
6087
6175
6088
6176
6089
6177
6090
6178
6091
6179
6092
6180
6093
6181
6094
6182
6095
6183
6096
6184
6097
6185
6098
6186
6099
6187
6100
6188
6101
6189
6102
6190
6103
6191
6104
6192
6105
6193
6106
6194
6107
6195
6108
6196
6109
6197
6110
6198
6111
6199
6112
6200
6113
6201
6114
6202
6115
6203
6116
6204
6117
6205
6118
6206
6119
6207
6120
6208
6121
6209
6122
6210
6123
6211
6124
6212
6125
6213
6126
6214
6127
6215
6128
6216
6129
6217
6130
6218
6131
6219
6132
6220
6133
6221
6134
6222
6135
6223
6136
6224
6137
6225
6138
6226
6139
6227
6140
6228
6141
6229
6142
6230
6143
6231
6144
6232
6145
6233
6146
6234
6147
6235
6148
6236
6149
6237
6150
6238
6151
6239
6152
6240
6153
6241
6154
6242
6155
6243
6156
6244
6157
6245
6158
6246
6159
6247
6160
6248
6161
6249
6162
6250
6163
6251
6164
6252
6165
6253
6166
6254
6167
6255
6168
6256
6169
6257
6170
6258
6171
6259
6172
6260
6173
6261
6174
6262
6263
19899
6176
6264
6177
6265
6178
6266
6179
6267
6180
6268
6181
6269
6182
6270
6183
6271
6184
6272
6185
6273
6186
6274
6187
6275
6188
6276
6189
6277
6190
6278
6191
6279
6192
6280
6193
6281
6194
6282
6195
6283
6196
6284
6197
6285
6198
6286
6199
6287
6200
6288
6201
6289
6202
6290
6203
6291
6204
6292
6205
6293
6206
6294
6207
6295
6208
6296
6209
6297
6210
6298
6211
6299
6212
6300
6213
6301
6214
6302
6215
6303
6216
6304
6217
6305
6218
6306
6219
6307
6220
6308
6221
6309
6222
6310
6223
6311
6224
6312
6225
6313
6226
6314
6227
6315
6228
6316
6229
6317
6230
6318
6231
6319
6232
6320
6233
6321
6234
6322
6235
6323
6236
6324
6237
6325
6238
6326
6239
6327
6240
6328
6241
6329
6242
6330
6243
6331
6244
6332
6245
6333
6246
6334
6247
6335
6248
6336
6249
6337
6250
6338
6251
6339
6252
6340
6253
6341
6254
6342
6255
6343
6256
6344
6257
6345
6258
6346
6259
6347
6260
6348
6261
6349
6262
6350
6263
6351
6352
19800
6265
6353
6266
6354
6267
6355
6268
6356
6269
6357
6270
6358
6271
6359
6272
6360
6273
6361
6274
6362
6275
6363
6276
6364
6277
6365
6278
6366
6279
6367
6280
6368
6281
6369
6282
6370
6283
6371
6284
6372
6285
6373
6286
6374
6287
6375
6288
6376
6289
6377
6290
6378
6291
6379
6292
6380
6293
6381
6294
6382
6295
6383
6296
6384
6297
6385
6298
6386
6299
6387
6300
6388
6301
6389
6302
6390
6303
6391
6304
6392
6305
6393
6306
6394
6307
6395
6308
6396
6309
6397
6310
6398
6311
6399
6312
6400
6313
6401
6314
6402
6315
6403
6316
6404
6317
6405
6318
6406
6319
6407
6320
6408
6321
6409
6322
6410
6323
6411
6324
6412
6325
6413
6326
6414
6327
6415
6328
6416
6329
6417
6330
6418
6331
6419
6332
6420
6333
6421
6334
6422
6335
6423
6336
6424
6337
6425
6338
6426
6339
6427
6340
6428
6341
6429
6342
6430
6343
6431
6344
6432
6345
6433
6346
6434
6347
6435
6348
6436
6349
6437
6350
6438
6351
6439
6352
6440
6441
19701
6354
6442
6355
6443
6356
6444
6357
6445
6358
6446
6359
6447
6360
6448
6361
6449
6362
6450
6363
6451
6364
6452
6365
6453
6366
6454
6367
6455
6368
6456
6369
6457
6370
6458
6371
6459
6372
6460
6373
6461
6374
6462
6375
6463
6376
6464
6377
6465
6378
6466
6379
6467
6380
6468
6381
6469
6382
6470
6383
6471
6384
6472
6385
6473
6386
6474
6387
6475
6388
6476
6389
6477
6390
6478
6391
6479
6392
6480
6393
6481
6394
6482
6395
6483
6396
6484
6397
6485
6398
6486
6399
6487
6400
6488
6401
6489
6402
6490
6403
6491
6404
6492
6405
6493
6406
6494
6407
6495
6408
6496
6409
6497
6410
6498
6411
6499
6412
6500
6413
6501
6414
6502
6415
6503
6416
6504
6417
6505
6418
6506
6419
6507
6420
6508
6421
6509
6422
6510
6423
6511
6424
6512
6425
6513
6426
6514
6427
6515
6428
6516
6429
6517
6430
6518
6431
6519
6432
6520
6433
6521
6434
6522
6435
6523
6436
6524
6437
6525
6438
6526
6439
6527
6440
6528
6441
6529
6530
19602
6443
6531
6444
6532
6445
6533
6446
6534
6447
6535
6448
6536
6449
6537
6450
6538
6451
6539
6452
6540
6453
6541
6454
6542
6455
6543
6456
6544
6457
6545
6458
6546
6459
6547
6460
6548
6461
6549
6462
6550
6463
6551
6464
6552
6465
6553
6466
6554
6467
6555
6468
6556
6469
6557
6470
6558
6471
6559
6472
6560
6473
6561
6474
6562
6475
6563
6476
6564
6477
6565
6478
6566
6479
6567
6480
6568
6481
6569
6482
6570
6483
6571
6484
6572
6485
6573
6486
6574
6487
6575
6488
6576
6489
6577
6490
6578
6491
6579
6492
6580
6493
6581
6494
6582
6495
6583
6496
6584
6497
6585
6498
6586
6499
6587
6500
6588
6501
6589
6502
6590
6503
6591
6504
6592
6505
6593
6506
6594
6507
6595
6508
6596
6509
6597
6510
6598
6511
6599
6512
6600
6513
6601
6514
6602
6515
6603
6516
6604
6517
6605
6518
6606
6519
6607
6520
6608
6521
6609
6522
6610
6523
6611
6524
6612
6525
6613
6526
6614
6527
6615
6528
6616
6529
6617
6530
6618
6619
19503
6532
6620
6533
6621
6534
6622
6535
6623
6536
6624
6537
6625
6538
6626
6539
6627
6540
6628
6541
6629
6542
6630
6543
6631
6544
6632
6545
6633
6546
6634
6547
6635
6548
6636
6549
6637
6550
6638
6551
6639
6552
6640
6553
6641
6554
6642
6555
6643
6556
6644
6557
6645
6558
6646
6559
6647
6560
6648
6561
6649
6562
6650
6563
6651
6564
6652
6565
6653
6566
6654
6567
6655
6568
6656
6569
6657
6570
6658
6571
6659
6572
6660
6573
6661
6574
6662
6575
6663
6576
6664
6577
6665
6578
6666
6579
6667
6580
6668
6581
6669
6582
6670
6583
6671
6584
6672
6585
6673
6586
6674
6587
6675
6588
6676
6589
6677
6590
6678
6591
6679
6592
6680
6593
6681
6594
6682
6595
6683
6596
6684
6597
6685
6598
6686
6599
6687
6600
6688
6601
6689
6602
6690
6603
6691
6604
6692
6605
6693
6606
6694
6607
6695
6608
6696
6609
6697
6610
6698
6611
6699
6612
6700
6613
6701
6614
6702
6615
6703
6616
6704
6617
6705
6618
6706
6619
6707
6708
19404
6621
6709
6622
6710
6623
6711
6624
6712
6625
6713
6626
6714
6627
6715
6628
6716
6629
6717
6630
6718
6631
6719
6632
6720
6633
6721
6634
6722
6635
6723
6636
6724
6637
6725
6638
6726
6639
6727
6640
6728
6641
6729
6642
6730
6643
6731
6644
6732
6645
6733
6646
6734
6647
6735
6648
6736
6649
6737
6650
6738
6651
6739
6652
6740
6653
6741
6654
6742
6655
6743
6656
6744
6657
6745
6658
6746
6659
6747
6660
6748
6661
6749
6662
6750
6663
6751
6664
6752
6665
6753
6666
6754
6667
6755
6668
6756
6669
6757
6670
6758
6671
6759
6672
6760
6673
6761
6674
6762
6675
6763
6676
6764
6677
6765
6678
6766
6679
6767
6680
6768
6681
6769
6682
6770
6683
6771
6684
6772
6685
6773
6686
6774
6687
6775
6688
6776
6689
6777
6690
6778
6691
6779
6692
6780
6693
6781
6694
6782
6695
6783
6696
6784
6697
6785
6698
6786
6699
6787
6700
6788
6701
6789
6702
6790
6703
6791
6704
6792
6705
6793
6706
6794
6707
6795
6708
6796
6797
19305
6710
6798
6711
6799
6712
6800
6713
6801
6714
6802
6715
6803
6716
6804
6717
6805
6718
6806
6719
6807
6720
6808
6721
6809
6722
6810
6723
6811
6724
6812
6725
6813
6726
6814
6727
6815
6728
6816
6729
6817
6730
6818
6731
6819
6732
6820
6733
6821
6734
6822
6735
6823
6736
6824
6737
6825
6738
6826
6739
6827
6740
6828
6741
6829
6742
6830
6743
6831
6744
6832
6745
6833
6746
6834
6747
6835
6748
6836
6749
6837
6750
6838
6751
6839
6752
6840
6753
6841
6754
6842
6755
6843
6756
6844
6757
6845
6758
6846
6759
6847
6760
6848
6761
6849
6762
6850
6763
6851
6764
6852
6765
6853
6766
6854
6767
6855
6768
6856
6769
6857
6770
6858
6771
6859
6772
6860
6773
6861
6774
6862
6775
6863
6776
6864
6777
6865
6778
6866
6779
6867
6780
6868
6781
6869
6782
6870
6783
6871
6784
6872
6785
6873
6786
6874
6787
6875
6788
6876
6789
6877
6790
6878
6791
6879
6792
6880
6793
6881
6794
6882
6795
6883
6796
6884
6797
6885
6886
19206
6799
6887
6800
6888
6801
6889
6802
6890
6803
6891
6804
6892
6805
6893
6806
6894
6807
6895
6808
6896
6809
6897
6810
6898
6811
6899
6812
6900
6813
6901
6814
6902
6815
6903
6816
6904
6817
6905
6818
6906
6819
6907
6820
6908
6821
6909
6822
6910
6823
6911
6824
6912
6825
6913
6826
6914
6827
6915
6828
6916
6829
6917
6830
6918
6831
6919
6832
6920
6833
6921
6834
6922
6835
6923
6836
6924
6837
6925
6838
6926
6839
6927
6840
6928
6841
6929
6842
6930
6843
6931
6844
6932
6845
6933
6846
6934
6847
6935
6848
6936
6849
6937
6850
6938
6851
6939
6852
6940
6853
6941
6854
6942
6855
6943
6856
6944
6857
6945
6858
6946
6859
6947
6860
6948
6861
6949
6862
6950
6863
6951
6864
6952
6865
6953
6866
6954
6867
6955
6868
6956
6869
6957
6870
6958
6871
6959
6872
6960
6873
6961
6874
6962
6875
6963
6876
6964
6877
6965
6878
6966
6879
6967
6880
6968
6881
6969
6882
6970
6883
6971
6884
6972
6885
6973
6886
6974
6975
19107
6888
6976
6889
6977
6890
6978
6891
6979
6892
6980
6893
6981
6894
6982
6895
6983
6896
6984
6897
6985
6898
6986
6899
6987
6900
6988
6901
6989
6902
6990
6903
6991
6904
6992
6905
6993
6906
6994
6907
6995
6908
6996
6909
6997
6910
6998
6911
6999
6912
7000
6913
7001
6914
7002
6915
7003
6916
7004
6917
7005
6918
7006
6919
7007
6920
7008
6921
7009
6922
7010
6923
7011
6924
7012
6925
7013
6926
7014
6927
7015
6928
7016
6929
7017
6930
7018
6931
7019
6932
7020
6933
7021
6934
7022
6935
7023
6936
7024
6937
7025
6938
7026
6939
7027
6940
7028
6941
7029
6942
7030
6943
7031
6944
7032
6945
7033
6946
7034
6947
7035
6948
7036
6949
7037
6950
7038
6951
7039
6952
7040
6953
7041
6954
7042
6955
7043
6956
7044
6957
7045
6958
7046
6959
7047
6960
7048
6961
7049
6962
7050
6963
7051
6964
7052
6965
7053
6966
7054
6967
7055
6968
7056
6969
7057
6970
7058
6971
7059
6972
7060
6973
7061
6974
7062
6975
7063
7064
19008
6977
7065
6978
7066
6979
7067
6980
7068
6981
7069
6982
7070
6983
7071
6984
7072
6985
7073
6986
7074
6987
7075
6988
7076
6989
7077
6990
7078
6991
7079
6992
7080
6993
7081
6994
7082
6995
7083
6996
7084
6997
7085
6998
7086
6999
7087
7000
7088
7001
7089
7002
7090
7003
7091
7004
7092
7005
7093
7006
7094
7007
7095
7008
7096
7009
7097
7010
7098
7011
7099
7012
7100
7013
7101
7014
7102
7015
7103
7016
7104
7017
7105
7018
7106
7019
7107
7020
7108
7021
7109
7022
7110
7023
7111
7024
7112
7025
7113
7026
7114
7027
7115
7028
7116
7029
7117
7030
7118
7031
7119
7032
7120
7033
7121
7034
7122
7035
7123
7036
7124
7037
7125
7038
7126
7039
7127
7040
7128
7041
7129
7042
7130
7043
7131
7044
7132
7045
7133
7046
7134
7047
7135
7048
7136
7049
7137
7050
7138
7051
7139
7052
7140
7053
7141
7054
7142
7055
7143
7056
7144
7057
7145
7058
7146
7059
7147
7060
7148
7061
7149
7062
7150
7063
7151
7064
7152
7153
18909
7066
7154
7067
7155
7068
7156
7069
7157
7070
7158
7071
7159
7072
7160
7073
7161
7074
7162
7075
7163
7076
7164
7077
7165
7078
7166
7079
7167
7080
7168
7081
7169
7082
7170
7083
7171
7084
7172
7085
7173
7086
7174
7087
7175
7088
7176
7089
7177
7090
7178
7091
7179
7092
7180
7093
7181
7094
7182
7095
7183
7096
7184
7097
7185
7098
7186
7099
7187
7100
7188
7101
7189
7102
7190
7103
7191
7104
7192
7105
7193
7106
7194
7107
7195
7108
7196
7109
7197
7110
7198
7111
7199
7112
7200
7113
7201
7114
7202
7115
7203
7116
7204
7117
7205
7118
7206
7119
7207
7120
7208
7121
7209
7122
7210
7123
7211
7124
7212
7125
7213
7126
7214
7127
7215
7128
7216
7129
7217
7130
7218
7131
7219
7132
7220
7133
7221
7134
7222
7135
7223
7136
7224
7137
7225
7138
7226
7139
7227
7140
7228
7141
7229
7142
7230
7143
7231
7144
7232
7145
7233
7146
7234
7147
7235
7148
7236
7149
7237
7150
7238
7151
7239
7152
7240
7153
7241
7242
18810
7155
7243
7156
7244
7157
7245
7158
7246
7159
7247
7160
7248
7161
7249
7162
7250
7163
7251
7164
7252
7165
7253
7166
7254
7167
7255
7168
7256
7169
7257
7170
7258
7171
7259
7172
7260
7173
7261
7174
7262
7175
7263
7176
7264
7177
7265
7178
7266
7179
7267
7180
7268
7181
7269
7182
7270
7183
7271
7184
7272
7185
7273
7186
7274
7187
7275
7188
7276
7189
7277
7190
7278
7191
7279
7192
7280
7193
7281
7194
7282
7195
7283
7196
7284
7197
7285
7198
7286
7199
7287
7200
7288
7201
7289
7202
7290
7203
7291
7204
7292
7205
7293
7206
7294
7207
7295
7208
7296
7209
7297
7210
7298
7211
7299
7212
7300
7213
7301
7214
7302
7215
7303
7216
7304
7217
7305
7218
7306
7219
7307
7220
7308
7221
7309
7222
7310
7223
7311
7224
7312
7225
7313
7226
7314
7227
7315
7228
7316
7229
7317
7230
7318
7231
7319
7232
7320
7233
7321
7234
7322
7235
7323
7236
7324
7237
7325
7238
7326
7239
7327
7240
7328
7241
7329
7242
7330
7331
18711
7244
7332
7245
7333
7246
7334
7247
7335
7248
7336
7249
7337
7250
7338
7251
7339
7252
7340
7253
7341
7254
7342
7255
7343
7256
7344
7257
7345
7258
7346
7259
7347
7260
7348
7261
7349
7262
7350
7263
7351
7264
7352
7265
7353
7266
7354
7267
7355
7268
7356
7269
7357
7270
7358
7271
7359
7272
7360
7273
7361
7274
7362
7275
7363
7276
7364
7277
7365
7278
7366
7279
7367
7280
7368
7281
7369
7282
7370
7283
7371
7284
7372
7285
7373
7286
7374
7287
7375
7288
7376
7289
7377
7290
7378
7291
7379
7292
7380
7293
7381
7294
7382
7295
7383
7296
7384
7297
7385
7298
7386
7299
7387
7300
7388
7301
7389
7302
7390
7303
7391
7304
7392
7305
7393
7306
7394
7307
7395
7308
7396
7309
7397
7310
7398
7311
7399
7312
7400
7313
7401
7314
7402
7315
7403
7316
7404
7317
7405
7318
7406
7319
7407
7320
7408
7321
7409
7322
7410
7323
7411
7324
7412
7325
7413
7326
7414
7327
7415
7328
7416
7329
7417
7330
7418
7331
7419
7420
18612
7333
7421
7334
7422
7335
7423
7336
7424
7337
7425
7338
7426
7339
7427
7340
7428
7341
7429
7342
7430
7343
7431
7344
7432
7345
7433
7346
7434
7347
7435
7348
7436
7349
7437
7350
7438
7351
7439
7352
7440
7353
7441
7354
7442
7355
7443
7356
7444
7357
7445
7358
7446
7359
7447
7360
7448
7361
7449
7362
7450
7363
7451
7364
7452
7365
7453
7366
7454
7367
7455
7368
7456
7369
7457
7370
7458
7371
7459
7372
7460
7373
7461
7374
7462
7375
7463
7376
7464
7377
7465
7378
7466
7379
7467
7380
7468
7381
7469
7382
7470
7383
7471
7384
7472
7385
7473
7386
7474
7387
7475
7388
7476
7389
7477
7390
7478
7391
7479
7392
7480
7393
7481
7394
7482
7395
7483
7396
7484
7397
7485
7398
7486
7399
7487
7400
7488
7401
7489
7402
7490
7403
7491
7404
7492
7405
7493
7406
7494
7407
7495
7408
7496
7409
7497
7410
7498
7411
7499
7412
7500
7413
7501
7414
7502
7415
7503
7416
7504
7417
7505
7418
7506
7419
7507
7420
7508
7509
18513
7422
7510
7423
7511
7424
7512
7425
7513
7426
7514
7427
7515
7428
7516
7429
7517
7430
7518
7431
7519
7432
7520
7433
7521
7434
7522
7435
7523
7436
7524
7437
7525
7438
7526
7439
7527
7440
7528
7441
7529
7442
7530
7443
7531
7444
7532
7445
7533
7446
7534
7447
7535
7448
7536
7449
7537
7450
7538
7451
7539
7452
7540
7453
7541
7454
7542
7455
7543
7456
7544
7457
7545
7458
7546
7459
7547
7460
7548
7461
7549
7462
7550
7463
7551
7464
7552
7465
7553
7466
7554
7467
7555
7468
7556
7469
7557
7470
7558
7471
7559
7472
7560
7473
7561
7474
7562
7475
7563
7476
7564
7477
7565
7478
7566
7479
7567
7480
7568
7481
7569
7482
7570
7483
7571
7484
7572
7485
7573
7486
7574
7487
7575
7488
7576
7489
7577
7490
7578
7491
7579
7492
7580
7493
7581
7494
7582
7495
7583
7496
7584
7497
7585
7498
7586
7499
7587
7500
7588
7501
7589
7502
7590
7503
7591
7504
7592
7505
7593
7506
7594
7507
7595
7508
7596
7509
7597
7598
18414
7511
7599
7512
7600
7513
7601
7514
7602
7515
7603
7516
7604
7517
7605
7518
7606
7519
7607
7520
7608
7521
7609
7522
7610
7523
7611
7524
7612
7525
7613
7526
7614
7527
7615
7528
7616
7529
7617
7530
7618
7531
7619
7532
7620
7533
7621
7534
7622
7535
7623
7536
7624
7537
7625
7538
7626
7539
7627
7540
7628
7541
7629
7542
7630
7543
7631
7544
7632
7545
7633
7546
7634
7547
7635
7548
7636
7549
7637
7550
7638
7551
7639
7552
7640
7553
7641
7554
7642
7555
7643
7556
7644
7557
7645
7558
7646
7559
7647
7560
7648
7561
7649
7562
7650
7563
7651
7564
7652
7565
7653
7566
7654
7567
7655
7568
7656
7569
7657
7570
7658
7571
7659
7572
7660
7573
7661
7574
7662
7575
7663
7576
7664
7577
7665
7578
7666
7579
7667
7580
7668
7581
7669
7582
7670
7583
7671
7584
7672
7585
7673
7586
7674
7587
7675
7588
7676
7589
7677
7590
7678
7591
7679
7592
7680
7593
7681
7594
7682
7595
7683
7596
7684
7597
7685
7598
7686
7687
18315
7600
7688
7601
7689
7602
7690
7603
7691
7604
7692
7605
7693
7606
7694
7607
7695
7608
7696
7609
7697
7610
7698
7611
7699
7612
7700
7613
7701
7614
7702
7615
7703
7616
7704
7617
7705
7618
7706
7619
7707
7620
7708
7621
7709
7622
7710
7623
7711
7624
7712
7625
7713
7626
7714
7627
7715
7628
7716
7629
7717
7630
7718
7631
7719
7632
7720
7633
7721
7634
7722
7635
7723
7636
7724
7637
7725
7638
7726
7639
7727
7640
7728
7641
7729
7642
7730
7643
7731
7644
7732
7645
7733
7646
7734
7647
7735
7648
7736
7649
7737
7650
7738
7651
7739
7652
7740
7653
7741
7654
7742
7655
7743
7656
7744
7657
7745
7658
7746
7659
7747
7660
7748
7661
7749
7662
7750
7663
7751
7664
7752
7665
7753
7666
7754
7667
7755
7668
7756
7669
7757
7670
7758
7671
7759
7672
7760
7673
7761
7674
7762
7675
7763
7676
7764
7677
7765
7678
7766
7679
7767
7680
7768
7681
7769
7682
7770
7683
7771
7684
7772
7685
7773
7686
7774
7687
7775
7776
18216
7689
7777
7690
7778
7691
7779
7692
7780
7693
7781
7694
7782
7695
7783
7696
7784
7697
7785
7698
7786
7699
7787
7700
7788
7701
7789
7702
7790
7703
7791
7704
7792
7705
7793
7706
7794
7707
7795
7708
7796
7709
7797
7710
7798
7711
7799
7712
7800
7713
7801
7714
7802
7715
7803
7716
7804
7717
7805
7718
7806
7719
7807
7720
7808
7721
7809
7722
7810
7723
7811
7724
7812
7725
7813
7726
7814
7727
7815
7728
7816
7729
7817
7730
7818
7731
7819
7732
7820
7733
7821
7734
7822
7735
7823
7736
7824
7737
7825
7738
7826
7739
7827
7740
7828
7741
7829
7742
7830
7743
7831
7744
7832
7745
7833
7746
7834
7747
7835
7748
7836
7749
7837
7750
7838
7751
7839
7752
7840
7753
7841
7754
7842
7755
7843
7756
7844
7757
7845
7758
7846
7759
7847
7760
7848
7761
7849
7762
7850
7763
7851
7764
7852
7765
7853
7766
7854
7767
7855
7768
7856
7769
7857
7770
7858
7771
7859
7772
7860
7773
7861
7774
7862
7775
7863
7776
7864
7865
18117
7778
7866
7779
7867
7780
7868
7781
7869
7782
7870
7783
7871
7784
7872
7785
7873
7786
7874
7787
7875
7788
7876
7789
7877
7790
7878
7791
7879
7792
7880
7793
7881
7794
7882
7795
7883
7796
7884
7797
7885
7798
7886
7799
7887
7800
7888
7801
7889
7802
7890
7803
7891
7804
7892
7805
7893
7806
7894
7807
7895
7808
7896
7809
7897
7810
7898
7811
7899
7812
7900
7813
7901
7814
7902
7815
7903
7816
7904
7817
7905
7818
7906
7819
7907
7820
7908
7821
7909
7822
7910
7823
7911
7824
7912
7825
7913
7826
7914
7827
7915
7828
7916
7829
7917
7830
7918
7831
7919
7832
7920
7833
7921
7834
7922
7835
7923
7836
7924
7837
7925
7838
7926
7839
7927
7840
7928
7841
7929
7842
7930
7843
7931
7844
7932
7845
7933
7846
7934
7847
7935
7848
7936
7849
7937
7850
7938
7851
7939
7852
7940
7853
7941
7854
7942
7855
7943
7856
7944
7857
7945
7858
7946
7859
7947
7860
7948
7861
7949
7862
7950
7863
7951
7864
7952
7865
7953
7954
18018
7867
7955
7868
7956
7869
7957
7870
7958
7871
7959
7872
7960
7873
7961
7874
7962
7875
7963
7876
7964
7877
7965
7878
7966
7879
7967
7880
7968
7881
7969
7882
7970
7883
7971
7884
7972
7885
7973
7886
7974
7887
7975
7888
7976
7889
7977
7890
7978
7891
7979
7892
7980
7893
7981
7894
7982
7895
7983
7896
7984
7897
7985
7898
7986
7899
7987
7900
7988
7901
7989
7902
7990
7903
7991
7904
7992
7905
7993
7906
7994
7907
7995
7908
7996
7909
7997
7910
7998
7911
7999
7912
8000
7913
8001
7914
8002
7915
8003
7916
8004
7917
8005
7918
8006
7919
8007
7920
8008
7921
8009
7922
8010
7923
8011
7924
8012
7925
8013
7926
8014
7927
8015
7928
8016
7929
8017
7930
8018
7931
8019
7932
8020
7933
8021
7934
8022
7935
8023
7936
8024
7937
8025
7938
8026
7939
8027
7940
8028
7941
8029
7942
8030
7943
8031
7944
8032
7945
8033
7946
8034
7947
8035
7948
8036
7949
8037
7950
8038
7951
8039
7952
8040
7953
8041
7954
8042
8043
17919
7956
8044
7957
8045
7958
8046
7959
8047
7960
8048
7961
8049
7962
8050
7963
8051
7964
8052
7965
8053
7966
8054
7967
8055
7968
8056
7969
8057
7970
8058
7971
8059
7972
8060
7973
8061
7974
8062
7975
8063
7976
8064
7977
8065
7978
8066
7979
8067
7980
8068
7981
8069
7982
8070
7983
8071
7984
8072
7985
8073
7986
8074
7987
8075
7988
8076
7989
8077
7990
8078
7991
8079
7992
8080
7993
8081
7994
8082
7995
8083
7996
8084
7997
8085
7998
8086
7999
8087
8000
8088
8001
8089
8002
8090
8003
8091
8004
8092
8005
8093
8006
8094
8007
8095
8008
8096
8009
8097
8010
8098
8011
8099
8012
8100
8013
8101
8014
8102
8015
8103
8016
8104
8017
8105
8018
8106
8019
8107
8020
8108
8021
8109
8022
8110
8023
8111
8024
8112
8025
8113
8026
8114
8027
8115
8028
8116
8029
8117
8030
8118
8031
8119
8032
8120
8033
8121
8034
8122
8035
8123
8036
8124
8037
8125
8038
8126
8039
8127
8040
8128
8041
8129
8042
8130
8043
8131
8132
17820
8045
8133
8046
8134
8047
8135
8048
8136
8049
8137
8050
8138
8051
8139
8052
8140
8053
8141
8054
8142
8055
8143
8056
8144
8057
8145
8058
8146
8059
8147
8060
8148
8061
8149
8062
8150
8063
8151
8064
8152
8065
8153
8066
8154
8067
8155
8068
8156
8069
8157
8070
8158
8071
8159
8072
8160
8073
8161
8074
8162
8075
8163
8076
8164
8077
8165
8078
8166
8079
8167
8080
8168
8081
8169
8082
8170
8083
8171
8084
8172
8085
8173
8086
8174
8087
8175
8088
8176
8089
8177
8090
8178
8091
8179
8092
8180
8093
8181
8094
8182
8095
8183
8096
8184
8097
8185
8098
8186
8099
8187
8100
8188
8101
8189
8102
8190
8103
8191
8104
8192
8105
8193
8106
8194
8107
8195
8108
8196
8109
8197
8110
8198
8111
8199
8112
8200
8113
8201
8114
8202
8115
8203
8116
8204
8117
8205
8118
8206
8119
8207
8120
8208
8121
8209
8122
8210
8123
8211
8124
8212
8125
8213
8126
8214
8127
8215
8128
8216
8129
8217
8130
8218
8131
8219
8132
8220
8221
17721
8134
8222
8135
8223
8136
8224
8137
8225
8138
8226
8139
8227
8140
8228
8141
8229
8142
8230
8143
8231
8144
8232
8145
8233
8146
8234
8147
8235
8148
8236
8149
8237
8150
8238
8151
8239
8152
8240
8153
8241
8154
8242
8155
8243
8156
8244
8157
8245
8158
8246
8159
8247
8160
8248
8161
8249
8162
8250
8163
8251
8164
8252
8165
8253
8166
8254
8167
8255
8168
8256
8169
8257
8170
8258
8171
8259
8172
8260
8173
8261
8174
8262
8175
8263
8176
8264
8177
8265
8178
8266
8179
8267
8180
8268
8181
8269
8182
8270
8183
8271
8184
8272
8185
8273
8186
8274
8187
8275
8188
8276
8189
8277
8190
8278
8191
8279
8192
8280
8193
8281
8194
8282
8195
8283
8196
8284
8197
8285
8198
8286
8199
8287
8200
8288
8201
8289
8202
8290
8203
8291
8204
8292
8205
8293
8206
8294
8207
8295
8208
8296
8209
8297
8210
8298
8211
8299
8212
8300
8213
8301
8214
8302
8215
8303
8216
8304
8217
8305
8218
8306
8219
8307
8220
8308
8221
8309
8310
17622
8223
8311
8224
8312
8225
8313
8226
8314
8227
8315
8228
8316
8229
8317
8230
8318
8231
8319
8232
8320
8233
8321
8234
8322
8235
8323
8236
8324
8237
8325
8238
8326
8239
8327
8240
8328
8241
8329
8242
8330
8243
8331
8244
8332
8245
8333
8246
8334
8247
8335
8248
8336
8249
8337
8250
8338
8251
8339
8252
8340
8253
8341
8254
8342
8255
8343
8256
8344
8257
8345
8258
8346
8259
8347
8260
8348
8261
8349
8262
8350
8263
8351
8264
8352
8265
8353
8266
8354
8267
8355
8268
8356
8269
8357
8270
8358
8271
8359
8272
8360
8273
8361
8274
8362
8275
8363
8276
8364
8277
8365
8278
8366
8279
8367
8280
8368
8281
8369
8282
8370
8283
8371
8284
8372
8285
8373
8286
8374
8287
8375
8288
8376
8289
8377
8290
8378
8291
8379
8292
8380
8293
8381
8294
8382
8295
8383
8296
8384
8297
8385
8298
8386
8299
8387
8300
8388
8301
8389
8302
8390
8303
8391
8304
8392
8305
8393
8306
8394
8307
8395
8308
8396
8309
8397
8310
8398
8399
17523
8312
8400
8313
8401
8314
8402
8315
8403
8316
8404
8317
8405
8318
8406
8319
8407
8320
8408
8321
8409
8322
8410
8323
8411
8324
8412
8325
8413
8326
8414
8327
8415
8328
8416
8329
8417
8330
8418
8331
8419
8332
8420
8333
8421
8334
8422
8335
8423
8336
8424
8337
8425
8338
8426
8339
8427
8340
8428
8341
8429
8342
8430
8343
8431
8344
8432
8345
8433
8346
8434
8347
8435
8348
8436
8349
8437
8350
8438
8351
8439
8352
8440
8353
8441
8354
8442
8355
8443
8356
8444
8357
8445
8358
8446
8359
8447
8360
8448
8361
8449
8362
8450
8363
8451
8364
8452
8365
8453
8366
8454
8367
8455
8368
8456
8369
8457
8370
8458
8371
8459
8372
8460
8373
8461
8374
8462
8375
8463
8376
8464
8377
8465
8378
8466
8379
8467
8380
8468
8381
8469
8382
8470
8383
8471
8384
8472
8385
8473
8386
8474
8387
8475
8388
8476
8389
8477
8390
8478
8391
8479
8392
8480
8393
8481
8394
8482
8395
8483
8396
8484
8397
8485
8398
8486
8399
8487
8488
17424
8401
8489
8402
8490
8403
8491
8404
8492
8405
8493
8406
8494
8407
8495
8408
8496
8409
8497
8410
8498
8411
8499
8412
8500
8413
8501
8414
8502
8415
8503
8416
8504
8417
8505
8418
8506
8419
8507
8420
8508
8421
8509
8422
8510
8423
8511
8424
8512
8425
8513
8426
8514
8427
8515
8428
8516
8429
8517
8430
8518
8431
8519
8432
8520
8433
8521
8434
8522
8435
8523
8436
8524
8437
8525
8438
8526
8439
8527
8440
8528
8441
8529
8442
8530
8443
8531
8444
8532
8445
8533
8446
8534
8447
8535
8448
8536
8449
8537
8450
8538
8451
8539
8452
8540
8453
8541
8454
8542
8455
8543
8456
8544
8457
8545
8458
8546
8459
8547
8460
8548
8461
8549
8462
8550
8463
8551
8464
8552
8465
8553
8466
8554
8467
8555
8468
8556
8469
8557
8470
8558
8471
8559
8472
8560
8473
8561
8474
8562
8475
8563
8476
8564
8477
8565
8478
8566
8479
8567
8480
8568
8481
8569
8482
8570
8483
8571
8484
8572
8485
8573
8486
8574
8487
8575
8488
8576
8577
17325
8490
8578
8491
8579
8492
8580
8493
8581
8494
8582
8495
8583
8496
8584
8497
8585
8498
8586
8499
8587
8500
8588
8501
8589
8502
8590
8503
8591
8504
8592
8505
8593
8506
8594
8507
8595
8508
8596
8509
8597
8510
8598
8511
8599
8512
8600
8513
8601
8514
8602
8515
8603
8516
8604
8517
8605
8518
8606
8519
8607
8520
8608
8521
8609
8522
8610
8523
8611
8524
8612
8525
8613
8526
8614
8527
8615
8528
8616
8529
8617
8530
8618
8531
8619
8532
8620
8533
8621
8534
8622
8535
8623
8536
8624
8537
8625
8538
8626
8539
8627
8540
8628
8541
8629
8542
8630
8543
8631
8544
8632
8545
8633
8546
8634
8547
8635
8548
8636
8549
8637
8550
8638
8551
8639
8552
8640
8553
8641
8554
8642
8555
8643
8556
8644
8557
8645
8558
8646
8559
8647
8560
8648
8561
8649
8562
8650
8563
8651
8564
8652
8565
8653
8566
8654
8567
8655
8568
8656
8569
8657
8570
8658
8571
8659
8572
8660
8573
8661
8574
8662
8575
8663
8576
8664
8577
8665
8666
17226
8579
8667
8580
8668
8581
8669
8582
8670
8583
8671
8584
8672
8585
8673
8586
8674
8587
8675
8588
8676
8589
8677
8590
8678
8591
8679
8592
8680
8593
8681
8594
8682
8595
8683
8596
8684
8597
8685
8598
8686
8599
8687
8600
8688
8601
8689
8602
8690
8603
8691
8604
8692
8605
8693
8606
8694
8607
8695
8608
8696
8609
8697
8610
8698
8611
8699
8612
8700
8613
8701
8614
8702
8615
8703
8616
8704
8617
8705
8618
8706
8619
8707
8620
8708
8621
8709
8622
8710
8623
8711
8624
8712
8625
8713
8626
8714
8627
8715
8628
8716
8629
8717
8630
8718
8631
8719
8632
8720
8633
8721
8634
8722
8635
8723
8636
8724
8637
8725
8638
8726
8639
8727
8640
8728
8641
8729
8642
8730
8643
8731
8644
8732
8645
8733
8646
8734
8647
8735
8648
8736
8649
8737
8650
8738
8651
8739
8652
8740
8653
8741
8654
8742
8655
8743
8656
8744
8657
8745
8658
8746
8659
8747
8660
8748
8661
8749
8662
8750
8663
8751
8664
8752
8665
8753
8666
8754
8755
17127
8668
8756
8669
8757
8670
8758
8671
8759
8672
8760
8673
8761
8674
8762
8675
8763
8676
8764
8677
8765
8678
8766
8679
8767
8680
8768
8681
8769
8682
8770
8683
8771
8684
8772
8685
8773
8686
8774
8687
8775
8688
8776
8689
8777
8690
8778
8691
8779
8692
8780
8693
8781
8694
8782
8695
8783
8696
8784
8697
8785
8698
8786
8699
8787
8700
8788
8701
8789
8702
8790
8703
8791
8704
8792
8705
8793
8706
8794
8707
8795
8708
8796
8709
8797
8710
8798
8711
8799
8712
8800
8713
8801
8714
8802
8715
8803
8716
8804
8717
8805
8718
8806
8719
8807
8720
8808
8721
8809
8722
8810
8723
8811
8724
8812
8725
8813
8726
8814
8727
8815
8728
8816
8729
8817
8730
8818
8731
8819
8732
8820
8733
8821
8734
8822
8735
8823
8736
8824
8737
8825
8738
8826
8739
8827
8740
8828
8741
8829
8742
8830
8743
8831
8744
8832
8745
8833
8746
8834
8747
8835
8748
8836
8749
8837
8750
8838
8751
8839
8752
8840
8753
8841
8754
8842
8755
8843
8844
17028
8757
8845
8758
8846
8759
8847
8760
8848
8761
8849
8762
8850
8763
8851
8764
8852
8765
8853
8766
8854
8767
8855
8768
8856
8769
8857
8770
8858
8771
8859
8772
8860
8773
8861
8774
8862
8775
8863
8776
8864
8777
8865
8778
8866
8779
8867
8780
8868
8781
8869
8782
8870
8783
8871
8784
8872
8785
8873
8786
8874
8787
8875
8788
8876
8789
8877
8790
8878
8791
8879
8792
8880
8793
8881
8794
8882
8795
8883
8796
8884
8797
8885
8798
8886
8799
8887
8800
8888
8801
8889
8802
8890
8803
8891
8804
8892
8805
8893
8806
8894
8807
8895
8808
8896
8809
8897
8810
8898
8811
8899
8812
8900
8813
8901
8814
8902
8815
8903
8816
8904
8817
8905
8818
8906
8819
8907
8820
8908
8821
8909
8822
8910
8823
8911
8824
8912
8825
8913
8826
8914
8827
8915
8828
8916
8829
8917
8830
8918
8831
8919
8832
8920
8833
8921
8834
8922
8835
8923
8836
8924
8837
8925
8838
8926
8839
8927
8840
8928
8841
8929
8842
8930
8843
8931
8844
8932
8933
16929
8846
8934
8847
8935
8848
8936
8849
8937
8850
8938
8851
8939
8852
8940
8853
8941
8854
8942
8855
8943
8856
8944
8857
8945
8858
8946
8859
8947
8860
8948
8861
8949
8862
8950
8863
8951
8864
8952
8865
8953
8866
8954
8867
8955
8868
8956
8869
8957
8870
8958
8871
8959
8872
8960
8873
8961
8874
8962
8875
8963
8876
8964
8877
8965
8878
8966
8879
8967
8880
8968
8881
8969
8882
8970
8883
8971
8884
8972
8885
8973
8886
8974
8887
8975
8888
8976
8889
8977
8890
8978
8891
8979
8892
8980
8893
8981
8894
8982
8895
8983
8896
8984
8897
8985
8898
8986
8899
8987
8900
8988
8901
8989
8902
8990
8903
8991
8904
8992
8905
8993
8906
8994
8907
8995
8908
8996
8909
8997
8910
8998
8911
8999
8912
9000
8913
9001
8914
9002
8915
9003
8916
9004
8917
9005
8918
9006
8919
9007
8920
9008
8921
9009
8922
9010
8923
9011
8924
9012
8925
9013
8926
9014
8927
9015
8928
9016
8929
9017
8930
9018
8931
9019
8932
9020
8933
9021
9022
16830
8935
9023
8936
9024
8937
9025
8938
9026
8939
9027
8940
9028
8941
9029
8942
9030
8943
9031
8944
9032
8945
9033
8946
9034
8947
9035
8948
9036
8949
9037
8950
9038
8951
9039
8952
9040
8953
9041
8954
9042
8955
9043
8956
9044
8957
9045
8958
9046
8959
9047
8960
9048
8961
9049
8962
9050
8963
9051
8964
9052
8965
9053
8966
9054
8967
9055
8968
9056
8969
9057
8970
9058
8971
9059
8972
9060
8973
9061
8974
9062
8975
9063
8976
9064
8977
9065
8978
9066
8979
9067
8980
9068
8981
9069
8982
9070
8983
9071
8984
9072
8985
9073
8986
9074
8987
9075
8988
9076
8989
9077
8990
9078
8991
9079
8992
9080
8993
9081
8994
9082
8995
9083
8996
9084
8997
9085
8998
9086
8999
9087
9000
9088
9001
9089
9002
9090
9003
9091
9004
9092
9005
9093
9006
9094
9007
9095
9008
9096
9009
9097
9010
9098
9011
9099
9012
9100
9013
9101
9014
9102
9015
9103
9016
9104
9017
9105
9018
9106
9019
9107
9020
9108
9021
9109
9022
9110
9111
16731
9024
9112
9025
9113
9026
9114
9027
9115
9028
9116
9029
9117
9030
9118
9031
9119
9032
9120
9033
9121
9034
9122
9035
9123
9036
9124
9037
9125
9038
9126
9039
9127
9040
9128
9041
9129
9042
9130
9043
9131
9044
9132
9045
9133
9046
9134
9047
9135
9048
9136
9049
9137
9050
9138
9051
9139
9052
9140
9053
9141
9054
9142
9055
9143
9056
9144
9057
9145
9058
9146
9059
9147
9060
9148
9061
9149
9062
9150
9063
9151
9064
9152
9065
9153
9066
9154
9067
9155
9068
9156
9069
9157
9070
9158
9071
9159
9072
9160
9073
9161
9074
9162
9075
9163
9076
9164
9077
9165
9078
9166
9079
9167
9080
9168
9081
9169
9082
9170
9083
9171
9084
9172
9085
9173
9086
9174
9087
9175
9088
9176
9089
9177
9090
9178
9091
9179
9092
9180
9093
9181
9094
9182
9095
9183
9096
9184
9097
9185
9098
9186
9099
9187
9100
9188
9101
9189
9102
9190
9103
9191
9104
9192
9105
9193
9106
9194
9107
9195
9108
9196
9109
9197
9110
9198
9111
9199
9200
16632
9113
9201
9114
9202
9115
9203
9116
9204
9117
9205
9118
9206
9119
9207
9120
9208
9121
9209
9122
9210
9123
9211
9124
9212
9125
9213
9126
9214
9127
9215
9128
9216
9129
9217
9130
9218
9131
9219
9132
9220
9133
9221
9134
9222
9135
9223
9136
9224
9137
9225
9138
9226
9139
9227
9140
9228
9141
9229
9142
9230
9143
9231
9144
9232
9145
9233
9146
9234
9147
9235
9148
9236
9149
9237
9150
9238
9151
9239
9152
9240
9153
9241
9154
9242
9155
9243
9156
9244
9157
9245
9158
9246
9159
9247
9160
9248
9161
9249
9162
9250
9163
9251
9164
9252
9165
9253
9166
9254
9167
9255
9168
9256
9169
9257
9170
9258
9171
9259
9172
9260
9173
9261
9174
9262
9175
9263
9176
9264
9177
9265
9178
9266
9179
9267
9180
9268
9181
9269
9182
9270
9183
9271
9184
9272
9185
9273
9186
9274
9187
9275
9188
9276
9189
9277
9190
9278
9191
9279
9192
9280
9193
9281
9194
9282
9195
9283
9196
9284
9197
9285
9198
9286
9199
9287
9200
9288
9289
16533
9202
9290
9203
9291
9204
9292
9205
9293
9206
9294
9207
9295
9208
9296
9209
9297
9210
9298
9211
9299
9212
9300
9213
9301
9214
9302
9215
9303
9216
9304
9217
9305
9218
9306
9219
9307
9220
9308
9221
9309
9222
9310
9223
9311
9224
9312
9225
9313
9226
9314
9227
9315
9228
9316
9229
9317
9230
9318
9231
9319
9232
9320
9233
9321
9234
9322
9235
9323
9236
9324
9237
9325
9238
9326
9239
9327
9240
9328
9241
9329
9242
9330
9243
9331
9244
9332
9245
9333
9246
9334
9247
9335
9248
9336
9249
9337
9250
9338
9251
9339
9252
9340
9253
9341
9254
9342
9255
9343
9256
9344
9257
9345
9258
9346
9259
9347
9260
9348
9261
9349
9262
9350
9263
9351
9264
9352
9265
9353
9266
9354
9267
9355
9268
9356
9269
9357
9270
9358
9271
9359
9272
9360
9273
9361
9274
9362
9275
9363
9276
9364
9277
9365
9278
9366
9279
9367
9280
9368
9281
9369
9282
9370
9283
9371
9284
9372
9285
9373
9286
9374
9287
9375
9288
9376
9289
9377
9378
16434
9291
9379
9292
9380
9293
9381
9294
9382
9295
9383
9296
9384
9297
9385
9298
9386
9299
9387
9300
9388
9301
9389
9302
9390
9303
9391
9304
9392
9305
9393
9306
9394
9307
9395
9308
9396
9309
9397
9310
9398
9311
9399
9312
9400
9313
9401
9314
9402
9315
9403
9316
9404
9317
9405
9318
9406
9319
9407
9320
9408
9321
9409
9322
9410
9323
9411
9324
9412
9325
9413
9326
9414
9327
9415
9328
9416
9329
9417
9330
9418
9331
9419
9332
9420
9333
9421
9334
9422
9335
9423
9336
9424
9337
9425
9338
9426
9339
9427
9340
9428
9341
9429
9342
9430
9343
9431
9344
9432
9345
9433
9346
9434
9347
9435
9348
9436
9349
9437
9350
9438
9351
9439
9352
9440
9353
9441
9354
9442
9355
9443
9356
9444
9357
9445
9358
9446
9359
9447
9360
9448
9361
9449
9362
9450
9363
9451
9364
9452
9365
9453
9366
9454
9367
9455
9368
9456
9369
9457
9370
9458
9371
9459
9372
9460
9373
9461
9374
9462
9375
9463
9376
9464
9377
9465
9378
9466
9467
16335
9380
9468
9381
9469
9382
9470
9383
9471
9384
9472
9385
9473
9386
9474
9387
9475
9388
9476
9389
9477
9390
9478
9391
9479
9392
9480
9393
9481
9394
9482
9395
9483
9396
9484
9397
9485
9398
9486
9399
9487
9400
9488
9401
9489
9402
9490
9403
9491
9404
9492
9405
9493
9406
9494
9407
9495
9408
9496
9409
9497
9410
9498
9411
9499
9412
9500
9413
9501
9414
9502
9415
9503
9416
9504
9417
9505
9418
9506
9419
9507
9420
9508
9421
9509
9422
9510
9423
9511
9424
9512
9425
9513
9426
9514
9427
9515
9428
9516
9429
9517
9430
9518
9431
9519
9432
9520
9433
9521
9434
9522
9435
9523
9436
9524
9437
9525
9438
9526
9439
9527
9440
9528
9441
9529
9442
9530
9443
9531
9444
9532
9445
9533
9446
9534
9447
9535
9448
9536
9449
9537
9450
9538
9451
9539
9452
9540
9453
9541
9454
9542
9455
9543
9456
9544
9457
9545
9458
9546
9459
9547
9460
9548
9461
9549
9462
9550
9463
9551
9464
9552
9465
9553
9466
9554
9467
9555
9556
16236
9469
9557
9470
9558
9471
9559
9472
9560
9473
9561
9474
9562
9475
9563
9476
9564
9477
9565
9478
9566
9479
9567
9480
9568
9481
9569
9482
9570
9483
9571
9484
9572
9485
9573
9486
9574
9487
9575
9488
9576
9489
9577
9490
9578
9491
9579
9492
9580
9493
9581
9494
9582
9495
9583
9496
9584
9497
9585
9498
9586
9499
9587
9500
9588
9501
9589
9502
9590
9503
9591
9504
9592
9505
9593
9506
9594
9507
9595
9508
9596
9509
9597
9510
9598
9511
9599
9512
9600
9513
9601
9514
9602
9515
9603
9516
9604
9517
9605
9518
9606
9519
9607
9520
9608
9521
9609
9522
9610
9523
9611
9524
9612
9525
9613
9526
9614
9527
9615
9528
9616
9529
9617
9530
9618
9531
9619
9532
9620
9533
9621
9534
9622
9535
9623
9536
9624
9537
9625
9538
9626
9539
9627
9540
9628
9541
9629
9542
9630
9543
9631
9544
9632
9545
9633
9546
9634
9547
9635
9548
9636
9549
9637
9550
9638
9551
9639
9552
9640
9553
9641
9554
9642
9555
9643
9556
9644
9645
16137
9558
9646
9559
9647
9560
9648
9561
9649
9562
9650
9563
9651
9564
9652
9565
9653
9566
9654
9567
9655
9568
9656
9569
9657
9570
9658
9571
9659
9572
9660
9573
9661
9574
9662
9575
9663
9576
9664
9577
9665
9578
9666
9579
9667
9580
9668
9581
9669
9582
9670
9583
9671
9584
9672
9585
9673
9586
9674
9587
9675
9588
9676
9589
9677
9590
9678
9591
9679
9592
9680
9593
9681
9594
9682
9595
9683
9596
9684
9597
9685
9598
9686
9599
9687
9600
9688
9601
9689
9602
9690
9603
9691
9604
9692
9605
9693
9606
9694
9607
9695
9608
9696
9609
9697
9610
9698
9611
9699
9612
9700
9613
9701
9614
9702
9615
9703
9616
9704
9617
9705
9618
9706
9619
9707
9620
9708
9621
9709
9622
9710
9623
9711
9624
9712
9625
9713
9626
9714
9627
9715
9628
9716
9629
9717
9630
9718
9631
9719
9632
9720
9633
9721
9634
9722
9635
9723
9636
9724
9637
9725
9638
9726
9639
9727
9640
9728
9641
9729
9642
9730
9643
9731
9644
9732
9645
9733
9734
16038
9647
9735
9648
9736
9649
9737
9650
9738
9651
9739
9652
9740
9653
9741
9654
9742
9655
9743
9656
9744
9657
9745
9658
9746
9659
9747
9660
9748
9661
9749
9662
9750
9663
9751
9664
9752
9665
9753
9666
9754
9667
9755
9668
9756
9669
9757
9670
9758
9671
9759
9672
9760
9673
9761
9674
9762
9675
9763
9676
9764
9677
9765
9678
9766
9679
9767
9680
9768
9681
9769
9682
9770
9683
9771
9684
9772
9685
9773
9686
9774
9687
9775
9688
9776
9689
9777
9690
9778
9691
9779
9692
9780
9693
9781
9694
9782
9695
9783
9696
9784
9697
9785
9698
9786
9699
9787
9700
9788
9701
9789
9702
9790
9703
9791
9704
9792
9705
9793
9706
9794
9707
9795
9708
9796
9709
9797
9710
9798
9711
9799
9712
9800
9713
9801
9714
9802
9715
9803
9716
9804
9717
9805
9718
9806
9719
9807
9720
9808
9721
9809
9722
9810
9723
9811
9724
9812
9725
9813
9726
9814
9727
9815
9728
9816
9729
9817
9730
9818
9731
9819
9732
9820
9733
9821
9734
9822
9823
15939
9736
9824
9737
9825
9738
9826
9739
9827
9740
9828
9741
9829
9742
9830
9743
9831
9744
9832
9745
9833
9746
9834
9747
9835
9748
9836
9749
9837
9750
9838
9751
9839
9752
9840
9753
9841
9754
9842
9755
9843
9756
9844
9757
9845
9758
9846
9759
9847
9760
9848
9761
9849
9762
9850
9763
9851
9764
9852
9765
9853
9766
9854
9767
9855
9768
9856
9769
9857
9770
9858
9771
9859
9772
9860
9773
9861
9774
9862
9775
9863
9776
9864
9777
9865
9778
9866
9779
9867
9780
9868
9781
9869
9782
9870
9783
9871
9784
9872
9785
9873
9786
9874
9787
9875
9788
9876
9789
9877
9790
9878
9791
9879
9792
9880
9793
9881
9794
9882
9795
9883
9796
9884
9797
9885
9798
9886
9799
9887
9800
9888
9801
9889
9802
9890
9803
9891
9804
9892
9805
9893
9806
9894
9807
9895
9808
9896
9809
9897
9810
9898
9811
9899
9812
9900
9813
9901
9814
9902
9815
9903
9816
9904
9817
9905
9818
9906
9819
9907
9820
9908
9821
9909
9822
9910
9823
9911
9912
15840
9825
9913
9826
9914
9827
9915
9828
9916
9829
9917
9830
9918
9831
9919
9832
9920
9833
9921
9834
9922
9835
9923
9836
9924
9837
9925
9838
9926
9839
9927
9840
9928
9841
9929
9842
9930
9843
9931
9844
9932
9845
9933
9846
9934
9847
9935
9848
9936
9849
9937
9850
9938
9851
9939
9852
9940
9853
9941
9854
9942
9855
9943
9856
9944
9857
9945
9858
9946
9859
9947
9860
9948
9861
9949
9862
9950
9863
9951
9864
9952
9865
9953
9866
9954
9867
9955
9868
9956
9869
9957
9870
9958
9871
9959
9872
9960
9873
9961
9874
9962
9875
9963
9876
9964
9877
9965
9878
9966
9879
9967
9880
9968
9881
9969
9882
9970
9883
9971
9884
9972
9885
9973
9886
9974
9887
9975
9888
9976
9889
9977
9890
9978
9891
9979
9892
9980
9893
9981
9894
9982
9895
9983
9896
9984
9897
9985
9898
9986
9899
9987
9900
9988
9901
9989
9902
9990
9903
9991
9904
9992
9905
9993
9906
9994
9907
9995
9908
9996
9909
9997
9910
9998
9911
9999
9912
10000
10001
15741
9914
10002
9915
10003
9916
10004
9917
10005
9918
10006
9919
10007
9920
10008
9921
10009
9922
10010
9923
10011
9924
10012
9925
10013
9926
10014
9927
10015
9928
10016
9929
10017
9930
10018
9931
10019
9932
10020
9933
10021
9934
10022
9935
10023
9936
10024
9937
10025
9938
10026
9939
10027
9940
10028
9941
10029
9942
10030
9943
10031
9944
10032
9945
10033
9946
10034
9947
10035
9948
10036
9949
10037
9950
10038
9951
10039
9952
10040
9953
10041
9954
10042
9955
10043
9956
10044
9957
10045
9958
10046
9959
10047
9960
10048
9961
10049
9962
10050
9963
10051
9964
10052
9965
10053
9966
10054
9967
10055
9968
10056
9969
10057
9970
10058
9971
10059
9972
10060
9973
10061
9974
10062
9975
10063
9976
10064
9977
10065
9978
10066
9979
10067
9980
10068
9981
10069
9982
10070
9983
10071
9984
10072
9985
10073
9986
10074
9987
10075
9988
10076
9989
10077
9990
10078
9991
10079
9992
10080
9993
10081
9994
10082
9995
10083
9996
10084
9997
10085
9998
10086
9999
10087
10000
10088
10001
10089
10090
15642
10003
10091
10004
10092
10005
10093
10006
10094
10007
10095
10008
10096
10009
10097
10010
10098
10011
10099
10012
10100
10013
10101
10014
10102
10015
10103
10016
10104
10017
10105
10018
10106
10019
10107
10020
10108
10021
10109
10022
10110
10023
10111
10024
10112
10025
10113
10026
10114
10027
10115
10028
10116
10029
10117
10030
10118
10031
10119
10032
10120
10033
10121
10034
10122
10035
10123
10036
10124
10037
10125
10038
10126
10039
10127
10040
10128
10041
10129
10042
10130
10043
10131
10044
10132
10045
10133
10046
10134
10047
10135
10048
10136
10049
10137
10050
10138
10051
10139
10052
10140
10053
10141
10054
10142
10055
10143
10056
10144
10057
10145
10058
10146
10059
10147
10060
10148
10061
10149
10062
10150
10063
10151
10064
10152
10065
10153
10066
10154
10067
10155
10068
10156
10069
10157
10070
10158
10071
10159
10072
10160
10073
10161
10074
10162
10075
10163
10076
10164
10077
10165
10078
10166
10079
10167
10080
10168
10081
10169
10082
10170
10083
10171
10084
10172
10085
10173
10086
10174
10087
10175
10088
10176
10089
10177
10090
10178
10179
15543
10092
10180
10093
10181
10094
10182
10095
10183
10096
10184
10097
10185
10098
10186
10099
10187
10100
10188
10101
10189
10102
10190
10103
10191
10104
10192
10105
10193
10106
10194
10107
10195
10108
10196
10109
10197
10110
10198
10111
10199
10112
10200
10113
10201
10114
10202
10115
10203
10116
10204
10117
10205
10118
10206
10119
10207
10120
10208
10121
10209
10122
10210
10123
10211
10124
10212
10125
10213
10126
10214
10127
10215
10128
10216
10129
10217
10130
10218
10131
10219
10132
10220
10133
10221
10134
10222
10135
10223
10136
10224
10137
10225
10138
10226
10139
10227
10140
10228
10141
10229
10142
10230
10143
10231
10144
10232
10145
10233
10146
10234
10147
10235
10148
10236
10149
10237
10150
10238
10151
10239
10152
10240
10153
10241
10154
10242
10155
10243
10156
10244
10157
10245
10158
10246
10159
10247
10160
10248
10161
10249
10162
10250
10163
10251
10164
10252
10165
10253
10166
10254
10167
10255
10168
10256
10169
10257
10170
10258
10171
10259
10172
10260
10173
10261
10174
10262
10175
10263
10176
10264
10177
10265
10178
10266
10179
10267
10268
15444
10181
10269
10182
10270
10183
10271
10184
10272
10185
10273
10186
10274
10187
10275
10188
10276
10189
10277
10190
10278
10191
10279
10192
10280
10193
10281
10194
10282
10195
10283
10196
10284
10197
10285
10198
10286
10199
10287
10200
10288
10201
10289
10202
10290
10203
10291
10204
10292
10205
10293
10206
10294
10207
10295
10208
10296
10209
10297
10210
10298
10211
10299
10212
10300
10213
10301
10214
10302
10215
10303
10216
10304
10217
10305
10218
10306
10219
10307
10220
10308
10221
10309
10222
10310
10223
10311
10224
10312
10225
10313
10226
10314
10227
10315
10228
10316
10229
10317
10230
10318
10231
10319
10232
10320
10233
10321
10234
10322
10235
10323
10236
10324
10237
10325
10238
10326
10239
10327
10240
10328
10241
10329
10242
10330
10243
10331
10244
10332
10245
10333
10246
10334
10247
10335
10248
10336
10249
10337
10250
10338
10251
10339
10252
10340
10253
10341
10254
10342
10255
10343
10256
10344
10257
10345
10258
10346
10259
10347
10260
10348
10261
10349
10262
10350
10263
10351
10264
10352
10265
10353
10266
10354
10267
10355
10268
10356
10357
15345
10270
10358
10271
10359
10272
10360
10273
10361
10274
10362
10275
10363
10276
10364
10277
10365
10278
10366
10279
10367
10280
10368
10281
10369
10282
10370
10283
10371
10284
10372
10285
10373
10286
10374
10287
10375
10288
10376
10289
10377
10290
10378
10291
10379
10292
10380
10293
10381
10294
10382
10295
10383
10296
10384
10297
10385
10298
10386
10299
10387
10300
10388
10301
10389
10302
10390
10303
10391
10304
10392
10305
10393
10306
10394
10307
10395
10308
10396
10309
10397
10310
10398
10311
10399
10312
10400
10313
10401
10314
10402
10315
10403
10316
10404
10317
10405
10318
10406
10319
10407
10320
10408
10321
10409
10322
10410
10323
10411
10324
10412
10325
10413
10326
10414
10327
10415
10328
10416
10329
10417
10330
10418
10331
10419
10332
10420
10333
10421
10334
10422
10335
10423
10336
10424
10337
10425
10338
10426
10339
10427
10340
10428
10341
10429
10342
10430
10343
10431
10344
10432
10345
10433
10346
10434
10347
10435
10348
10436
10349
10437
10350
10438
10351
10439
10352
10440
10353
10441
10354
10442
10355
10443
10356
10444
10357
10445
10446
15246
10359
10447
10360
10448
10361
10449
10362
10450
10363
10451
10364
10452
10365
10453
10366
10454
10367
10455
10368
10456
10369
10457
10370
10458
10371
10459
10372
10460
10373
10461
10374
10462
10375
10463
10376
10464
10377
10465
10378
10466
10379
10467
10380
10468
10381
10469
10382
10470
10383
10471
10384
10472
10385
10473
10386
10474
10387
10475
10388
10476
10389
10477
10390
10478
10391
10479
10392
10480
10393
10481
10394
10482
10395
10483
10396
10484
10397
10485
10398
10486
10399
10487
10400
10488
10401
10489
10402
10490
10403
10491
10404
10492
10405
10493
10406
10494
10407
10495
10408
10496
10409
10497
10410
10498
10411
10499
10412
10500
10413
10501
10414
10502
10415
10503
10416
10504
10417
10505
10418
10506
10419
10507
10420
10508
10421
10509
10422
10510
10423
10511
10424
10512
10425
10513
10426
10514
10427
10515
10428
10516
10429
10517
10430
10518
10431
10519
10432
10520
10433
10521
10434
10522
10435
10523
10436
10524
10437
10525
10438
10526
10439
10527
10440
10528
10441
10529
10442
10530
10443
10531
10444
10532
10445
10533
10446
10534
10535
15147
10448
10536
10449
10537
10450
10538
10451
10539
10452
10540
10453
10541
10454
10542
10455
10543
10456
10544
10457
10545
10458
10546
10459
10547
10460
10548
10461
10549
10462
10550
10463
10551
10464
10552
10465
10553
10466
10554
10467
10555
10468
10556
10469
10557
10470
10558
10471
10559
10472
10560
10473
10561
10474
10562
10475
10563
10476
10564
10477
10565
10478
10566
10479
10567
10480
10568
10481
10569
10482
10570
10483
10571
10484
10572
10485
10573
10486
10574
10487
10575
10488
10576
10489
10577
10490
10578
10491
10579
10492
10580
10493
10581
10494
10582
10495
10583
10496
10584
10497
10585
10498
10586
10499
10587
10500
10588
10501
10589
10502
10590
10503
10591
10504
10592
10505
10593
10506
10594
10507
10595
10508
10596
10509
10597
10510
10598
10511
10599
10512
10600
10513
10601
10514
10602
10515
10603
10516
10604
10517
10605
10518
10606
10519
10607
10520
10608
10521
10609
10522
10610
10523
10611
10524
10612
10525
10613
10526
10614
10527
10615
10528
10616
10529
10617
10530
10618
10531
10619
10532
10620
10533
10621
10534
10622
10535
10623
10624
15048
10537
10625
10538
10626
10539
10627
10540
10628
10541
10629
10542
10630
10543
10631
10544
10632
10545
10633
10546
10634
10547
10635
10548
10636
10549
10637
10550
10638
10551
10639
10552
10640
10553
10641
10554
10642
10555
10643
10556
10644
10557
10645
10558
10646
10559
10647
10560
10648
10561
10649
10562
10650
10563
10651
10564
10652
10565
10653
10566
10654
10567
10655
10568
10656
10569
10657
10570
10658
10571
10659
10572
10660
10573
10661
10574
10662
10575
10663
10576
10664
10577
10665
10578
10666
10579
10667
10580
10668
10581
10669
10582
10670
10583
10671
10584
10672
10585
10673
10586
10674
10587
10675
10588
10676
10589
10677
10590
10678
10591
10679
10592
10680
10593
10681
10594
10682
10595
10683
10596
10684
10597
10685
10598
10686
10599
10687
10600
10688
10601
10689
10602
10690
10603
10691
10604
10692
10605
10693
10606
10694
10607
10695
10608
10696
10609
10697
10610
10698
10611
10699
10612
10700
10613
10701
10614
10702
10615
10703
10616
10704
10617
10705
10618
10706
10619
10707
10620
10708
10621
10709
10622
10710
10623
10711
10624
10712
10713
14949
10626
10714
10627
10715
10628
10716
10629
10717
10630
10718
10631
10719
10632
10720
10633
10721
10634
10722
10635
10723
10636
10724
10637
10725
10638
10726
10639
10727
10640
10728
10641
10729
10642
10730
10643
10731
10644
10732
10645
10733
10646
10734
10647
10735
10648
10736
10649
10737
10650
10738
10651
10739
10652
10740
10653
10741
10654
10742
10655
10743
10656
10744
10657
10745
10658
10746
10659
10747
10660
10748
10661
10749
10662
10750
10663
10751
10664
10752
10665
10753
10666
10754
10667
10755
10668
10756
10669
10757
10670
10758
10671
10759
10672
10760
10673
10761
10674
10762
10675
10763
10676
10764
10677
10765
10678
10766
10679
10767
10680
10768
10681
10769
10682
10770
10683
10771
10684
10772
10685
10773
10686
10774
10687
10775
10688
10776
10689
10777
10690
10778
10691
10779
10692
10780
10693
10781
10694
10782
10695
10783
10696
10784
10697
10785
10698
10786
10699
10787
10700
10788
10701
10789
10702
10790
10703
10791
10704
10792
10705
10793
10706
10794
10707
10795
10708
10796
10709
10797
10710
10798
10711
10799
10712
10800
10713
10801
10802
14850
10715
10803
10716
10804
10717
10805
10718
10806
10719
10807
10720
10808
10721
10809
10722
10810
10723
10811
10724
10812
10725
10813
10726
10814
10727
10815
10728
10816
10729
10817
10730
10818
10731
10819
10732
10820
10733
10821
10734
10822
10735
10823
10736
10824
10737
10825
10738
10826
10739
10827
10740
10828
10741
10829
10742
10830
10743
10831
10744
10832
10745
10833
10746
10834
10747
10835
10748
10836
10749
10837
10750
10838
10751
10839
10752
10840
10753
10841
10754
10842
10755
10843
10756
10844
10757
10845
10758
10846
10759
10847
10760
10848
10761
10849
10762
10850
10763
10851
10764
10852
10765
10853
10766
10854
10767
10855
10768
10856
10769
10857
10770
10858
10771
10859
10772
10860
10773
10861
10774
10862
10775
10863
10776
10864
10777
10865
10778
10866
10779
10867
10780
10868
10781
10869
10782
10870
10783
10871
10784
10872
10785
10873
10786
10874
10787
10875
10788
10876
10789
10877
10790
10878
10791
10879
10792
10880
10793
10881
10794
10882
10795
10883
10796
10884
10797
10885
10798
10886
10799
10887
10800
10888
10801
10889
10802
10890
10891
14751
10804
10892
10805
10893
10806
10894
10807
10895
10808
10896
10809
10897
10810
10898
10811
10899
10812
10900
10813
10901
10814
10902
10815
10903
10816
10904
10817
10905
10818
10906
10819
10907
10820
10908
10821
10909
10822
10910
10823
10911
10824
10912
10825
10913
10826
10914
10827
10915
10828
10916
10829
10917
10830
10918
10831
10919
10832
10920
10833
10921
10834
10922
10835
10923
10836
10924
10837
10925
10838
10926
10839
10927
10840
10928
10841
10929
10842
10930
10843
10931
10844
10932
10845
10933
10846
10934
10847
10935
10848
10936
10849
10937
10850
10938
10851
10939
10852
10940
10853
10941
10854
10942
10855
10943
10856
10944
10857
10945
10858
10946
10859
10947
10860
10948
10861
10949
10862
10950
10863
10951
10864
10952
10865
10953
10866
10954
10867
10955
10868
10956
10869
10957
10870
10958
10871
10959
10872
10960
10873
10961
10874
10962
10875
10963
10876
10964
10877
10965
10878
10966
10879
10967
10880
10968
10881
10969
10882
10970
10883
10971
10884
10972
10885
10973
10886
10974
10887
10975
10888
10976
10889
10977
10890
10978
10891
10979
10980
14652
10893
10981
10894
10982
10895
10983
10896
10984
10897
10985
10898
10986
10899
10987
10900
10988
10901
10989
10902
10990
10903
10991
10904
10992
10905
10993
10906
10994
10907
10995
10908
10996
10909
10997
10910
10998
10911
10999
10912
11000
10913
11001
10914
11002
10915
11003
10916
11004
10917
11005
10918
11006
10919
11007
10920
11008
10921
11009
10922
11010
10923
11011
10924
11012
10925
11013
10926
11014
10927
11015
10928
11016
10929
11017
10930
11018
10931
11019
10932
11020
10933
11021
10934
11022
10935
11023
10936
11024
10937
11025
10938
11026
10939
11027
10940
11028
10941
11029
10942
11030
10943
11031
10944
11032
10945
11033
10946
11034
10947
11035
10948
11036
10949
11037
10950
11038
10951
11039
10952
11040
10953
11041
10954
11042
10955
11043
10956
11044
10957
11045
10958
11046
10959
11047
10960
11048
10961
11049
10962
11050
10963
11051
10964
11052
10965
11053
10966
11054
10967
11055
10968
11056
10969
11057
10970
11058
10971
11059
10972
11060
10973
11061
10974
11062
10975
11063
10976
11064
10977
11065
10978
11066
10979
11067
10980
11068
11069
14553
10982
11070
10983
11071
10984
11072
10985
11073
10986
11074
10987
11075
10988
11076
10989
11077
10990
11078
10991
11079
10992
11080
10993
11081
10994
11082
10995
11083
10996
11084
10997
11085
10998
11086
10999
11087
11000
11088
11001
11089
11002
11090
11003
11091
11004
11092
11005
11093
11006
11094
11007
11095
11008
11096
11009
11097
11010
11098
11011
11099
11012
11100
11013
11101
11014
11102
11015
11103
11016
11104
11017
11105
11018
11106
11019
11107
11020
11108
11021
11109
11022
11110
11023
11111
11024
11112
11025
11113
11026
11114
11027
11115
11028
11116
11029
11117
11030
11118
11031
11119
11032
11120
11033
11121
11034
11122
11035
11123
11036
11124
11037
11125
11038
11126
11039
11127
11040
11128
11041
11129
11042
11130
11043
11131
11044
11132
11045
11133
11046
11134
11047
11135
11048
11136
11049
11137
11050
11138
11051
11139
11052
11140
11053
11141
11054
11142
11055
11143
11056
11144
11057
11145
11058
11146
11059
11147
11060
11148
11061
11149
11062
11150
11063
11151
11064
11152
11065
11153
11066
11154
11067
11155
11068
11156
11069
11157
11158
14454
11071
11159
11072
11160
11073
11161
11074
11162
11075
11163
11076
11164
11077
11165
11078
11166
11079
11167
11080
11168
11081
11169
11082
11170
11083
11171
11084
11172
11085
11173
11086
11174
11087
11175
11088
11176
11089
11177
11090
11178
11091
11179
11092
11180
11093
11181
11094
11182
11095
11183
11096
11184
11097
11185
11098
11186
11099
11187
11100
11188
11101
11189
11102
11190
11103
11191
11104
11192
11105
11193
11106
11194
11107
11195
11108
11196
11109
11197
11110
11198
11111
11199
11112
11200
11113
11201
11114
11202
11115
11203
11116
11204
11117
11205
11118
11206
11119
11207
11120
11208
11121
11209
11122
11210
11123
11211
11124
11212
11125
11213
11126
11214
11127
11215
11128
11216
11129
11217
11130
11218
11131
11219
11132
11220
11133
11221
11134
11222
11135
11223
11136
11224
11137
11225
11138
11226
11139
11227
11140
11228
11141
11229
11142
11230
11143
11231
11144
11232
11145
11233
11146
11234
11147
11235
11148
11236
11149
11237
11150
11238
11151
11239
11152
11240
11153
11241
11154
11242
11155
11243
11156
11244
11157
11245
11158
11246
11247
14355
11160
11248
11161
11249
11162
11250
11163
11251
11164
11252
11165
11253
11166
11254
11167
11255
11168
11256
11169
11257
11170
11258
11171
11259
11172
11260
11173
11261
11174
11262
11175
11263
11176
11264
11177
11265
11178
11266
11179
11267
11180
11268
11181
11269
11182
11270
11183
11271
11184
11272
11185
11273
11186
11274
11187
11275
11188
11276
11189
11277
11190
11278
11191
11279
11192
11280
11193
11281
11194
11282
11195
11283
11196
11284
11197
11285
11198
11286
11199
11287
11200
11288
11201
11289
11202
11290
11203
11291
11204
11292
11205
11293
11206
11294
11207
11295
11208
11296
11209
11297
11210
11298
11211
11299
11212
11300
11213
11301
11214
11302
11215
11303
11216
11304
11217
11305
11218
11306
11219
11307
11220
11308
11221
11309
11222
11310
11223
11311
11224
11312
11225
11313
11226
11314
11227
11315
11228
11316
11229
11317
11230
11318
11231
11319
11232
11320
11233
11321
11234
11322
11235
11323
11236
11324
11237
11325
11238
11326
11239
11327
11240
11328
11241
11329
11242
11330
11243
11331
11244
11332
11245
11333
11246
11334
11247
11335
11336
14256
11249
11337
11250
11338
11251
11339
11252
11340
11253
11341
11254
11342
11255
11343
11256
11344
11257
11345
11258
11346
11259
11347
11260
11348
11261
11349
11262
11350
11263
11351
11264
11352
11265
11353
11266
11354
11267
11355
11268
11356
11269
11357
11270
11358
11271
11359
11272
11360
11273
11361
11274
11362
11275
11363
11276
11364
11277
11365
11278
11366
11279
11367
11280
11368
11281
11369
11282
11370
11283
11371
11284
11372
11285
11373
11286
11374
11287
11375
11288
11376
11289
11377
11290
11378
11291
11379
11292
11380
11293
11381
11294
11382
11295
11383
11296
11384
11297
11385
11298
11386
11299
11387
11300
11388
11301
11389
11302
11390
11303
11391
11304
11392
11305
11393
11306
11394
11307
11395
11308
11396
11309
11397
11310
11398
11311
11399
11312
11400
11313
11401
11314
11402
11315
11403
11316
11404
11317
11405
11318
11406
11319
11407
11320
11408
11321
11409
11322
11410
11323
11411
11324
11412
11325
11413
11326
11414
11327
11415
11328
11416
11329
11417
11330
11418
11331
11419
11332
11420
11333
11421
11334
11422
11335
11423
11336
11424
11425
14157
11338
11426
11339
11427
11340
11428
11341
11429
11342
11430
11343
11431
11344
11432
11345
11433
11346
11434
11347
11435
11348
11436
11349
11437
11350
11438
11351
11439
11352
11440
11353
11441
11354
11442
11355
11443
11356
11444
11357
11445
11358
11446
11359
11447
11360
11448
11361
11449
11362
11450
11363
11451
11364
11452
11365
11453
11366
11454
11367
11455
11368
11456
11369
11457
11370
11458
11371
11459
11372
11460
11373
11461
11374
11462
11375
11463
11376
11464
11377
11465
11378
11466
11379
11467
11380
11468
11381
11469
11382
11470
11383
11471
11384
11472
11385
11473
11386
11474
11387
11475
11388
11476
11389
11477
11390
11478
11391
11479
11392
11480
11393
11481
11394
11482
11395
11483
11396
11484
11397
11485
11398
11486
11399
11487
11400
11488
11401
11489
11402
11490
11403
11491
11404
11492
11405
11493
11406
11494
11407
11495
11408
11496
11409
11497
11410
11498
11411
11499
11412
11500
11413
11501
11414
11502
11415
11503
11416
11504
11417
11505
11418
11506
11419
11507
11420
11508
11421
11509
11422
11510
11423
11511
11424
11512
11425
11513
11514
14058
11427
11515
11428
11516
11429
11517
11430
11518
11431
11519
11432
11520
11433
11521
11434
11522
11435
11523
11436
11524
11437
11525
11438
11526
11439
11527
11440
11528
11441
11529
11442
11530
11443
11531
11444
11532
11445
11533
11446
11534
11447
11535
11448
11536
11449
11537
11450
11538
11451
11539
11452
11540
11453
11541
11454
11542
11455
11543
11456
11544
11457
11545
11458
11546
11459
11547
11460
11548
11461
11549
11462
11550
11463
11551
11464
11552
11465
11553
11466
11554
11467
11555
11468
11556
11469
11557
11470
11558
11471
11559
11472
11560
11473
11561
11474
11562
11475
11563
11476
11564
11477
11565
11478
11566
11479
11567
11480
11568
11481
11569
11482
11570
11483
11571
11484
11572
11485
11573
11486
11574
11487
11575
11488
11576
11489
11577
11490
11578
11491
11579
11492
11580
11493
11581
11494
11582
11495
11583
11496
11584
11497
11585
11498
11586
11499
11587
11500
11588
11501
11589
11502
11590
11503
11591
11504
11592
11505
11593
11506
11594
11507
11595
11508
11596
11509
11597
11510
11598
11511
11599
11512
11600
11513
11601
11514
11602
11603
13959
11516
11604
11517
11605
11518
11606
11519
11607
11520
11608
11521
11609
11522
11610
11523
11611
11524
11612
11525
11613
11526
11614
11527
11615
11528
11616
11529
11617
11530
11618
11531
11619
11532
11620
11533
11621
11534
11622
11535
11623
11536
11624
11537
11625
11538
11626
11539
11627
11540
11628
11541
11629
11542
11630
11543
11631
11544
11632
11545
11633
11546
11634
11547
11635
11548
11636
11549
11637
11550
11638
11551
11639
11552
11640
11553
11641
11554
11642
11555
11643
11556
11644
11557
11645
11558
11646
11559
11647
11560
11648
11561
11649
11562
11650
11563
11651
11564
11652
11565
11653
11566
11654
11567
11655
11568
11656
11569
11657
11570
11658
11571
11659
11572
11660
11573
11661
11574
11662
11575
11663
11576
11664
11577
11665
11578
11666
11579
11667
11580
11668
11581
11669
11582
11670
11583
11671
11584
11672
11585
11673
11586
11674
11587
11675
11588
11676
11589
11677
11590
11678
11591
11679
11592
11680
11593
11681
11594
11682
11595
11683
11596
11684
11597
11685
11598
11686
11599
11687
11600
11688
11601
11689
11602
11690
11603
11691
11692
13860
11605
11693
11606
11694
11607
11695
11608
11696
11609
11697
11610
11698
11611
11699
11612
11700
11613
11701
11614
11702
11615
11703
11616
11704
11617
11705
11618
11706
11619
11707
11620
11708
11621
11709
11622
11710
11623
11711
11624
11712
11625
11713
11626
11714
11627
11715
11628
11716
11629
11717
11630
11718
11631
11719
11632
11720
11633
11721
11634
11722
11635
11723
11636
11724
11637
11725
11638
11726
11639
11727
11640
11728
11641
11729
11642
11730
11643
11731
11644
11732
11645
11733
11646
11734
11647
11735
11648
11736
11649
11737
11650
11738
11651
11739
11652
11740
11653
11741
11654
11742
11655
11743
11656
11744
11657
11745
11658
11746
11659
11747
11660
11748
11661
11749
11662
11750
11663
11751
11664
11752
11665
11753
11666
11754
11667
11755
11668
11756
11669
11757
11670
11758
11671
11759
11672
11760
11673
11761
11674
11762
11675
11763
11676
11764
11677
11765
11678
11766
11679
11767
11680
11768
11681
11769
11682
11770
11683
11771
11684
11772
11685
11773
11686
11774
11687
11775
11688
11776
11689
11777
11690
11778
11691
11779
11692
11780
11781
13761
11694
11782
11695
11783
11696
11784
11697
11785
11698
11786
11699
11787
11700
11788
11701
11789
11702
11790
11703
11791
11704
11792
11705
11793
11706
11794
11707
11795
11708
11796
11709
11797
11710
11798
11711
11799
11712
11800
11713
11801
11714
11802
11715
11803
11716
11804
11717
11805
11718
11806
11719
11807
11720
11808
11721
11809
11722
11810
11723
11811
11724
11812
11725
11813
11726
11814
11727
11815
11728
11816
11729
11817
11730
11818
11731
11819
11732
11820
11733
11821
11734
11822
11735
11823
11736
11824
11737
11825
11738
11826
11739
11827
11740
11828
11741
11829
11742
11830
11743
11831
11744
11832
11745
11833
11746
11834
11747
11835
11748
11836
11749
11837
11750
11838
11751
11839
11752
11840
11753
11841
11754
11842
11755
11843
11756
11844
11757
11845
11758
11846
11759
11847
11760
11848
11761
11849
11762
11850
11763
11851
11764
11852
11765
11853
11766
11854
11767
11855
11768
11856
11769
11857
11770
11858
11771
11859
11772
11860
11773
11861
11774
11862
11775
11863
11776
11864
11777
11865
11778
11866
11779
11867
11780
11868
11781
11869
11870
13662
11783
11871
11784
11872
11785
11873
11786
11874
11787
11875
11788
11876
11789
11877
11790
11878
11791
11879
11792
11880
11793
11881
11794
11882
11795
11883
11796
11884
11797
11885
11798
11886
11799
11887
11800
11888
11801
11889
11802
11890
11803
11891
11804
11892
11805
11893
11806
11894
11807
11895
11808
11896
11809
11897
11810
11898
11811
11899
11812
11900
11813
11901
11814
11902
11815
11903
11816
11904
11817
11905
11818
11906
11819
11907
11820
11908
11821
11909
11822
11910
11823
11911
11824
11912
11825
11913
11826
11914
11827
11915
11828
11916
11829
11917
11830
11918
11831
11919
11832
11920
11833
11921
11834
11922
11835
11923
11836
11924
11837
11925
11838
11926
11839
11927
11840
11928
11841
11929
11842
11930
11843
11931
11844
11932
11845
11933
11846
11934
11847
11935
11848
11936
11849
11937
11850
11938
11851
11939
11852
11940
11853
11941
11854
11942
11855
11943
11856
11944
11857
11945
11858
11946
11859
11947
11860
11948
11861
11949
11862
11950
11863
11951
11864
11952
11865
11953
11866
11954
11867
11955
11868
11956
11869
11957
11870
11958
11959
13563
11872
11960
11873
11961
11874
11962
11875
11963
11876
11964
11877
11965
11878
11966
11879
11967
11880
11968
11881
11969
11882
11970
11883
11971
11884
11972
11885
11973
11886
11974
11887
11975
11888
11976
11889
11977
11890
11978
11891
11979
11892
11980
11893
11981
11894
11982
11895
11983
11896
11984
11897
11985
11898
11986
11899
11987
11900
11988
11901
11989
11902
11990
11903
11991
11904
11992
11905
11993
11906
11994
11907
11995
11908
11996
11909
11997
11910
11998
11911
11999
11912
12000
11913
12001
11914
12002
11915
12003
11916
12004
11917
12005
11918
12006
11919
12007
11920
12008
11921
12009
11922
12010
11923
12011
11924
12012
11925
12013
11926
12014
11927
12015
11928
12016
11929
12017
11930
12018
11931
12019
11932
12020
11933
12021
11934
12022
11935
12023
11936
12024
11937
12025
11938
12026
11939
12027
11940
12028
11941
12029
11942
12030
11943
12031
11944
12032
11945
12033
11946
12034
11947
12035
11948
12036
11949
12037
11950
12038
11951
12039
11952
12040
11953
12041
11954
12042
11955
12043
11956
12044
11957
12045
11958
12046
11959
12047
12048
13464
11961
12049
11962
12050
11963
12051
11964
12052
11965
12053
11966
12054
11967
12055
11968
12056
11969
12057
11970
12058
11971
12059
11972
12060
11973
12061
11974
12062
11975
12063
11976
12064
11977
12065
11978
12066
11979
12067
11980
12068
11981
12069
11982
12070
11983
12071
11984
12072
11985
12073
11986
12074
11987
12075
11988
12076
11989
12077
11990
12078
11991
12079
11992
12080
11993
12081
11994
12082
11995
12083
11996
12084
11997
12085
11998
12086
11999
12087
12000
12088
12001
12089
12002
12090
12003
12091
12004
12092
12005
12093
12006
12094
12007
12095
12008
12096
12009
12097
12010
12098
12011
12099
12012
12100
12013
12101
12014
12102
12015
12103
12016
12104
12017
12105
12018
12106
12019
12107
12020
12108
12021
12109
12022
12110
12023
12111
12024
12112
12025
12113
12026
12114
12027
12115
12028
12116
12029
12117
12030
12118
12031
12119
12032
12120
12033
12121
12034
12122
12035
12123
12036
12124
12037
12125
12038
12126
12039
12127
12040
12128
12041
12129
12042
12130
12043
12131
12044
12132
12045
12133
12046
12134
12047
12135
12048
12136
12137
13365
12050
12138
12051
12139
12052
12140
12053
12141
12054
12142
12055
12143
12056
12144
12057
12145
12058
12146
12059
12147
12060
12148
12061
12149
12062
12150
12063
12151
12064
12152
12065
12153
12066
12154
12067
12155
12068
12156
12069
12157
12070
12158
12071
12159
12072
12160
12073
12161
12074
12162
12075
12163
12076
12164
12077
12165
12078
12166
12079
12167
12080
12168
12081
12169
12082
12170
12083
12171
12084
12172
12085
12173
12086
12174
12087
12175
12088
12176
12089
12177
12090
12178
12091
12179
12092
12180
12093
12181
12094
12182
12095
12183
12096
12184
12097
12185
12098
12186
12099
12187
12100
12188
12101
12189
12102
12190
12103
12191
12104
12192
12105
12193
12106
12194
12107
12195
12108
12196
12109
12197
12110
12198
12111
12199
12112
12200
12113
12201
12114
12202
12115
12203
12116
12204
12117
12205
12118
12206
12119
12207
12120
12208
12121
12209
12122
12210
12123
12211
12124
12212
12125
12213
12126
12214
12127
12215
12128
12216
12129
12217
12130
12218
12131
12219
12132
12220
12133
12221
12134
12222
12135
12223
12136
12224
12137
12225
12226
13266
12139
12227
12140
12228
12141
12229
12142
12230
12143
12231
12144
12232
12145
12233
12146
12234
12147
12235
12148
12236
12149
12237
12150
12238
12151
12239
12152
12240
12153
12241
12154
12242
12155
12243
12156
12244
12157
12245
12158
12246
12159
12247
12160
12248
12161
12249
12162
12250
12163
12251
12164
12252
12165
12253
12166
12254
12167
12255
12168
12256
12169
12257
12170
12258
12171
12259
12172
12260
12173
12261
12174
12262
12175
12263
12176
12264
12177
12265
12178
12266
12179
12267
12180
12268
12181
12269
12182
12270
12183
12271
12184
12272
12185
12273
12186
12274
12187
12275
12188
12276
12189
12277
12190
12278
12191
12279
12192
12280
12193
12281
12194
12282
12195
12283
12196
12284
12197
12285
12198
12286
12199
12287
12200
12288
12201
12289
12202
12290
12203
12291
12204
12292
12205
12293
12206
12294
12207
12295
12208
12296
12209
12297
12210
12298
12211
12299
12212
12300
12213
12301
12214
12302
12215
12303
12216
12304
12217
12305
12218
12306
12219
12307
12220
12308
12221
12309
12222
12310
12223
12311
12224
12312
12225
12313
12226
12314
12315
13167
12228
12316
12229
12317
12230
12318
12231
12319
12232
12320
12233
12321
12234
12322
12235
12323
12236
12324
12237
12325
12238
12326
12239
12327
12240
12328
12241
12329
12242
12330
12243
12331
12244
12332
12245
12333
12246
12334
12247
12335
12248
12336
12249
12337
12250
12338
12251
12339
12252
12340
12253
12341
12254
12342
12255
12343
12256
12344
12257
12345
12258
12346
12259
12347
12260
12348
12261
12349
12262
12350
12263
12351
12264
12352
12265
12353
12266
12354
12267
12355
12268
12356
12269
12357
12270
12358
12271
12359
12272
12360
12273
12361
12274
12362
12275
12363
12276
12364
12277
12365
12278
12366
12279
12367
12280
12368
12281
12369
12282
12370
12283
12371
12284
12372
12285
12373
12286
12374
12287
12375
12288
12376
12289
12377
12290
12378
12291
12379
12292
12380
12293
12381
12294
12382
12295
12383
12296
12384
12297
12385
12298
12386
12299
12387
12300
12388
12301
12389
12302
12390
12303
12391
12304
12392
12305
12393
12306
12394
12307
12395
12308
12396
12309
12397
12310
12398
12311
12399
12312
12400
12313
12401
12314
12402
12315
12403
12404
13068
12317
12405
12318
12406
12319
12407
12320
12408
12321
12409
12322
12410
12323
12411
12324
12412
12325
12413
12326
12414
12327
12415
12328
12416
12329
12417
12330
12418
12331
12419
12332
12420
12333
12421
12334
12422
12335
12423
12336
12424
12337
12425
12338
12426
12339
12427
12340
12428
12341
12429
12342
12430
12343
12431
12344
12432
12345
12433
12346
12434
12347
12435
12348
12436
12349
12437
12350
12438
12351
12439
12352
12440
12353
12441
12354
12442
12355
12443
12356
12444
12357
12445
12358
12446
12359
12447
12360
12448
12361
12449
12362
12450
12363
12451
12364
12452
12365
12453
12366
12454
12367
12455
12368
12456
12369
12457
12370
12458
12371
12459
12372
12460
12373
12461
12374
12462
12375
12463
12376
12464
12377
12465
12378
12466
12379
12467
12380
12468
12381
12469
12382
12470
12383
12471
12384
12472
12385
12473
12386
12474
12387
12475
12388
12476
12389
12477
12390
12478
12391
12479
12392
12480
12393
12481
12394
12482
12395
12483
12396
12484
12397
12485
12398
12486
12399
12487
12400
12488
12401
12489
12402
12490
12403
12491
12404
12492
12493
12969
12406
12494
12407
12495
12408
12496
12409
12497
12410
12498
12411
12499
12412
12500
12413
12501
12414
12502
12415
12503
12416
12504
12417
12505
12418
12506
12419
12507
12420
12508
12421
12509
12422
12510
12423
12511
12424
12512
12425
12513
12426
12514
12427
12515
12428
12516
12429
12517
12430
12518
12431
12519
12432
12520
12433
12521
12434
12522
12435
12523
12436
12524
12437
12525
12438
12526
12439
12527
12440
12528
12441
12529
12442
12530
12443
12531
12444
12532
12445
12533
12446
12534
12447
12535
12448
12536
12449
12537
12450
12538
12451
12539
12452
12540
12453
12541
12454
12542
12455
12543
12456
12544
12457
12545
12458
12546
12459
12547
12460
12548
12461
12549
12462
12550
12463
12551
12464
12552
12465
12553
12466
12554
12467
12555
12468
12556
12469
12557
12470
12558
12471
12559
12472
12560
12473
12561
12474
12562
12475
12563
12476
12564
12477
12565
12478
12566
12479
12567
12480
12568
12481
12569
12482
12570
12483
12571
12484
12572
12485
12573
12486
12574
12487
12575
12488
12576
12489
12577
12490
12578
12491
12579
12492
12580
12493
12581
12582
12870
12495
12583
12496
12584
12497
12585
12498
12586
12499
12587
12500
12588
12501
12589
12502
12590
12503
12591
12504
12592
12505
12593
12506
12594
12507
12595
12508
12596
12509
12597
12510
12598
12511
12599
12512
12600
12513
12601
12514
12602
12515
12603
12516
12604
12517
12605
12518
12606
12519
12607
12520
12608
12521
12609
12522
12610
12523
12611
12524
12612
12525
12613
12526
12614
12527
12615
12528
12616
12529
12617
12530
12618
12531
12619
12532
12620
12533
12621
12534
12622
12535
12623
12536
12624
12537
12625
12538
12626
12539
12627
12540
12628
12541
12629
12542
12630
12543
12631
12544
12632
12545
12633
12546
12634
12547
12635
12548
12636
12549
12637
12550
12638
12551
12639
12552
12640
12553
12641
12554
12642
12555
12643
12556
12644
12557
12645
12558
12646
12559
12647
12560
12648
12561
12649
12562
12650
12563
12651
12564
12652
12565
12653
12566
12654
12567
12655
12568
12656
12569
12657
12570
12658
12571
12659
12572
12660
12573
12661
12574
12662
12575
12663
12576
12664
12577
12665
12578
12666
12579
12667
12580
12668
12581
12669
12582
12670
12671
12771
12584
12585
12586
12587
12588
12589
12590
12591
12592
12593
12594
12595
12596
12597
12598
12599
12600
12601
12602
12603
12604
12605
12606
12607
12608
12609
12610
12611
12612
12613
12614
12615
12616
12617
12618
12619
12620
12621
12622
12623
12624
12625
12626
12627
12628
12629
12630
12631
12632
12633
12634
12635
12636
12637
12638
12639
12640
12641
12642
12643
12644
12645
12646
12647
12648
12649
12650
12651
12652
12653
12654
12655
12656
12657
12658
12659
12660
12661
12662
12663
12664
12665
12666
12667
12668
12669
12670
12671
12672
12673
12771
22473
12674
12772
22474
12675
12773
22475
12676
12774
22476
12677
12775
22477
12678
12776
22478
12679
12777
22479
12680
12778
22480
12681
12779
22481
12682
12780
22482
12683
12781
22483
12684
12782
22484
12685
12783
22485
12686
12784
22486
12687
12785
22487
12688
12786
22488
12689
12787
22489
12690
12788
22490
12691
12789
22491
12692
12790
22492
12693
12791
22493
12694
12792
22494
12695
12793
22495
12696
12794
22496
12697
12795
22497
12698
12796
22498
12699
12797
22499
12700
12798
22500
12701
12799
22501
12702
12800
22502
12703
12801
22503
12704
12802
22504
12705
12803
22505
12706
12804
22506
12707
12805
22507
12708
12806
22508
12709
12807
22509
12710
12808
22510
12711
12809
22511
12712
12810
22512
12713
12811
22513
12714
12812
22514
12715
12813
22515
12716
12814
22516
12717
12815
22517
12718
12816
22518
12719
12817
22519
12720
12818
22520
12721
12819
22521
12722
12820
22522
12723
12821
22523
12724
12822
22524
12725
12823
22525
12726
12824
22526
12727
12825
22527
12728
12826
22528
12729
12827
22529
12730
12828
22530
12731
12829
22531
12732
12830
22532
12733
12831
22533
12734
12832
22534
12735
12833
22535
12736
12834
22536
12737
12835
22537
12738
12836
22538
12739
12837
22539
12740
12838
22540
12741
12839
22541
12742
12840
22542
12743
12841
22543
12744
12842
22544
12745
12843
22545
12746
12844
22546
12747
12845
22547
12748
12846
22548
12749
12847
22549
12750
12848
22550
12751
12849
22551
12752
12850
22552
12753
12851
22553
12754
12852
22554
12755
12853
22555
12756
12854
22556
12757
12855
22557
12758
12856
22558
12759
12857
22559
12760
12858
22560
12761
12859
22561
12762
12860
22562
12763
12861
22563
12764
12862
22564
12765
12863
22565
12766
12864
22566
12767
12865
22567
12768
12866
22568
12769
12867
22569
12770
12868
22570
12869
22571
12772
12870
12773
12871
12774
12872
12775
12873
12776
12874
12777
12875
12778
12876
12779
12877
12780
12878
12781
12879
12782
12880
12783
12881
12784
12882
12785
12883
12786
12884
12787
12885
12788
12886
12789
12887
12790
12888
12791
12889
12792
12890
12793
12891
12794
12892
12795
12893
12796
12894
12797
12895
12798
12896
12799
12897
12800
12898
12801
12899
12802
12900
12803
12901
12804
12902
12805
12903
12806
12904
12807
12905
12808
12906
12809
12907
12810
12908
12811
12909
12812
12910
12813
12911
12814
12912
12815
12913
12816
12914
12817
12915
12818
12916
12819
12917
12820
12918
12821
12919
12822
12920
12823
12921
12824
12922
12825
12923
12826
12924
12827
12925
12828
12926
12829
12927
12830
12928
12831
12929
12832
12930
12833
12931
12834
12932
12835
12933
12836
12934
12837
12935
12838
12936
12839
12937
12840
12938
12841
12939
12842
12940
12843
12941
12844
12942
12845
12943
12846
12944
12847
12945
12848
12946
12849
12947
12850
12948
12851
12949
12852
12950
12853
12951
12854
12952
12855
12953
12856
12954
12857
12955
12858
12956
12859
12957
12860
12958
12861
12959
12862
12960
12863
12961
12864
12962
12865
12963
12866
12964
12867
12965
12868
12966
12869
12967
12968
12871
12969
12872
12970
12873
12971
12874
12972
12875
12973
12876
12974
12877
12975
12878
12976
12879
12977
12880
12978
12881
12979
12882
12980
12883
12981
12884
12982
12885
12983
12886
12984
12887
12985
12888
12986
12889
12987
12890
12988
12891
12989
12892
12990
12893
12991
12894
12992
12895
12993
12896
12994
12897
12995
12898
12996
12899
12997
12900
12998
12901
12999
12902
13000
12903
13001
12904
13002
12905
13003
12906
13004
12907
13005
12908
13006
12909
13007
12910
13008
12911
13009
12912
13010
12913
13011
12914
13012
12915
13013
12916
13014
12917
13015
12918
13016
12919
13017
12920
13018
12921
13019
12922
13020
12923
13021
12924
13022
12925
13023
12926
13024
12927
13025
12928
13026
12929
13027
12930
13028
12931
13029
12932
13030
12933
13031
12934
13032
12935
13033
12936
13034
12937
13035
12938
13036
12939
13037
12940
13038
12941
13039
12942
13040
12943
13041
12944
13042
12945
13043
12946
13044
12947
13045
12948
13046
12949
13047
12950
13048
12951
13049
12952
13050
12953
13051
12954
13052
12955
13053
12956
13054
12957
13055
12958
13056
12959
13057
12960
13058
12961
13059
12962
13060
12963
13061
12964
13062
12965
13063
12966
13064
12967
13065
12968
13066
13067
12970
13068
12971
13069
12972
13070
12973
13071
12974
13072
12975
13073
12976
13074
12977
13075
12978
13076
12979
13077
12980
13078
12981
13079
12982
13080
12983
13081
12984
13082
12985
13083
12986
13084
12987
13085
12988
13086
12989
13087
12990
13088
12991
13089
12992
13090
12993
13091
12994
13092
12995
13093
12996
13094
12997
13095
12998
13096
12999
13097
13000
13098
13001
13099
13002
13100
13003
13101
13004
13102
13005
13103
13006
13104
13007
13105
13008
13106
13009
13107
13010
13108
13011
13109
13012
13110
13013
13111
13014
13112
13015
13113
13016
13114
13017
13115
13018
13116
13019
13117
13020
13118
13021
13119
13022
13120
13023
13121
13024
13122
13025
13123
13026
13124
13027
13125
13028
13126
13029
13127
13030
13128
13031
13129
13032
13130
13033
13131
13034
13132
13035
13133
13036
13134
13037
13135
13038
13136
13039
13137
13040
13138
13041
13139
13042
13140
13043
13141
13044
13142
13045
13143
13046
13144
13047
13145
13048
13146
13049
13147
13050
13148
13051
13149
13052
13150
13053
13151
13054
13152
13055
13153
13056
13154
13057
13155
13058
13156
13059
13157
13060
13158
13061
13159
13062
13160
13063
13161
13064
13162
13065
13163
13066
13164
13067
13165
13166
13069
13167
13070
13168
13071
13169
13072
13170
13073
13171
13074
13172
13075
13173
13076
13174
13077
13175
13078
13176
13079
13177
13080
13178
13081
13179
13082
13180
13083
13181
13084
13182
13085
13183
13086
13184
13087
13185
13088
13186
13089
13187
13090
13188
13091
13189
13092
13190
13093
13191
13094
13192
13095
13193
13096
13194
13097
13195
13098
13196
13099
13197
13100
13198
13101
13199
13102
13200
13103
13201
13104
13202
13105
13203
13106
13204
13107
13205
13108
13206
13109
13207
13110
13208
13111
13209
13112
13210
13113
13211
13114
13212
13115
13213
13116
13214
13117
13215
13118
13216
13119
13217
13120
13218
13121
13219
13122
13220
13123
13221
13124
13222
13125
13223
13126
13224
13127
13225
13128
13226
13129
13227
13130
13228
13131
13229
13132
13230
13133
13231
13134
13232
13135
13233
13136
13234
13137
13235
13138
13236
13139
13237
13140
13238
13141
13239
13142
13240
13143
13241
13144
13242
13145
13243
13146
13244
13147
13245
13148
13246
13149
13247
13150
13248
13151
13249
13152
13250
13153
13251
13154
13252
13155
13253
13156
13254
13157
13255
13158
13256
13159
13257
13160
13258
13161
13259
13162
13260
13163
13261
13164
13262
13165
13263
13166
13264
13265
13168
13266
13169
13267
13170
13268
13171
13269
13172
13270
13173
13271
13174
13272
13175
13273
13176
13274
13177
13275
13178
13276
13179
13277
13180
13278
13181
13279
13182
13280
13183
13281
13184
13282
13185
13283
13186
13284
13187
13285
13188
13286
13189
13287
13190
13288
13191
13289
13192
13290
13193
13291
13194
13292
13195
13293
13196
13294
13197
13295
13198
13296
13199
13297
13200
13298
13201
13299
13202
13300
13203
13301
13204
13302
13205
13303
13206
13304
13207
13305
13208
13306
13209
13307
13210
13308
13211
13309
13212
13310
13213
13311
13214
13312
13215
13313
13216
13314
13217
13315
13218
13316
13219
13317
13220
13318
13221
13319
13222
13320
13223
13321
13224
13322
13225
13323
13226
13324
13227
13325
13228
13326
13229
13327
13230
13328
13231
13329
13232
13330
13233
13331
13234
13332
13235
13333
13236
13334
13237
13335
13238
13336
13239
13337
13240
13338
13241
13339
13242
13340
13243
13341
13244
13342
13245
13343
13246
13344
13247
13345
13248
13346
13249
13347
13250
13348
13251
13349
13252
13350
13253
13351
13254
13352
13255
13353
13256
13354
13257
13355
13258
13356
13259
13357
13260
13358
13261
13359
13262
13360
13263
13361
13264
13362
13265
13363
13364
13267
13365
13268
13366
13269
13367
13270
13368
13271
13369
13272
13370
13273
13371
13274
13372
13275
13373
13276
13374
13277
13375
13278
13376
13279
13377
13280
13378
13281
13379
13282
13380
13283
13381
13284
13382
13285
13383
13286
13384
13287
13385
13288
13386
13289
13387
13290
13388
13291
13389
13292
13390
13293
13391
13294
13392
13295
13393
13296
13394
13297
13395
13298
13396
13299
13397
13300
13398
13301
13399
13302
13400
13303
13401
13304
13402
13305
13403
13306
13404
13307
13405
13308
13406
13309
13407
13310
13408
13311
13409
13312
13410
13313
13411
13314
13412
13315
13413
13316
13414
13317
13415
13318
13416
13319
13417
13320
13418
13321
13419
13322
13420
13323
13421
13324
13422
13325
13423
13326
13424
13327
13425
13328
13426
13329
13427
13330
13428
13331
13429
13332
13430
13333
13431
13334
13432
13335
13433
13336
13434
13337
13435
13338
13436
13339
13437
13340
13438
13341
13439
13342
13440
13343
13441
13344
13442
13345
13443
13346
13444
13347
13445
13348
13446
13349
13447
13350
13448
13351
13449
13352
13450
13353
13451
13354
13452
13355
13453
13356
13454
13357
13455
13358
13456
13359
13457
13360
13458
13361
13459
13362
13460
13363
13461
13364
13462
13463
13366
13464
13367
13465
13368
13466
13369
13467
13370
13468
13371
13469
13372
13470
13373
13471
13374
13472
13375
13473
13376
13474
13377
13475
13378
13476
13379
13477
13380
13478
13381
13479
13382
13480
13383
13481
13384
13482
13385
13483
13386
13484
13387
13485
13388
13486
13389
13487
13390
13488
13391
13489
13392
13490
13393
13491
13394
13492
13395
13493
13396
13494
13397
13495
13398
13496
13399
13497
13400
13498
13401
13499
13402
13500
13403
13501
13404
13502
13405
13503
13406
13504
13407
13505
13408
13506
13409
13507
13410
13508
13411
13509
13412
13510
13413
13511
13414
13512
13415
13513
13416
13514
13417
13515
13418
13516
13419
13517
13420
13518
13421
13519
13422
13520
13423
13521
13424
13522
13425
13523
13426
13524
13427
13525
13428
13526
13429
13527
13430
13528
13431
13529
13432
13530
13433
13531
13434
13532
13435
13533
13436
13534
13437
13535
13438
13536
13439
13537
13440
13538
13441
13539
13442
13540
13443
13541
13444
13542
13445
13543
13446
13544
13447
13545
13448
13546
13449
13547
13450
13548
13451
13549
13452
13550
13453
13551
13454
13552
13455
13553
13456
13554
13457
13555
13458
13556
13459
13557
13460
13558
13461
13559
13462
13560
13463
13561
13562
13465
13563
13466
13564
13467
13565
13468
13566
13469
13567
13470
13568
13471
13569
13472
13570
13473
13571
13474
13572
13475
13573
13476
13574
13477
13575
13478
13576
13479
13577
13480
13578
13481
13579
13482
13580
13483
13581
13484
13582
13485
13583
13486
13584
13487
13585
13488
13586
13489
13587
13490
13588
13491
13589
13492
13590
13493
13591
13494
13592
13495
13593
13496
13594
13497
13595
13498
13596
13499
13597
13500
13598
13501
13599
13502
13600
13503
13601
13504
13602
13505
13603
13506
13604
13507
13605
13508
13606
13509
13607
13510
13608
13511
13609
13512
13610
13513
13611
13514
13612
13515
13613
13516
13614
13517
13615
13518
13616
13519
13617
13520
13618
13521
13619
13522
13620
13523
13621
13524
13622
13525
13623
13526
13624
13527
13625
13528
13626
13529
13627
13530
13628
13531
13629
13532
13630
13533
13631
13534
13632
13535
13633
13536
13634
13537
13635
13538
13636
13539
13637
13540
13638
13541
13639
13542
13640
13543
13641
13544
13642
13545
13643
13546
13644
13547
13645
13548
13646
13549
13647
13550
13648
13551
13649
13552
13650
13553
13651
13554
13652
13555
13653
13556
13654
13557
13655
13558
13656
13559
13657
13560
13658
13561
13659
13562
13660
13661
13564
13662
13565
13663
13566
13664
13567
13665
13568
13666
13569
13667
13570
13668
13571
13669
13572
13670
13573
13671
13574
13672
13575
13673
13576
13674
13577
13675
13578
13676
13579
13677
13580
13678
13581
13679
13582
13680
13583
13681
13584
13682
13585
13683
13586
13684
13587
13685
13588
13686
13589
13687
13590
13688
13591
13689
13592
13690
13593
13691
13594
13692
13595
13693
13596
13694
13597
13695
13598
13696
13599
13697
13600
13698
13601
13699
13602
13700
13603
13701
13604
13702
13605
13703
13606
13704
13607
13705
13608
13706
13609
13707
13610
13708
13611
13709
13612
13710
13613
13711
13614
13712
13615
13713
13616
13714
13617
13715
13618
13716
13619
13717
13620
13718
13621
13719
13622
13720
13623
13721
13624
13722
13625
13723
13626
13724
13627
13725
13628
13726
13629
13727
13630
13728
13631
13729
13632
13730
13633
13731
13634
13732
13635
13733
13636
13734
13637
13735
13638
13736
13639
13737
13640
13738
13641
13739
13642
13740
13643
13741
13644
13742
13645
13743
13646
13744
13647
13745
13648
13746
13649
13747
13650
13748
13651
13749
13652
13750
13653
13751
13654
13752
13655
13753
13656
13754
13657
13755
13658
13756
13659
13757
13660
13758
13661
13759
13760
13663
13761
13664
13762
13665
13763
13666
13764
13667
13765
13668
13766
13669
13767
13670
13768
13671
13769
13672
13770
13673
13771
13674
13772
13675
13773
13676
13774
13677
13775
13678
13776
13679
13777
13680
13778
13681
13779
13682
13780
13683
13781
13684
13782
13685
13783
13686
13784
13687
13785
13688
13786
13689
13787
13690
13788
13691
13789
13692
13790
13693
13791
13694
13792
13695
13793
13696
13794
13697
13795
13698
13796
13699
13797
13700
13798
13701
13799
13702
13800
13703
13801
13704
13802
13705
13803
13706
13804
13707
13805
13708
13806
13709
13807
13710
13808
13711
13809
13712
13810
13713
13811
13714
13812
13715
13813
13716
13814
13717
13815
13718
13816
13719
13817
13720
13818
13721
13819
13722
13820
13723
13821
13724
13822
13725
13823
13726
13824
13727
13825
13728
13826
13729
13827
13730
13828
13731
13829
13732
13830
13733
13831
13734
13832
13735
13833
13736
13834
13737
13835
13738
13836
13739
13837
13740
13838
13741
13839
13742
13840
13743
13841
13744
13842
13745
13843
13746
13844
13747
13845
13748
13846
13749
13847
13750
13848
13751
13849
13752
13850
13753
13851
13754
13852
13755
13853
13756
13854
13757
13855
13758
13856
13759
13857
13760
13858
13859
13762
13860
13763
13861
13764
13862
13765
13863
13766
13864
13767
13865
13768
13866
13769
13867
13770
13868
13771
13869
13772
13870
13773
13871
13774
13872
13775
13873
13776
13874
13777
13875
13778
13876
13779
13877
13780
13878
13781
13879
13782
13880
13783
13881
13784
13882
13785
13883
13786
13884
13787
13885
13788
13886
13789
13887
13790
13888
13791
13889
13792
13890
13793
13891
13794
13892
13795
13893
13796
13894
13797
13895
13798
13896
13799
13897
13800
13898
13801
13899
13802
13900
13803
13901
13804
13902
13805
13903
13806
13904
13807
13905
13808
13906
13809
13907
13810
13908
13811
13909
13812
13910
13813
13911
13814
13912
13815
13913
13816
13914
13817
13915
13818
13916
13819
13917
13820
13918
13821
13919
13822
13920
13823
13921
13824
13922
13825
13923
13826
13924
13827
13925
13828
13926
13829
13927
13830
13928
13831
13929
13832
13930
13833
13931
13834
13932
13835
13933
13836
13934
13837
13935
13838
13936
13839
13937
13840
13938
13841
13939
13842
13940
13843
13941
13844
13942
13845
13943
13846
13944
13847
13945
13848
13946
13849
13947
13850
13948
13851
13949
13852
13950
13853
13951
13854
13952
13855
13953
13856
13954
13857
13955
13858
13956
13859
13957
13958
13861
13959
13862
13960
13863
13961
13864
13962
13865
13963
13866
13964
13867
13965
13868
13966
13869
13967
13870
13968
13871
13969
13872
13970
13873
13971
13874
13972
13875
13973
13876
13974
13877
13975
13878
13976
13879
13977
13880
13978
13881
13979
13882
13980
13883
13981
13884
13982
13885
13983
13886
13984
13887
13985
13888
13986
13889
13987
13890
13988
13891
13989
13892
13990
13893
13991
13894
13992
13895
13993
13896
13994
13897
13995
13898
13996
13899
13997
13900
13998
13901
13999
13902
14000
13903
14001
13904
14002
13905
14003
13906
14004
13907
14005
13908
14006
13909
14007
13910
14008
13911
14009
13912
14010
13913
14011
13914
14012
13915
14013
13916
14014
13917
14015
13918
14016
13919
14017
13920
14018
13921
14019
13922
14020
13923
14021
13924
14022
13925
14023
13926
14024
13927
14025
13928
14026
13929
14027
13930
14028
13931
14029
13932
14030
13933
14031
13934
14032
13935
14033
13936
14034
13937
14035
13938
14036
13939
14037
13940
14038
13941
14039
13942
14040
13943
14041
13944
14042
13945
14043
13946
14044
13947
14045
13948
14046
13949
14047
13950
14048
13951
14049
13952
14050
13953
14051
13954
14052
13955
14053
13956
14054
13957
14055
13958
14056
14057
13960
14058
13961
14059
13962
14060
13963
14061
13964
14062
13965
14063
13966
14064
13967
14065
13968
14066
13969
14067
13970
14068
13971
14069
13972
14070
13973
14071
13974
14072
13975
14073
13976
14074
13977
14075
13978
14076
13979
14077
13980
14078
13981
14079
13982
14080
13983
14081
13984
14082
13985
14083
13986
14084
13987
14085
13988
14086
13989
14087
13990
14088
13991
14089
13992
14090
13993
14091
13994
14092
13995
14093
13996
14094
13997
14095
13998
14096
13999
14097
14000
14098
14001
14099
14002
14100
14003
14101
14004
14102
14005
14103
14006
14104
14007
14105
14008
14106
14009
14107
14010
14108
14011
14109
14012
14110
14013
14111
14014
14112
14015
14113
14016
14114
14017
14115
14018
14116
14019
14117
14020
14118
14021
14119
14022
14120
14023
14121
14024
14122
14025
14123
14026
14124
14027
14125
14028
14126
14029
14127
14030
14128
14031
14129
14032
14130
14033
14131
14034
14132
14035
14133
14036
14134
14037
14135
14038
14136
14039
14137
14040
14138
14041
14139
14042
14140
14043
14141
14044
14142
14045
14143
14046
14144
14047
14145
14048
14146
14049
14147
14050
14148
14051
14149
14052
14150
14053
14151
14054
14152
14055
14153
14056
14154
14057
14155
14156
14059
14157
14060
14158
14061
14159
14062
14160
14063
14161
14064
14162
14065
14163
14066
14164
14067
14165
14068
14166
14069
14167
14070
14168
14071
14169
14072
14170
14073
14171
14074
14172
14075
14173
14076
14174
14077
14175
14078
14176
14079
14177
14080
14178
14081
14179
14082
14180
14083
14181
14084
14182
14085
14183
14086
14184
14087
14185
14088
14186
14089
14187
14090
14188
14091
14189
14092
14190
14093
14191
14094
14192
14095
14193
14096
14194
14097
14195
14098
14196
14099
14197
14100
14198
14101
14199
14102
14200
14103
14201
14104
14202
14105
14203
14106
14204
14107
14205
14108
14206
14109
14207
14110
14208
14111
14209
14112
14210
14113
14211
14114
14212
14115
14213
14116
14214
14117
14215
14118
14216
14119
14217
14120
14218
14121
14219
14122
14220
14123
14221
14124
14222
14125
14223
14126
14224
14127
14225
14128
14226
14129
14227
14130
14228
14131
14229
14132
14230
14133
14231
14134
14232
14135
14233
14136
14234
14137
14235
14138
14236
14139
14237
14140
14238
14141
14239
14142
14240
14143
14241
14144
14242
14145
14243
14146
14244
14147
14245
14148
14246
14149
14247
14150
14248
14151
14249
14152
14250
14153
14251
14154
14252
14155
14253
14156
14254
14255
14158
14256
14159
14257
14160
14258
14161
14259
14162
14260
14163
14261
14164
14262
14165
14263
14166
14264
14167
14265
14168
14266
14169
14267
14170
14268
14171
14269
14172
14270
14173
14271
14174
14272
14175
14273
14176
14274
14177
14275
14178
14276
14179
14277
14180
14278
14181
14279
14182
14280
14183
14281
14184
14282
14185
14283
14186
14284
14187
14285
14188
14286
14189
14287
14190
14288
14191
14289
14192
14290
14193
14291
14194
14292
14195
14293
14196
14294
14197
14295
14198
14296
14199
14297
14200
14298
14201
14299
14202
14300
14203
14301
14204
14302
14205
14303
14206
14304
14207
14305
14208
14306
14209
14307
14210
14308
14211
14309
14212
14310
14213
14311
14214
14312
14215
14313
14216
14314
14217
14315
14218
14316
14219
14317
14220
14318
14221
14319
14222
14320
14223
14321
14224
14322
14225
14323
14226
14324
14227
14325
14228
14326
14229
14327
14230
14328
14231
14329
14232
14330
14233
14331
14234
14332
14235
14333
14236
14334
14237
14335
14238
14336
14239
14337
14240
14338
14241
14339
14242
14340
14243
14341
14244
14342
14245
14343
14246
14344
14247
14345
14248
14346
14249
14347
14250
14348
14251
14349
14252
14350
14253
14351
14254
14352
14255
14353
14354
14257
14355
14258
14356
14259
14357
14260
14358
14261
14359
14262
14360
14263
14361
14264
14362
14265
14363
14266
14364
14267
14365
14268
14366
14269
14367
14270
14368
14271
14369
14272
14370
14273
14371
14274
14372
14275
14373
14276
14374
14277
14375
14278
14376
14279
14377
14280
14378
14281
14379
14282
14380
14283
14381
14284
14382
14285
14383
14286
14384
14287
14385
14288
14386
14289
14387
14290
14388
14291
14389
14292
14390
14293
14391
14294
14392
14295
14393
14296
14394
14297
14395
14298
14396
14299
14397
14300
14398
14301
14399
14302
14400
14303
14401
14304
14402
14305
14403
14306
14404
14307
14405
14308
14406
14309
14407
14310
14408
14311
14409
14312
14410
14313
14411
14314
14412
14315
14413
14316
14414
14317
14415
14318
14416
14319
14417
14320
14418
14321
14419
14322
14420
14323
14421
14324
14422
14325
14423
14326
14424
14327
14425
14328
14426
14329
14427
14330
14428
14331
14429
14332
14430
14333
14431
14334
14432
14335
14433
14336
14434
14337
14435
14338
14436
14339
14437
14340
14438
14341
14439
14342
14440
14343
14441
14344
14442
14345
14443
14346
14444
14347
14445
14348
14446
14349
14447
14350
14448
14351
14449
14352
14450
14353
14451
14354
14452
14453
14356
14454
14357
14455
14358
14456
14359
14457
14360
14458
14361
14459
14362
14460
14363
14461
14364
14462
14365
14463
14366
14464
14367
14465
14368
14466
14369
14467
14370
14468
14371
14469
14372
14470
14373
14471
14374
14472
14375
14473
14376
14474
14377
14475
14378
14476
14379
14477
14380
14478
14381
14479
14382
14480
14383
14481
14384
14482
14385
14483
14386
14484
14387
14485
14388
14486
14389
14487
14390
14488
14391
14489
14392
14490
14393
14491
14394
14492
14395
14493
14396
14494
14397
14495
14398
14496
14399
14497
14400
14498
14401
14499
14402
14500
14403
14501
14404
14502
14405
14503
14406
14504
14407
14505
14408
14506
14409
14507
14410
14508
14411
14509
14412
14510
14413
14511
14414
14512
14415
14513
14416
14514
14417
14515
14418
14516
14419
14517
14420
14518
14421
14519
14422
14520
14423
14521
14424
14522
14425
14523
14426
14524
14427
14525
14428
14526
14429
14527
14430
14528
14431
14529
14432
14530
14433
14531
14434
14532
14435
14533
14436
14534
14437
14535
14438
14536
14439
14537
14440
14538
14441
14539
14442
14540
14443
14541
14444
14542
14445
14543
14446
14544
14447
14545
14448
14546
14449
14547
14450
14548
14451
14549
14452
14550
14453
14551
14552
14455
14553
14456
14554
14457
14555
14458
14556
14459
14557
14460
14558
14461
14559
14462
14560
14463
14561
14464
14562
14465
14563
14466
14564
14467
14565
14468
14566
14469
14567
14470
14568
14471
14569
14472
14570
14473
14571
14474
14572
14475
14573
14476
14574
14477
14575
14478
14576
14479
14577
14480
14578
14481
14579
14482
14580
14483
14581
14484
14582
14485
14583
14486
14584
14487
14585
14488
14586
14489
14587
14490
14588
14491
14589
14492
14590
14493
14591
14494
14592
14495
14593
14496
14594
14497
14595
14498
14596
14499
14597
14500
14598
14501
14599
14502
14600
14503
14601
14504
14602
14505
14603
14506
14604
14507
14605
14508
14606
14509
14607
14510
14608
14511
14609
14512
14610
14513
14611
14514
14612
14515
14613
14516
14614
14517
14615
14518
14616
14519
14617
14520
14618
14521
14619
14522
14620
14523
14621
14524
14622
14525
14623
14526
14624
14527
14625
14528
14626
14529
14627
14530
14628
14531
14629
14532
14630
14533
14631
14534
14632
14535
14633
14536
14634
14537
14635
14538
14636
14539
14637
14540
14638
14541
14639
14542
14640
14543
14641
14544
14642
14545
14643
14546
14644
14547
14645
14548
14646
14549
14647
14550
14648
14551
14649
14552
14650
14651
14554
14652
14555
14653
14556
14654
14557
14655
14558
14656
14559
14657
14560
14658
14561
14659
14562
14660
14563
14661
14564
14662
14565
14663
14566
14664
14567
14665
14568
14666
14569
14667
14570
14668
14571
14669
14572
14670
14573
14671
14574
14672
14575
14673
14576
14674
14577
14675
14578
14676
14579
14677
14580
14678
14581
14679
14582
14680
14583
14681
14584
14682
14585
14683
14586
14684
14587
14685
14588
14686
14589
14687
14590
14688
14591
14689
14592
14690
14593
14691
14594
14692
14595
14693
14596
14694
14597
14695
14598
14696
14599
14697
14600
14698
14601
14699
14602
14700
14603
14701
14604
14702
14605
14703
14606
14704
14607
14705
14608
14706
14609
14707
14610
14708
14611
14709
14612
14710
14613
14711
14614
14712
14615
14713
14616
14714
14617
14715
14618
14716
14619
14717
14620
14718
14621
14719
14622
14720
14623
14721
14624
14722
14625
14723
14626
14724
14627
14725
14628
14726
14629
14727
14630
14728
14631
14729
14632
14730
14633
14731
14634
14732
14635
14733
14636
14734
14637
14735
14638
14736
14639
14737
14640
14738
14641
14739
14642
14740
14643
14741
14644
14742
14645
14743
14646
14744
14647
14745
14648
14746
14649
14747
14650
14748
14651
14749
14750
14653
14751
14654
14752
14655
14753
14656
14754
14657
14755
14658
14756
14659
14757
14660
14758
14661
14759
14662
14760
14663
14761
14664
14762
14665
14763
14666
14764
14667
14765
14668
14766
14669
14767
14670
14768
14671
14769
14672
14770
14673
14771
14674
14772
14675
14773
14676
14774
14677
14775
14678
14776
14679
14777
14680
14778
14681
14779
14682
14780
14683
14781
14684
14782
14685
14783
14686
14784
14687
14785
14688
14786
14689
14787
14690
14788
14691
14789
14692
14790
14693
14791
14694
14792
14695
14793
14696
14794
14697
14795
14698
14796
14699
14797
14700
14798
14701
14799
14702
14800
14703
14801
14704
14802
14705
14803
14706
14804
14707
14805
14708
14806
14709
14807
14710
14808
14711
14809
14712
14810
14713
14811
14714
14812
14715
14813
14716
14814
14717
14815
14718
14816
14719
14817
14720
14818
14721
14819
14722
14820
14723
14821
14724
14822
14725
14823
14726
14824
14727
14825
14728
14826
14729
14827
14730
14828
14731
14829
14732
14830
14733
14831
14734
14832
14735
14833
14736
14834
14737
14835
14738
14836
14739
14837
14740
14838
14741
14839
14742
14840
14743
14841
14744
14842
14745
14843
14746
14844
14747
14845
14748
14846
14749
14847
14750
14848
14849
14752
14850
14753
14851
14754
14852
14755
14853
14756
14854
14757
14855
14758
14856
14759
14857
14760
14858
14761
14859
14762
14860
14763
14861
14764
14862
14765
14863
14766
14864
14767
14865
14768
14866
14769
14867
14770
14868
14771
14869
14772
14870
14773
14871
14774
14872
14775
14873
14776
14874
14777
14875
14778
14876
14779
14877
14780
14878
14781
14879
14782
14880
14783
14881
14784
14882
14785
14883
14786
14884
14787
14885
14788
14886
14789
14887
14790
14888
14791
14889
14792
14890
14793
14891
14794
14892
14795
14893
14796
14894
14797
14895
14798
14896
14799
14897
14800
14898
14801
14899
14802
14900
14803
14901
14804
14902
14805
14903
14806
14904
14807
14905
14808
14906
14809
14907
14810
14908
14811
14909
14812
14910
14813
14911
14814
14912
14815
14913
14816
14914
14817
14915
14818
14916
14819
14917
14820
14918
14821
14919
14822
14920
14823
14921
14824
14922
14825
14923
14826
14924
14827
14925
14828
14926
14829
14927
14830
14928
14831
14929
14832
14930
14833
14931
14834
14932
14835
14933
14836
14934
14837
14935
14838
14936
14839
14937
14840
14938
14841
14939
14842
14940
14843
14941
14844
14942
14845
14943
14846
14944
14847
14945
14848
14946
14849
14947
14948
14851
14949
14852
14950
14853
14951
14854
14952
14855
14953
14856
14954
14857
14955
14858
14956
14859
14957
14860
14958
14861
14959
14862
14960
14863
14961
14864
14962
14865
14963
14866
14964
14867
14965
14868
14966
14869
14967
14870
14968
14871
14969
14872
14970
14873
14971
14874
14972
14875
14973
14876
14974
14877
14975
14878
14976
14879
14977
14880
14978
14881
14979
14882
14980
14883
14981
14884
14982
14885
14983
14886
14984
14887
14985
14888
14986
14889
14987
14890
14988
14891
14989
14892
14990
14893
14991
14894
14992
14895
14993
14896
14994
14897
14995
14898
14996
14899
14997
14900
14998
14901
14999
14902
15000
14903
15001
14904
15002
14905
15003
14906
15004
14907
15005
14908
15006
14909
15007
14910
15008
14911
15009
14912
15010
14913
15011
14914
15012
14915
15013
14916
15014
14917
15015
14918
15016
14919
15017
14920
15018
14921
15019
14922
15020
14923
15021
14924
15022
14925
15023
14926
15024
14927
15025
14928
15026
14929
15027
14930
15028
14931
15029
14932
15030
14933
15031
14934
15032
14935
15033
14936
15034
14937
15035
14938
15036
14939
15037
14940
15038
14941
15039
14942
15040
14943
15041
14944
15042
14945
15043
14946
15044
14947
15045
14948
15046
15047
14950
15048
14951
15049
14952
15050
14953
15051
14954
15052
14955
15053
14956
15054
14957
15055
14958
15056
14959
15057
14960
15058
14961
15059
14962
15060
14963
15061
14964
15062
14965
15063
14966
15064
14967
15065
14968
15066
14969
15067
14970
15068
14971
15069
14972
15070
14973
15071
14974
15072
14975
15073
14976
15074
14977
15075
14978
15076
14979
15077
14980
15078
14981
15079
14982
15080
14983
15081
14984
15082
14985
15083
14986
15084
14987
15085
14988
15086
14989
15087
14990
15088
14991
15089
14992
15090
14993
15091
14994
15092
14995
15093
14996
15094
14997
15095
14998
15096
14999
15097
15000
15098
15001
15099
15002
15100
15003
15101
15004
15102
15005
15103
15006
15104
15007
15105
15008
15106
15009
15107
15010
15108
15011
15109
15012
15110
15013
15111
15014
15112
15015
15113
15016
15114
15017
15115
15018
15116
15019
15117
15020
15118
15021
15119
15022
15120
15023
15121
15024
15122
15025
15123
15026
15124
15027
15125
15028
15126
15029
15127
15030
15128
15031
15129
15032
15130
15033
15131
15034
15132
15035
15133
15036
15134
15037
15135
15038
15136
15039
15137
15040
15138
15041
15139
15042
15140
15043
15141
15044
15142
15045
15143
15046
15144
15047
15145
15146
15049
15147
15050
15148
15051
15149
15052
15150
15053
15151
15054
15152
15055
15153
15056
15154
15057
15155
15058
15156
15059
15157
15060
15158
15061
15159
15062
15160
15063
15161
15064
15162
15065
15163
15066
15164
15067
15165
15068
15166
15069
15167
15070
15168
15071
15169
15072
15170
15073
15171
15074
15172
15075
15173
15076
15174
15077
15175
15078
15176
15079
15177
15080
15178
15081
15179
15082
15180
15083
15181
15084
15182
15085
15183
15086
15184
15087
15185
15088
15186
15089
15187
15090
15188
15091
15189
15092
15190
15093
15191
15094
15192
15095
15193
15096
15194
15097
15195
15098
15196
15099
15197
15100
15198
15101
15199
15102
15200
15103
15201
15104
15202
15105
15203
15106
15204
15107
15205
15108
15206
15109
15207
15110
15208
15111
15209
15112
15210
15113
15211
15114
15212
15115
15213
15116
15214
15117
15215
15118
15216
15119
15217
15120
15218
15121
15219
15122
15220
15123
15221
15124
15222
15125
15223
15126
15224
15127
15225
15128
15226
15129
15227
15130
15228
15131
15229
15132
15230
15133
15231
15134
15232
15135
15233
15136
15234
15137
15235
15138
15236
15139
15237
15140
15238
15141
15239
15142
15240
15143
15241
15144
15242
15145
15243
15146
15244
15245
15148
15246
15149
15247
15150
15248
15151
15249
15152
15250
15153
15251
15154
15252
15155
15253
15156
15254
15157
15255
15158
15256
15159
15257
15160
15258
15161
15259
15162
15260
15163
15261
15164
15262
15165
15263
15166
15264
15167
15265
15168
15266
15169
15267
15170
15268
15171
15269
15172
15270
15173
15271
15174
15272
15175
15273
15176
15274
15177
15275
15178
15276
15179
15277
15180
15278
15181
15279
15182
15280
15183
15281
15184
15282
15185
15283
15186
15284
15187
15285
15188
15286
15189
15287
15190
15288
15191
15289
15192
15290
15193
15291
15194
15292
15195
15293
15196
15294
15197
15295
15198
15296
15199
15297
15200
15298
15201
15299
15202
15300
15203
15301
15204
15302
15205
15303
15206
15304
15207
15305
15208
15306
15209
15307
15210
15308
15211
15309
15212
15310
15213
15311
15214
15312
15215
15313
15216
15314
15217
15315
15218
15316
15219
15317
15220
15318
15221
15319
15222
15320
15223
15321
15224
15322
15225
15323
15226
15324
15227
15325
15228
15326
15229
15327
15230
15328
15231
15329
15232
15330
15233
15331
15234
15332
15235
15333
15236
15334
15237
15335
15238
15336
15239
15337
15240
15338
15241
15339
15242
15340
15243
15341
15244
15342
15245
15343
15344
15247
15345
15248
15346
15249
15347
15250
15348
15251
15349
15252
15350
15253
15351
15254
15352
15255
15353
15256
15354
15257
15355
15258
15356
15259
15357
15260
15358
15261
15359
15262
15360
15263
15361
15264
15362
15265
15363
15266
15364
15267
15365
15268
15366
15269
15367
15270
15368
15271
15369
15272
15370
15273
15371
15274
15372
15275
15373
15276
15374
15277
15375
15278
15376
15279
15377
15280
15378
15281
15379
15282
15380
15283
15381
15284
15382
15285
15383
15286
15384
15287
15385
15288
15386
15289
15387
15290
15388
15291
15389
15292
15390
15293
15391
15294
15392
15295
15393
15296
15394
15297
15395
15298
15396
15299
15397
15300
15398
15301
15399
15302
15400
15303
15401
15304
15402
15305
15403
15306
15404
15307
15405
15308
15406
15309
15407
15310
15408
15311
15409
15312
15410
15313
15411
15314
15412
15315
15413
15316
15414
15317
15415
15318
15416
15319
15417
15320
15418
15321
15419
15322
15420
15323
15421
15324
15422
15325
15423
15326
15424
15327
15425
15328
15426
15329
15427
15330
15428
15331
15429
15332
15430
15333
15431
15334
15432
15335
15433
15336
15434
15337
15435
15338
15436
15339
15437
15340
15438
15341
15439
15342
15440
15343
15441
15344
15442
15443
15346
15444
15347
15445
15348
15446
15349
15447
15350
15448
15351
15449
15352
15450
15353
15451
15354
15452
15355
15453
15356
15454
15357
15455
15358
15456
15359
15457
15360
15458
15361
15459
15362
15460
15363
15461
15364
15462
15365
15463
15366
15464
15367
15465
15368
15466
15369
15467
15370
15468
15371
15469
15372
15470
15373
15471
15374
15472
15375
15473
15376
15474
15377
15475
15378
15476
15379
15477
15380
15478
15381
15479
15382
15480
15383
15481
15384
15482
15385
15483
15386
15484
15387
15485
15388
15486
15389
15487
15390
15488
15391
15489
15392
15490
15393
15491
15394
15492
15395
15493
15396
15494
15397
15495
15398
15496
15399
15497
15400
15498
15401
15499
15402
15500
15403
15501
15404
15502
15405
15503
15406
15504
15407
15505
15408
15506
15409
15507
15410
15508
15411
15509
15412
15510
15413
15511
15414
15512
15415
15513
15416
15514
15417
15515
15418
15516
15419
15517
15420
15518
15421
15519
15422
15520
15423
15521
15424
15522
15425
15523
15426
15524
15427
15525
15428
15526
15429
15527
15430
15528
15431
15529
15432
15530
15433
15531
15434
15532
15435
15533
15436
15534
15437
15535
15438
15536
15439
15537
15440
15538
15441
15539
15442
15540
15443
15541
15542
15445
15543
15446
15544
15447
15545
15448
15546
15449
15547
15450
15548
15451
15549
15452
15550
15453
15551
15454
15552
15455
15553
15456
15554
15457
15555
15458
15556
15459
15557
15460
15558
15461
15559
15462
15560
15463
15561
15464
15562
15465
15563
15466
15564
15467
15565
15468
15566
15469
15567
15470
15568
15471
15569
15472
15570
15473
15571
15474
15572
15475
15573
15476
15574
15477
15575
15478
15576
15479
15577
15480
15578
15481
15579
15482
15580
15483
15581
15484
15582
15485
15583
15486
15584
15487
15585
15488
15586
15489
15587
15490
15588
15491
15589
15492
15590
15493
15591
15494
15592
15495
15593
15496
15594
15497
15595
15498
15596
15499
15597
15500
15598
15501
15599
15502
15600
15503
15601
15504
15602
15505
15603
15506
15604
15507
15605
15508
15606
15509
15607
15510
15608
15511
15609
15512
15610
15513
15611
15514
15612
15515
15613
15516
15614
15517
15615
15518
15616
15519
15617
15520
15618
15521
15619
15522
15620
15523
15621
15524
15622
15525
15623
15526
15624
15527
15625
15528
15626
15529
15627
15530
15628
15531
15629
15532
15630
15533
15631
15534
15632
15535
15633
15536
15634
15537
15635
15538
15636
15539
15637
15540
15638
15541
15639
15542
15640
15641
15544
15642
15545
15643
15546
15644
15547
15645
15548
15646
15549
15647
15550
15648
15551
15649
15552
15650
15553
15651
15554
15652
15555
15653
15556
15654
15557
15655
15558
15656
15559
15657
15560
15658
15561
15659
15562
15660
15563
15661
15564
15662
15565
15663
15566
15664
15567
15665
15568
15666
15569
15667
15570
15668
15571
15669
15572
15670
15573
15671
15574
15672
15575
15673
15576
15674
15577
15675
15578
15676
15579
15677
15580
15678
15581
15679
15582
15680
15583
15681
15584
15682
15585
15683
15586
15684
15587
15685
15588
15686
15589
15687
15590
15688
15591
15689
15592
15690
15593
15691
15594
15692
15595
15693
15596
15694
15597
15695
15598
15696
15599
15697
15600
15698
15601
15699
15602
15700
15603
15701
15604
15702
15605
15703
15606
15704
15607
15705
15608
15706
15609
15707
15610
15708
15611
15709
15612
15710
15613
15711
15614
15712
15615
15713
15616
15714
15617
15715
15618
15716
15619
15717
15620
15718
15621
15719
15622
15720
15623
15721
15624
15722
15625
15723
15626
15724
15627
15725
15628
15726
15629
15727
15630
15728
15631
15729
15632
15730
15633
15731
15634
15732
15635
15733
15636
15734
15637
15735
15638
15736
15639
15737
15640
15738
15641
15739
15740
15643
15741
15644
15742
15645
15743
15646
15744
15647
15745
15648
15746
15649
15747
15650
15748
15651
15749
15652
15750
15653
15751
15654
15752
15655
15753
15656
15754
15657
15755
15658
15756
15659
15757
15660
15758
15661
15759
15662
15760
15663
15761
15664
15762
15665
15763
15666
15764
15667
15765
15668
15766
15669
15767
15670
15768
15671
15769
15672
15770
15673
15771
15674
15772
15675
15773
15676
15774
15677
15775
15678
15776
15679
15777
15680
15778
15681
15779
15682
15780
15683
15781
15684
15782
15685
15783
15686
15784
15687
15785
15688
15786
15689
15787
15690
15788
15691
15789
15692
15790
15693
15791
15694
15792
15695
15793
15696
15794
15697
15795
15698
15796
15699
15797
15700
15798
15701
15799
15702
15800
15703
15801
15704
15802
15705
15803
15706
15804
15707
15805
15708
15806
15709
15807
15710
15808
15711
15809
15712
15810
15713
15811
15714
15812
15715
15813
15716
15814
15717
15815
15718
15816
15719
15817
15720
15818
15721
15819
15722
15820
15723
15821
15724
15822
15725
15823
15726
15824
15727
15825
15728
15826
15729
15827
15730
15828
15731
15829
15732
15830
15733
15831
15734
15832
15735
15833
15736
15834
15737
15835
15738
15836
15739
15837
15740
15838
15839
15742
15840
15743
15841
15744
15842
15745
15843
15746
15844
15747
15845
15748
15846
15749
15847
15750
15848
15751
15849
15752
15850
15753
15851
15754
15852
15755
15853
15756
15854
15757
15855
15758
15856
15759
15857
15760
15858
15761
15859
15762
15860
15763
15861
15764
15862
15765
15863
15766
15864
15767
15865
15768
15866
15769
15867
15770
15868
15771
15869
15772
15870
15773
15871
15774
15872
15775
15873
15776
15874
15777
15875
15778
15876
15779
15877
15780
15878
15781
15879
15782
15880
15783
15881
15784
15882
15785
15883
15786
15884
15787
15885
15788
15886
15789
15887
15790
15888
15791
15889
15792
15890
15793
15891
15794
15892
15795
15893
15796
15894
15797
15895
15798
15896
15799
15897
15800
15898
15801
15899
15802
15900
15803
15901
15804
15902
15805
15903
15806
15904
15807
15905
15808
15906
15809
15907
15810
15908
15811
15909
15812
15910
15813
15911
15814
15912
15815
15913
15816
15914
15817
15915
15818
15916
15819
15917
15820
15918
15821
15919
15822
15920
15823
15921
15824
15922
15825
15923
15826
15924
15827
15925
15828
15926
15829
15927
15830
15928
15831
15929
15832
15930
15833
15931
15834
15932
15835
15933
15836
15934
15837
15935
15838
15936
15839
15937
15938
15841
15939
15842
15940
15843
15941
15844
15942
15845
15943
15846
15944
15847
15945
15848
15946
15849
15947
15850
15948
15851
15949
15852
15950
15853
15951
15854
15952
15855
15953
15856
15954
15857
15955
15858
15956
15859
15957
15860
15958
15861
15959
15862
15960
15863
15961
15864
15962
15865
15963
15866
15964
15867
15965
15868
15966
15869
15967
15870
15968
15871
15969
15872
15970
15873
15971
15874
15972
15875
15973
15876
15974
15877
15975
15878
15976
15879
15977
15880
15978
15881
15979
15882
15980
15883
15981
15884
15982
15885
15983
15886
15984
15887
15985
15888
15986
15889
15987
15890
15988
15891
15989
15892
15990
15893
15991
15894
15992
15895
15993
15896
15994
15897
15995
15898
15996
15899
15997
15900
15998
15901
15999
15902
16000
15903
16001
15904
16002
15905
16003
15906
16004
15907
16005
15908
16006
15909
16007
15910
16008
15911
16009
15912
16010
15913
16011
15914
16012
15915
16013
15916
16014
15917
16015
15918
16016
15919
16017
15920
16018
15921
16019
15922
16020
15923
16021
15924
16022
15925
16023
15926
16024
15927
16025
15928
16026
15929
16027
15930
16028
15931
16029
15932
16030
15933
16031
15934
16032
15935
16033
15936
16034
15937
16035
15938
16036
16037
15940
16038
15941
16039
15942
16040
15943
16041
15944
16042
15945
16043
15946
16044
15947
16045
15948
16046
15949
16047
15950
16048
15951
16049
15952
16050
15953
16051
15954
16052
15955
16053
15956
16054
15957
16055
15958
16056
15959
16057
15960
16058
15961
16059
15962
16060
15963
16061
15964
16062
15965
16063
15966
16064
15967
16065
15968
16066
15969
16067
15970
16068
15971
16069
15972
16070
15973
16071
15974
16072
15975
16073
15976
16074
15977
16075
15978
16076
15979
16077
15980
16078
15981
16079
15982
16080
15983
16081
15984
16082
15985
16083
15986
16084
15987
16085
15988
16086
15989
16087
15990
16088
15991
16089
15992
16090
15993
16091
15994
16092
15995
16093
15996
16094
15997
16095
15998
16096
15999
16097
16000
16098
16001
16099
16002
16100
16003
16101
16004
16102
16005
16103
16006
16104
16007
16105
16008
16106
16009
16107
16010
16108
16011
16109
16012
16110
16013
16111
16014
16112
16015
16113
16016
16114
16017
16115
16018
16116
16019
16117
16020
16118
16021
16119
16022
16120
16023
16121
16024
16122
16025
16123
16026
16124
16027
16125
16028
16126
16029
16127
16030
16128
16031
16129
16032
16130
16033
16131
16034
16132
16035
16133
16036
16134
16037
16135
16136
16039
16137
16040
16138
16041
16139
16042
16140
16043
16141
16044
16142
16045
16143
16046
16144
16047
16145
16048
16146
16049
16147
16050
16148
16051
16149
16052
16150
16053
16151
16054
16152
16055
16153
16056
16154
16057
16155
16058
16156
16059
16157
16060
16158
16061
16159
16062
16160
16063
16161
16064
16162
16065
16163
16066
16164
16067
16165
16068
16166
16069
16167
16070
16168
16071
16169
16072
16170
16073
16171
16074
16172
16075
16173
16076
16174
16077
16175
16078
16176
16079
16177
16080
16178
16081
16179
16082
16180
16083
16181
16084
16182
16085
16183
16086
16184
16087
16185
16088
16186
16089
16187
16090
16188
16091
16189
16092
16190
16093
16191
16094
16192
16095
16193
16096
16194
16097
16195
16098
16196
16099
16197
16100
16198
16101
16199
16102
16200
16103
16201
16104
16202
16105
16203
16106
16204
16107
16205
16108
16206
16109
16207
16110
16208
16111
16209
16112
16210
16113
16211
16114
16212
16115
16213
16116
16214
16117
16215
16118
16216
16119
16217
16120
16218
16121
16219
16122
16220
16123
16221
16124
16222
16125
16223
16126
16224
16127
16225
16128
16226
16129
16227
16130
16228
16131
16229
16132
16230
16133
16231
16134
16232
16135
16233
16136
16234
16235
16138
16236
16139
16237
16140
16238
16141
16239
16142
16240
16143
16241
16144
16242
16145
16243
16146
16244
16147
16245
16148
16246
16149
16247
16150
16248
16151
16249
16152
16250
16153
16251
16154
16252
16155
16253
16156
16254
16157
16255
16158
16256
16159
16257
16160
16258
16161
16259
16162
16260
16163
16261
16164
16262
16165
16263
16166
16264
16167
16265
16168
16266
16169
16267
16170
16268
16171
16269
16172
16270
16173
16271
16174
16272
16175
16273
16176
16274
16177
16275
16178
16276
16179
16277
16180
16278
16181
16279
16182
16280
16183
16281
16184
16282
16185
16283
16186
16284
16187
16285
16188
16286
16189
16287
16190
16288
16191
16289
16192
16290
16193
16291
16194
16292
16195
16293
16196
16294
16197
16295
16198
16296
16199
16297
16200
16298
16201
16299
16202
16300
16203
16301
16204
16302
16205
16303
16206
16304
16207
16305
16208
16306
16209
16307
16210
16308
16211
16309
16212
16310
16213
16311
16214
16312
16215
16313
16216
16314
16217
16315
16218
16316
16219
16317
16220
16318
16221
16319
16222
16320
16223
16321
16224
16322
16225
16323
16226
16324
16227
16325
16228
16326
16229
16327
16230
16328
16231
16329
16232
16330
16233
16331
16234
16332
16235
16333
16334
16237
16335
16238
16336
16239
16337
16240
16338
16241
16339
16242
16340
16243
16341
16244
16342
16245
16343
16246
16344
16247
16345
16248
16346
16249
16347
16250
16348
16251
16349
16252
16350
16253
16351
16254
16352
16255
16353
16256
16354
16257
16355
16258
16356
16259
16357
16260
16358
16261
16359
16262
16360
16263
16361
16264
16362
16265
16363
16266
16364
16267
16365
16268
16366
16269
16367
16270
16368
16271
16369
16272
16370
16273
16371
16274
16372
16275
16373
16276
16374
16277
16375
16278
16376
16279
16377
16280
16378
16281
16379
16282
16380
16283
16381
16284
16382
16285
16383
16286
16384
16287
16385
16288
16386
16289
16387
16290
16388
16291
16389
16292
16390
16293
16391
16294
16392
16295
16393
16296
16394
16297
16395
16298
16396
16299
16397
16300
16398
16301
16399
16302
16400
16303
16401
16304
16402
16305
16403
16306
16404
16307
16405
16308
16406
16309
16407
16310
16408
16311
16409
16312
16410
16313
16411
16314
16412
16315
16413
16316
16414
16317
16415
16318
16416
16319
16417
16320
16418
16321
16419
16322
16420
16323
16421
16324
16422
16325
16423
16326
16424
16327
16425
16328
16426
16329
16427
16330
16428
16331
16429
16332
16430
16333
16431
16334
16432
16433
16336
16434
16337
16435
16338
16436
16339
16437
16340
16438
16341
16439
16342
16440
16343
16441
16344
16442
16345
16443
16346
16444
16347
16445
16348
16446
16349
16447
16350
16448
16351
16449
16352
16450
16353
16451
16354
16452
16355
16453
16356
16454
16357
16455
16358
16456
16359
16457
16360
16458
16361
16459
16362
16460
16363
16461
16364
16462
16365
16463
16366
16464
16367
16465
16368
16466
16369
16467
16370
16468
16371
16469
16372
16470
16373
16471
16374
16472
16375
16473
16376
16474
16377
16475
16378
16476
16379
16477
16380
16478
16381
16479
16382
16480
16383
16481
16384
16482
16385
16483
16386
16484
16387
16485
16388
16486
16389
16487
16390
16488
16391
16489
16392
16490
16393
16491
16394
16492
16395
16493
16396
16494
16397
16495
16398
16496
16399
16497
16400
16498
16401
16499
16402
16500
16403
16501
16404
16502
16405
16503
16406
16504
16407
16505
16408
16506
16409
16507
16410
16508
16411
16509
16412
16510
16413
16511
16414
16512
16415
16513
16416
16514
16417
16515
16418
16516
16419
16517
16420
16518
16421
16519
16422
16520
16423
16521
16424
16522
16425
16523
16426
16524
16427
16525
16428
16526
16429
16527
16430
16528
16431
16529
16432
16530
16433
16531
16532
16435
16533
16436
16534
16437
16535
16438
16536
16439
16537
16440
16538
16441
16539
16442
16540
16443
16541
16444
16542
16445
16543
16446
16544
16447
16545
16448
16546
16449
16547
16450
16548
16451
16549
16452
16550
16453
16551
16454
16552
16455
16553
16456
16554
16457
16555
16458
16556
16459
16557
16460
16558
16461
16559
16462
16560
16463
16561
16464
16562
16465
16563
16466
16564
16467
16565
16468
16566
16469
16567
16470
16568
16471
16569
16472
16570
16473
16571
16474
16572
16475
16573
16476
16574
16477
16575
16478
16576
16479
16577
16480
16578
16481
16579
16482
16580
16483
16581
16484
16582
16485
16583
16486
16584
16487
16585
16488
16586
16489
16587
16490
16588
16491
16589
16492
16590
16493
16591
16494
16592
16495
16593
16496
16594
16497
16595
16498
16596
16499
16597
16500
16598
16501
16599
16502
16600
16503
16601
16504
16602
16505
16603
16506
16604
16507
16605
16508
16606
16509
16607
16510
16608
16511
16609
16512
16610
16513
16611
16514
16612
16515
16613
16516
16614
16517
16615
16518
16616
16519
16617
16520
16618
16521
16619
16522
16620
16523
16621
16524
16622
16525
16623
16526
16624
16527
16625
16528
16626
16529
16627
16530
16628
16531
16629
16532
16630
16631
16534
16632
16535
16633
16536
16634
16537
16635
16538
16636
16539
16637
16540
16638
16541
16639
16542
16640
16543
16641
16544
16642
16545
16643
16546
16644
16547
16645
16548
16646
16549
16647
16550
16648
16551
16649
16552
16650
16553
16651
16554
16652
16555
16653
16556
16654
16557
16655
16558
16656
16559
16657
16560
16658
16561
16659
16562
16660
16563
16661
16564
16662
16565
16663
16566
16664
16567
16665
16568
16666
16569
16667
16570
16668
16571
16669
16572
16670
16573
16671
16574
16672
16575
16673
16576
16674
16577
16675
16578
16676
16579
16677
16580
16678
16581
16679
16582
16680
16583
16681
16584
16682
16585
16683
16586
16684
16587
16685
16588
16686
16589
16687
16590
16688
16591
16689
16592
16690
16593
16691
16594
16692
16595
16693
16596
16694
16597
16695
16598
16696
16599
16697
16600
16698
16601
16699
16602
16700
16603
16701
16604
16702
16605
16703
16606
16704
16607
16705
16608
16706
16609
16707
16610
16708
16611
16709
16612
16710
16613
16711
16614
16712
16615
16713
16616
16714
16617
16715
16618
16716
16619
16717
16620
16718
16621
16719
16622
16720
16623
16721
16624
16722
16625
16723
16626
16724
16627
16725
16628
16726
16629
16727
16630
16728
16631
16729
16730
16633
16731
16634
16732
16635
16733
16636
16734
16637
16735
16638
16736
16639
16737
16640
16738
16641
16739
16642
16740
16643
16741
16644
16742
16645
16743
16646
16744
16647
16745
16648
16746
16649
16747
16650
16748
16651
16749
16652
16750
16653
16751
16654
16752
16655
16753
16656
16754
16657
16755
16658
16756
16659
16757
16660
16758
16661
16759
16662
16760
16663
16761
16664
16762
16665
16763
16666
16764
16667
16765
16668
16766
16669
16767
16670
16768
16671
16769
16672
16770
16673
16771
16674
16772
16675
16773
16676
16774
16677
16775
16678
16776
16679
16777
16680
16778
16681
16779
16682
16780
16683
16781
16684
16782
16685
16783
16686
16784
16687
16785
16688
16786
16689
16787
16690
16788
16691
16789
16692
16790
16693
16791
16694
16792
16695
16793
16696
16794
16697
16795
16698
16796
16699
16797
16700
16798
16701
16799
16702
16800
16703
16801
16704
16802
16705
16803
16706
16804
16707
16805
16708
16806
16709
16807
16710
16808
16711
16809
16712
16810
16713
16811
16714
16812
16715
16813
16716
16814
16717
16815
16718
16816
16719
16817
16720
16818
16721
16819
16722
16820
16723
16821
16724
16822
16725
16823
16726
16824
16727
16825
16728
16826
16729
16827
16730
16828
16829
16732
16830
16733
16831
16734
16832
16735
16833
16736
16834
16737
16835
16738
16836
16739
16837
16740
16838
16741
16839
16742
16840
16743
16841
16744
16842
16745
16843
16746
16844
16747
16845
16748
16846
16749
16847
16750
16848
16751
16849
16752
16850
16753
16851
16754
16852
16755
16853
16756
16854
16757
16855
16758
16856
16759
16857
16760
16858
16761
16859
16762
16860
16763
16861
16764
16862
16765
16863
16766
16864
16767
16865
16768
16866
16769
16867
16770
16868
16771
16869
16772
16870
16773
16871
16774
16872
16775
16873
16776
16874
16777
16875
16778
16876
16779
16877
16780
16878
16781
16879
16782
16880
16783
16881
16784
16882
16785
16883
16786
16884
16787
16885
16788
16886
16789
16887
16790
16888
16791
16889
16792
16890
16793
16891
16794
16892
16795
16893
16796
16894
16797
16895
16798
16896
16799
16897
16800
16898
16801
16899
16802
16900
16803
16901
16804
16902
16805
16903
16806
16904
16807
16905
16808
16906
16809
16907
16810
16908
16811
16909
16812
16910
16813
16911
16814
16912
16815
16913
16816
16914
16817
16915
16818
16916
16819
16917
16820
16918
16821
16919
16822
16920
16823
16921
16824
16922
16825
16923
16826
16924
16827
16925
16828
16926
16829
16927
16928
16831
16929
16832
16930
16833
16931
16834
16932
16835
16933
16836
16934
16837
16935
16838
16936
16839
16937
16840
16938
16841
16939
16842
16940
16843
16941
16844
16942
16845
16943
16846
16944
16847
16945
16848
16946
16849
16947
16850
16948
16851
16949
16852
16950
16853
16951
16854
16952
16855
16953
16856
16954
16857
16955
16858
16956
16859
16957
16860
16958
16861
16959
16862
16960
16863
16961
16864
16962
16865
16963
16866
16964
16867
16965
16868
16966
16869
16967
16870
16968
16871
16969
16872
16970
16873
16971
16874
16972
16875
16973
16876
16974
16877
16975
16878
16976
16879
16977
16880
16978
16881
16979
16882
16980
16883
16981
16884
16982
16885
16983
16886
16984
16887
16985
16888
16986
16889
16987
16890
16988
16891
16989
16892
16990
16893
16991
16894
16992
16895
16993
16896
16994
16897
16995
16898
16996
16899
16997
16900
16998
16901
16999
16902
17000
16903
17001
16904
17002
16905
17003
16906
17004
16907
17005
16908
17006
16909
17007
16910
17008
16911
17009
16912
17010
16913
17011
16914
17012
16915
17013
16916
17014
16917
17015
16918
17016
16919
17017
16920
17018
16921
17019
16922
17020
16923
17021
16924
17022
16925
17023
16926
17024
16927
17025
16928
17026
17027
16930
17028
16931
17029
16932
17030
16933
17031
16934
17032
16935
17033
16936
17034
16937
17035
16938
17036
16939
17037
16940
17038
16941
17039
16942
17040
16943
17041
16944
17042
16945
17043
16946
17044
16947
17045
16948
17046
16949
17047
16950
17048
16951
17049
16952
17050
16953
17051
16954
17052
16955
17053
16956
17054
16957
17055
16958
17056
16959
17057
16960
17058
16961
17059
16962
17060
16963
17061
16964
17062
16965
17063
16966
17064
16967
17065
16968
17066
16969
17067
16970
17068
16971
17069
16972
17070
16973
17071
16974
17072
16975
17073
16976
17074
16977
17075
16978
17076
16979
17077
16980
17078
16981
17079
16982
17080
16983
17081
16984
17082
16985
17083
16986
17084
16987
17085
16988
17086
16989
17087
16990
17088
16991
17089
16992
17090
16993
17091
16994
17092
16995
17093
16996
17094
16997
17095
16998
17096
16999
17097
17000
17098
17001
17099
17002
17100
17003
17101
17004
17102
17005
17103
17006
17104
17007
17105
17008
17106
17009
17107
17010
17108
17011
17109
17012
17110
17013
17111
17014
17112
17015
17113
17016
17114
17017
17115
17018
17116
17019
17117
17020
17118
17021
17119
17022
17120
17023
17121
17024
17122
17025
17123
17026
17124
17027
17125
17126
17029
17127
17030
17128
17031
17129
17032
17130
17033
17131
17034
17132
17035
17133
17036
17134
17037
17135
17038
17136
17039
17137
17040
17138
17041
17139
17042
17140
17043
17141
17044
17142
17045
17143
17046
17144
17047
17145
17048
17146
17049
17147
17050
17148
17051
17149
17052
17150
17053
17151
17054
17152
17055
17153
17056
17154
17057
17155
17058
17156
17059
17157
17060
17158
17061
17159
17062
17160
17063
17161
17064
17162
17065
17163
17066
17164
17067
17165
17068
17166
17069
17167
17070
17168
17071
17169
17072
17170
17073
17171
17074
17172
17075
17173
17076
17174
17077
17175
17078
17176
17079
17177
17080
17178
17081
17179
17082
17180
17083
17181
17084
17182
17085
17183
17086
17184
17087
17185
17088
17186
17089
17187
17090
17188
17091
17189
17092
17190
17093
17191
17094
17192
17095
17193
17096
17194
17097
17195
17098
17196
17099
17197
17100
17198
17101
17199
17102
17200
17103
17201
17104
17202
17105
17203
17106
17204
17107
17205
17108
17206
17109
17207
17110
17208
17111
17209
17112
17210
17113
17211
17114
17212
17115
17213
17116
17214
17117
17215
17118
17216
17119
17217
17120
17218
17121
17219
17122
17220
17123
17221
17124
17222
17125
17223
17126
17224
17225
17128
17226
17129
17227
17130
17228
17131
17229
17132
17230
17133
17231
17134
17232
17135
17233
17136
17234
17137
17235
17138
17236
17139
17237
17140
17238
17141
17239
17142
17240
17143
17241
17144
17242
17145
17243
17146
17244
17147
17245
17148
17246
17149
17247
17150
17248
17151
17249
17152
17250
17153
17251
17154
17252
17155
17253
17156
17254
17157
17255
17158
17256
17159
17257
17160
17258
17161
17259
17162
17260
17163
17261
17164
17262
17165
17263
17166
17264
17167
17265
17168
17266
17169
17267
17170
17268
17171
17269
17172
17270
17173
17271
17174
17272
17175
17273
17176
17274
17177
17275
17178
17276
17179
17277
17180
17278
17181
17279
17182
17280
17183
17281
17184
17282
17185
17283
17186
17284
17187
17285
17188
17286
17189
17287
17190
17288
17191
17289
17192
17290
17193
17291
17194
17292
17195
17293
17196
17294
17197
17295
17198
17296
17199
17297
17200
17298
17201
17299
17202
17300
17203
17301
17204
17302
17205
17303
17206
17304
17207
17305
17208
17306
17209
17307
17210
17308
17211
17309
17212
17310
17213
17311
17214
17312
17215
17313
17216
17314
17217
17315
17218
17316
17219
17317
17220
17318
17221
17319
17222
17320
17223
17321
17224
17322
17225
17323
17324
17227
17325
17228
17326
17229
17327
17230
17328
17231
17329
17232
17330
17233
17331
17234
17332
17235
17333
17236
17334
17237
17335
17238
17336
17239
17337
17240
17338
17241
17339
17242
17340
17243
17341
17244
17342
17245
17343
17246
17344
17247
17345
17248
17346
17249
17347
17250
17348
17251
17349
17252
17350
17253
17351
17254
17352
17255
17353
17256
17354
17257
17355
17258
17356
17259
17357
17260
17358
17261
17359
17262
17360
17263
17361
17264
17362
17265
17363
17266
17364
17267
17365
17268
17366
17269
17367
17270
17368
17271
17369
17272
17370
17273
17371
17274
17372
17275
17373
17276
17374
17277
17375
17278
17376
17279
17377
17280
17378
17281
17379
17282
17380
17283
17381
17284
17382
17285
17383
17286
17384
17287
17385
17288
17386
17289
17387
17290
17388
17291
17389
17292
17390
17293
17391
17294
17392
17295
17393
17296
17394
17297
17395
17298
17396
17299
17397
17300
17398
17301
17399
17302
17400
17303
17401
17304
17402
17305
17403
17306
17404
17307
17405
17308
17406
17309
17407
17310
17408
17311
17409
17312
17410
17313
17411
17314
17412
17315
17413
17316
17414
17317
17415
17318
17416
17319
17417
17320
17418
17321
17419
17322
17420
17323
17421
17324
17422
17423
17326
17424
17327
17425
17328
17426
17329
17427
17330
17428
17331
17429
17332
17430
17333
17431
17334
17432
17335
17433
17336
17434
17337
17435
17338
17436
17339
17437
17340
17438
17341
17439
17342
17440
17343
17441
17344
17442
17345
17443
17346
17444
17347
17445
17348
17446
17349
17447
17350
17448
17351
17449
17352
17450
17353
17451
17354
17452
17355
17453
17356
17454
17357
17455
17358
17456
17359
17457
17360
17458
17361
17459
17362
17460
17363
17461
17364
17462
17365
17463
17366
17464
17367
17465
17368
17466
17369
17467
17370
17468
17371
17469
17372
17470
17373
17471
17374
17472
17375
17473
17376
17474
17377
17475
17378
17476
17379
17477
17380
17478
17381
17479
17382
17480
17383
17481
17384
17482
17385
17483
17386
17484
17387
17485
17388
17486
17389
17487
17390
17488
17391
17489
17392
17490
17393
17491
17394
17492
17395
17493
17396
17494
17397
17495
17398
17496
17399
17497
17400
17498
17401
17499
17402
17500
17403
17501
17404
17502
17405
17503
17406
17504
17407
17505
17408
17506
17409
17507
17410
17508
17411
17509
17412
17510
17413
17511
17414
17512
17415
17513
17416
17514
17417
17515
17418
17516
17419
17517
17420
17518
17421
17519
17422
17520
17423
17521
17522
17425
17523
17426
17524
17427
17525
17428
17526
17429
17527
17430
17528
17431
17529
17432
17530
17433
17531
17434
17532
17435
17533
17436
17534
17437
17535
17438
17536
17439
17537
17440
17538
17441
17539
17442
17540
17443
17541
17444
17542
17445
17543
17446
17544
17447
17545
17448
17546
17449
17547
17450
17548
17451
17549
17452
17550
17453
17551
17454
17552
17455
17553
17456
17554
17457
17555
17458
17556
17459
17557
17460
17558
17461
17559
17462
17560
17463
17561
17464
17562
17465
17563
17466
17564
17467
17565
17468
17566
17469
17567
17470
17568
17471
17569
17472
17570
17473
17571
17474
17572
17475
17573
17476
17574
17477
17575
17478
17576
17479
17577
17480
17578
17481
17579
17482
17580
17483
17581
17484
17582
17485
17583
17486
17584
17487
17585
17488
17586
17489
17587
17490
17588
17491
17589
17492
17590
17493
17591
17494
17592
17495
17593
17496
17594
17497
17595
17498
17596
17499
17597
17500
17598
17501
17599
17502
17600
17503
17601
17504
17602
17505
17603
17506
17604
17507
17605
17508
17606
17509
17607
17510
17608
17511
17609
17512
17610
17513
17611
17514
17612
17515
17613
17516
17614
17517
17615
17518
17616
17519
17617
17520
17618
17521
17619
17522
17620
17621
17524
17622
17525
17623
17526
17624
17527
17625
17528
17626
17529
17627
17530
17628
17531
17629
17532
17630
17533
17631
17534
17632
17535
17633
17536
17634
17537
17635
17538
17636
17539
17637
17540
17638
17541
17639
17542
17640
17543
17641
17544
17642
17545
17643
17546
17644
17547
17645
17548
17646
17549
17647
17550
17648
17551
17649
17552
17650
17553
17651
17554
17652
17555
17653
17556
17654
17557
17655
17558
17656
17559
17657
17560
17658
17561
17659
17562
17660
17563
17661
17564
17662
17565
17663
17566
17664
17567
17665
17568
17666
17569
17667
17570
17668
17571
17669
17572
17670
17573
17671
17574
17672
17575
17673
17576
17674
17577
17675
17578
17676
17579
17677
17580
17678
17581
17679
17582
17680
17583
17681
17584
17682
17585
17683
17586
17684
17587
17685
17588
17686
17589
17687
17590
17688
17591
17689
17592
17690
17593
17691
17594
17692
17595
17693
17596
17694
17597
17695
17598
17696
17599
17697
17600
17698
17601
17699
17602
17700
17603
17701
17604
17702
17605
17703
17606
17704
17607
17705
17608
17706
17609
17707
17610
17708
17611
17709
17612
17710
17613
17711
17614
17712
17615
17713
17616
17714
17617
17715
17618
17716
17619
17717
17620
17718
17621
17719
17720
17623
17721
17624
17722
17625
17723
17626
17724
17627
17725
17628
17726
17629
17727
17630
17728
17631
17729
17632
17730
17633
17731
17634
17732
17635
17733
17636
17734
17637
17735
17638
17736
17639
17737
17640
17738
17641
17739
17642
17740
17643
17741
17644
17742
17645
17743
17646
17744
17647
17745
17648
17746
17649
17747
17650
17748
17651
17749
17652
17750
17653
17751
17654
17752
17655
17753
17656
17754
17657
17755
17658
17756
17659
17757
17660
17758
17661
17759
17662
17760
17663
17761
17664
17762
17665
17763
17666
17764
17667
17765
17668
17766
17669
17767
17670
17768
17671
17769
17672
17770
17673
17771
17674
17772
17675
17773
17676
17774
17677
17775
17678
17776
17679
17777
17680
17778
17681
17779
17682
17780
17683
17781
17684
17782
17685
17783
17686
17784
17687
17785
17688
17786
17689
17787
17690
17788
17691
17789
17692
17790
17693
17791
17694
17792
17695
17793
17696
17794
17697
17795
17698
17796
17699
17797
17700
17798
17701
17799
17702
17800
17703
17801
17704
17802
17705
17803
17706
17804
17707
17805
17708
17806
17709
17807
17710
17808
17711
17809
17712
17810
17713
17811
17714
17812
17715
17813
17716
17814
17717
17815
17718
17816
17719
17817
17720
17818
17819
17722
17820
17723
17821
17724
17822
17725
17823
17726
17824
17727
17825
17728
17826
17729
17827
17730
17828
17731
17829
17732
17830
17733
17831
17734
17832
17735
17833
17736
17834
17737
17835
17738
17836
17739
17837
17740
17838
17741
17839
17742
17840
17743
17841
17744
17842
17745
17843
17746
17844
17747
17845
17748
17846
17749
17847
17750
17848
17751
17849
17752
17850
17753
17851
17754
17852
17755
17853
17756
17854
17757
17855
17758
17856
17759
17857
17760
17858
17761
17859
17762
17860
17763
17861
17764
17862
17765
17863
17766
17864
17767
17865
17768
17866
17769
17867
17770
17868
17771
17869
17772
17870
17773
17871
17774
17872
17775
17873
17776
17874
17777
17875
17778
17876
17779
17877
17780
17878
17781
17879
17782
17880
17783
17881
17784
17882
17785
17883
17786
17884
17787
17885
17788
17886
17789
17887
17790
17888
17791
17889
17792
17890
17793
17891
17794
17892
17795
17893
17796
17894
17797
17895
17798
17896
17799
17897
17800
17898
17801
17899
17802
17900
17803
17901
17804
17902
17805
17903
17806
17904
17807
17905
17808
17906
17809
17907
17810
17908
17811
17909
17812
17910
17813
17911
17814
17912
17815
17913
17816
17914
17817
17915
17818
17916
17819
17917
17918
17821
17919
17822
17920
17823
17921
17824
17922
17825
17923
17826
17924
17827
17925
17828
17926
17829
17927
17830
17928
17831
17929
17832
17930
17833
17931
17834
17932
17835
17933
17836
17934
17837
17935
17838
17936
17839
17937
17840
17938
17841
17939
17842
17940
17843
17941
17844
17942
17845
17943
17846
17944
17847
17945
17848
17946
17849
17947
17850
17948
17851
17949
17852
17950
17853
17951
17854
17952
17855
17953
17856
17954
17857
17955
17858
17956
17859
17957
17860
17958
17861
17959
17862
17960
17863
17961
17864
17962
17865
17963
17866
17964
17867
17965
17868
17966
17869
17967
17870
17968
17871
17969
17872
17970
17873
17971
17874
17972
17875
17973
17876
17974
17877
17975
17878
17976
17879
17977
17880
17978
17881
17979
17882
17980
17883
17981
17884
17982
17885
17983
17886
17984
17887
17985
17888
17986
17889
17987
17890
17988
17891
17989
17892
17990
17893
17991
17894
17992
17895
17993
17896
17994
17897
17995
17898
17996
17899
17997
17900
17998
17901
17999
17902
18000
17903
18001
17904
18002
17905
18003
17906
18004
17907
18005
17908
18006
17909
18007
17910
18008
17911
18009
17912
18010
17913
18011
17914
18012
17915
18013
17916
18014
17917
18015
17918
18016
18017
17920
18018
17921
18019
17922
18020
17923
18021
17924
18022
17925
18023
17926
18024
17927
18025
17928
18026
17929
18027
17930
18028
17931
18029
17932
18030
17933
18031
17934
18032
17935
18033
17936
18034
17937
18035
17938
18036
17939
18037
17940
18038
17941
18039
17942
18040
17943
18041
17944
18042
17945
18043
17946
18044
17947
18045
17948
18046
17949
18047
17950
18048
17951
18049
17952
18050
17953
18051
17954
18052
17955
18053
17956
18054
17957
18055
17958
18056
17959
18057
17960
18058
17961
18059
17962
18060
17963
18061
17964
18062
17965
18063
17966
18064
17967
18065
17968
18066
17969
18067
17970
18068
17971
18069
17972
18070
17973
18071
17974
18072
17975
18073
17976
18074
17977
18075
17978
18076
17979
18077
17980
18078
17981
18079
17982
18080
17983
18081
17984
18082
17985
18083
17986
18084
17987
18085
17988
18086
17989
18087
17990
18088
17991
18089
17992
18090
17993
18091
17994
18092
17995
18093
17996
18094
17997
18095
17998
18096
17999
18097
18000
18098
18001
18099
18002
18100
18003
18101
18004
18102
18005
18103
18006
18104
18007
18105
18008
18106
18009
18107
18010
18108
18011
18109
18012
18110
18013
18111
18014
18112
18015
18113
18016
18114
18017
18115
18116
18019
18117
18020
18118
18021
18119
18022
18120
18023
18121
18024
18122
18025
18123
18026
18124
18027
18125
18028
18126
18029
18127
18030
18128
18031
18129
18032
18130
18033
18131
18034
18132
18035
18133
18036
18134
18037
18135
18038
18136
18039
18137
18040
18138
18041
18139
18042
18140
18043
18141
18044
18142
18045
18143
18046
18144
18047
18145
18048
18146
18049
18147
18050
18148
18051
18149
18052
18150
18053
18151
18054
18152
18055
18153
18056
18154
18057
18155
18058
18156
18059
18157
18060
18158
18061
18159
18062
18160
18063
18161
18064
18162
18065
18163
18066
18164
18067
18165
18068
18166
18069
18167
18070
18168
18071
18169
18072
18170
18073
18171
18074
18172
18075
18173
18076
18174
18077
18175
18078
18176
18079
18177
18080
18178
18081
18179
18082
18180
18083
18181
18084
18182
18085
18183
18086
18184
18087
18185
18088
18186
18089
18187
18090
18188
18091
18189
18092
18190
18093
18191
18094
18192
18095
18193
18096
18194
18097
18195
18098
18196
18099
18197
18100
18198
18101
18199
18102
18200
18103
18201
18104
18202
18105
18203
18106
18204
18107
18205
18108
18206
18109
18207
18110
18208
18111
18209
18112
18210
18113
18211
18114
18212
18115
18213
18116
18214
18215
18118
18216
18119
18217
18120
18218
18121
18219
18122
18220
18123
18221
18124
18222
18125
18223
18126
18224
18127
18225
18128
18226
18129
18227
18130
18228
18131
18229
18132
18230
18133
18231
18134
18232
18135
18233
18136
18234
18137
18235
18138
18236
18139
18237
18140
18238
18141
18239
18142
18240
18143
18241
18144
18242
18145
18243
18146
18244
18147
18245
18148
18246
18149
18247
18150
18248
18151
18249
18152
18250
18153
18251
18154
18252
18155
18253
18156
18254
18157
18255
18158
18256
18159
18257
18160
18258
18161
18259
18162
18260
18163
18261
18164
18262
18165
18263
18166
18264
18167
18265
18168
18266
18169
18267
18170
18268
18171
18269
18172
18270
18173
18271
18174
18272
18175
18273
18176
18274
18177
18275
18178
18276
18179
18277
18180
18278
18181
18279
18182
18280
18183
18281
18184
18282
18185
18283
18186
18284
18187
18285
18188
18286
18189
18287
18190
18288
18191
18289
18192
18290
18193
18291
18194
18292
18195
18293
18196
18294
18197
18295
18198
18296
18199
18297
18200
18298
18201
18299
18202
18300
18203
18301
18204
18302
18205
18303
18206
18304
18207
18305
18208
18306
18209
18307
18210
18308
18211
18309
18212
18310
18213
18311
18214
18312
18215
18313
18314
18217
18315
18218
18316
18219
18317
18220
18318
18221
18319
18222
18320
18223
18321
18224
18322
18225
18323
18226
18324
18227
18325
18228
18326
18229
18327
18230
18328
18231
18329
18232
18330
18233
18331
18234
18332
18235
18333
18236
18334
18237
18335
18238
18336
18239
18337
18240
18338
18241
18339
18242
18340
18243
18341
18244
18342
18245
18343
18246
18344
18247
18345
18248
18346
18249
18347
18250
18348
18251
18349
18252
18350
18253
18351
18254
18352
18255
18353
18256
18354
18257
18355
18258
18356
18259
18357
18260
18358
18261
18359
18262
18360
18263
18361
18264
18362
18265
18363
18266
18364
18267
18365
18268
18366
18269
18367
18270
18368
18271
18369
18272
18370
18273
18371
18274
18372
18275
18373
18276
18374
18277
18375
18278
18376
18279
18377
18280
18378
18281
18379
18282
18380
18283
18381
18284
18382
18285
18383
18286
18384
18287
18385
18288
18386
18289
18387
18290
18388
18291
18389
18292
18390
18293
18391
18294
18392
18295
18393
18296
18394
18297
18395
18298
18396
18299
18397
18300
18398
18301
18399
18302
18400
18303
18401
18304
18402
18305
18403
18306
18404
18307
18405
18308
18406
18309
18407
18310
18408
18311
18409
18312
18410
18313
18411
18314
18412
18413
18316
18414
18317
18415
18318
18416
18319
18417
18320
18418
18321
18419
18322
18420
18323
18421
18324
18422
18325
18423
18326
18424
18327
18425
18328
18426
18329
18427
18330
18428
18331
18429
18332
18430
18333
18431
18334
18432
18335
18433
18336
18434
18337
18435
18338
18436
18339
18437
18340
18438
18341
18439
18342
18440
18343
18441
18344
18442
18345
18443
18346
18444
18347
18445
18348
18446
18349
18447
18350
18448
18351
18449
18352
18450
18353
18451
18354
18452
18355
18453
18356
18454
18357
18455
18358
18456
18359
18457
18360
18458
18361
18459
18362
18460
18363
18461
18364
18462
18365
18463
18366
18464
18367
18465
18368
18466
18369
18467
18370
18468
18371
18469
18372
18470
18373
18471
18374
18472
18375
18473
18376
18474
18377
18475
18378
18476
18379
18477
18380
18478
18381
18479
18382
18480
18383
18481
18384
18482
18385
18483
18386
18484
18387
18485
18388
18486
18389
18487
18390
18488
18391
18489
18392
18490
18393
18491
18394
18492
18395
18493
18396
18494
18397
18495
18398
18496
18399
18497
18400
18498
18401
18499
18402
18500
18403
18501
18404
18502
18405
18503
18406
18504
18407
18505
18408
18506
18409
18507
18410
18508
18411
18509
18412
18510
18413
18511
18512
18415
18513
18416
18514
18417
18515
18418
18516
18419
18517
18420
18518
18421
18519
18422
18520
18423
18521
18424
18522
18425
18523
18426
18524
18427
18525
18428
18526
18429
18527
18430
18528
18431
18529
18432
18530
18433
18531
18434
18532
18435
18533
18436
18534
18437
18535
18438
18536
18439
18537
18440
18538
18441
18539
18442
18540
18443
18541
18444
18542
18445
18543
18446
18544
18447
18545
18448
18546
18449
18547
18450
18548
18451
18549
18452
18550
18453
18551
18454
18552
18455
18553
18456
18554
18457
18555
18458
18556
18459
18557
18460
18558
18461
18559
18462
18560
18463
18561
18464
18562
18465
18563
18466
18564
18467
18565
18468
18566
18469
18567
18470
18568
18471
18569
18472
18570
18473
18571
18474
18572
18475
18573
18476
18574
18477
18575
18478
18576
18479
18577
18480
18578
18481
18579
18482
18580
18483
18581
18484
18582
18485
18583
18486
18584
18487
18585
18488
18586
18489
18587
18490
18588
18491
18589
18492
18590
18493
18591
18494
18592
18495
18593
18496
18594
18497
18595
18498
18596
18499
18597
18500
18598
18501
18599
18502
18600
18503
18601
18504
18602
18505
18603
18506
18604
18507
18605
18508
18606
18509
18607
18510
18608
18511
18609
18512
18610
18611
18514
18612
18515
18613
18516
18614
18517
18615
18518
18616
18519
18617
18520
18618
18521
18619
18522
18620
18523
18621
18524
18622
18525
18623
18526
18624
18527
18625
18528
18626
18529
18627
18530
18628
18531
18629
18532
18630
18533
18631
18534
18632
18535
18633
18536
18634
18537
18635
18538
18636
18539
18637
18540
18638
18541
18639
18542
18640
18543
18641
18544
18642
18545
18643
18546
18644
18547
18645
18548
18646
18549
18647
18550
18648
18551
18649
18552
18650
18553
18651
18554
18652
18555
18653
18556
18654
18557
18655
18558
18656
18559
18657
18560
18658
18561
18659
18562
18660
18563
18661
18564
18662
18565
18663
18566
18664
18567
18665
18568
18666
18569
18667
18570
18668
18571
18669
18572
18670
18573
18671
18574
18672
18575
18673
18576
18674
18577
18675
18578
18676
18579
18677
18580
18678
18581
18679
18582
18680
18583
18681
18584
18682
18585
18683
18586
18684
18587
18685
18588
18686
18589
18687
18590
18688
18591
18689
18592
18690
18593
18691
18594
18692
18595
18693
18596
18694
18597
18695
18598
18696
18599
18697
18600
18698
18601
18699
18602
18700
18603
18701
18604
18702
18605
18703
18606
18704
18607
18705
18608
18706
18609
18707
18610
18708
18611
18709
18710
18613
18711
18614
18712
18615
18713
18616
18714
18617
18715
18618
18716
18619
18717
18620
18718
18621
18719
18622
18720
18623
18721
18624
18722
18625
18723
18626
18724
18627
18725
18628
18726
18629
18727
18630
18728
18631
18729
18632
18730
18633
18731
18634
18732
18635
18733
18636
18734
18637
18735
18638
18736
18639
18737
18640
18738
18641
18739
18642
18740
18643
18741
18644
18742
18645
18743
18646
18744
18647
18745
18648
18746
18649
18747
18650
18748
18651
18749
18652
18750
18653
18751
18654
18752
18655
18753
18656
18754
18657
18755
18658
18756
18659
18757
18660
18758
18661
18759
18662
18760
18663
18761
18664
18762
18665
18763
18666
18764
18667
18765
18668
18766
18669
18767
18670
18768
18671
18769
18672
18770
18673
18771
18674
18772
18675
18773
18676
18774
18677
18775
18678
18776
18679
18777
18680
18778
18681
18779
18682
18780
18683
18781
18684
18782
18685
18783
18686
18784
18687
18785
18688
18786
18689
18787
18690
18788
18691
18789
18692
18790
18693
18791
18694
18792
18695
18793
18696
18794
18697
18795
18698
18796
18699
18797
18700
18798
18701
18799
18702
18800
18703
18801
18704
18802
18705
18803
18706
18804
18707
18805
18708
18806
18709
18807
18710
18808
18809
18712
18810
18713
18811
18714
18812
18715
18813
18716
18814
18717
18815
18718
18816
18719
18817
18720
18818
18721
18819
18722
18820
18723
18821
18724
18822
18725
18823
18726
18824
18727
18825
18728
18826
18729
18827
18730
18828
18731
18829
18732
18830
18733
18831
18734
18832
18735
18833
18736
18834
18737
18835
18738
18836
18739
18837
18740
18838
18741
18839
18742
18840
18743
18841
18744
18842
18745
18843
18746
18844
18747
18845
18748
18846
18749
18847
18750
18848
18751
18849
18752
18850
18753
18851
18754
18852
18755
18853
18756
18854
18757
18855
18758
18856
18759
18857
18760
18858
18761
18859
18762
18860
18763
18861
18764
18862
18765
18863
18766
18864
18767
18865
18768
18866
18769
18867
18770
18868
18771
18869
18772
18870
18773
18871
18774
18872
18775
18873
18776
18874
18777
18875
18778
18876
18779
18877
18780
18878
18781
18879
18782
18880
18783
18881
18784
18882
18785
18883
18786
18884
18787
18885
18788
18886
18789
18887
18790
18888
18791
18889
18792
18890
18793
18891
18794
18892
18795
18893
18796
18894
18797
18895
18798
18896
18799
18897
18800
18898
18801
18899
18802
18900
18803
18901
18804
18902
18805
18903
18806
18904
18807
18905
18808
18906
18809
18907
18908
18811
18909
18812
18910
18813
18911
18814
18912
18815
18913
18816
18914
18817
18915
18818
18916
18819
18917
18820
18918
18821
18919
18822
18920
18823
18921
18824
18922
18825
18923
18826
18924
18827
18925
18828
18926
18829
18927
18830
18928
18831
18929
18832
18930
18833
18931
18834
18932
18835
18933
18836
18934
18837
18935
18838
18936
18839
18937
18840
18938
18841
18939
18842
18940
18843
18941
18844
18942
18845
18943
18846
18944
18847
18945
18848
18946
18849
18947
18850
18948
18851
18949
18852
18950
18853
18951
18854
18952
18855
18953
18856
18954
18857
18955
18858
18956
18859
18957
18860
18958
18861
18959
18862
18960
18863
18961
18864
18962
18865
18963
18866
18964
18867
18965
18868
18966
18869
18967
18870
18968
18871
18969
18872
18970
18873
18971
18874
18972
18875
18973
18876
18974
18877
18975
18878
18976
18879
18977
18880
18978
18881
18979
18882
18980
18883
18981
18884
18982
18885
18983
18886
18984
18887
18985
18888
18986
18889
18987
18890
18988
18891
18989
18892
18990
18893
18991
18894
18992
18895
18993
18896
18994
18897
18995
18898
18996
18899
18997
18900
18998
18901
18999
18902
19000
18903
19001
18904
19002
18905
19003
18906
19004
18907
19005
18908
19006
19007
18910
19008
18911
19009
18912
19010
18913
19011
18914
19012
18915
19013
18916
19014
18917
19015
18918
19016
18919
19017
18920
19018
18921
19019
18922
19020
18923
19021
18924
19022
18925
19023
18926
19024
18927
19025
18928
19026
18929
19027
18930
19028
18931
19029
18932
19030
18933
19031
18934
19032
18935
19033
18936
19034
18937
19035
18938
19036
18939
19037
18940
19038
18941
19039
18942
19040
18943
19041
18944
19042
18945
19043
18946
19044
18947
19045
18948
19046
18949
19047
18950
19048
18951
19049
18952
19050
18953
19051
18954
19052
18955
19053
18956
19054
18957
19055
18958
19056
18959
19057
18960
19058
18961
19059
18962
19060
18963
19061
18964
19062
18965
19063
18966
19064
18967
19065
18968
19066
18969
19067
18970
19068
18971
19069
18972
19070
18973
19071
18974
19072
18975
19073
18976
19074
18977
19075
18978
19076
18979
19077
18980
19078
18981
19079
18982
19080
18983
19081
18984
19082
18985
19083
18986
19084
18987
19085
18988
19086
18989
19087
18990
19088
18991
19089
18992
19090
18993
19091
18994
19092
18995
19093
18996
19094
18997
19095
18998
19096
18999
19097
19000
19098
19001
19099
19002
19100
19003
19101
19004
19102
19005
19103
19006
19104
19007
19105
19106
19009
19107
19010
19108
19011
19109
19012
19110
19013
19111
19014
19112
19015
19113
19016
19114
19017
19115
19018
19116
19019
19117
19020
19118
19021
19119
19022
19120
19023
19121
19024
19122
19025
19123
19026
19124
19027
19125
19028
19126
19029
19127
19030
19128
19031
19129
19032
19130
19033
19131
19034
19132
19035
19133
19036
19134
19037
19135
19038
19136
19039
19137
19040
19138
19041
19139
19042
19140
19043
19141
19044
19142
19045
19143
19046
19144
19047
19145
19048
19146
19049
19147
19050
19148
19051
19149
19052
19150
19053
19151
19054
19152
19055
19153
19056
19154
19057
19155
19058
19156
19059
19157
19060
19158
19061
19159
19062
19160
19063
19161
19064
19162
19065
19163
19066
19164
19067
19165
19068
19166
19069
19167
19070
19168
19071
19169
19072
19170
19073
19171
19074
19172
19075
19173
19076
19174
19077
19175
19078
19176
19079
19177
19080
19178
19081
19179
19082
19180
19083
19181
19084
19182
19085
19183
19086
19184
19087
19185
19088
19186
19089
19187
19090
19188
19091
19189
19092
19190
19093
19191
19094
19192
19095
19193
19096
19194
19097
19195
19098
19196
19099
19197
19100
19198
19101
19199
19102
19200
19103
19201
19104
19202
19105
19203
19106
19204
19205
19108
19206
19109
19207
19110
19208
19111
19209
19112
19210
19113
19211
19114
19212
19115
19213
19116
19214
19117
19215
19118
19216
19119
19217
19120
19218
19121
19219
19122
19220
19123
19221
19124
19222
19125
19223
19126
19224
19127
19225
19128
19226
19129
19227
19130
19228
19131
19229
19132
19230
19133
19231
19134
19232
19135
19233
19136
19234
19137
19235
19138
19236
19139
19237
19140
19238
19141
19239
19142
19240
19143
19241
19144
19242
19145
19243
19146
19244
19147
19245
19148
19246
19149
19247
19150
19248
19151
19249
19152
19250
19153
19251
19154
19252
19155
19253
19156
19254
19157
19255
19158
19256
19159
19257
19160
19258
19161
19259
19162
19260
19163
19261
19164
19262
19165
19263
19166
19264
19167
19265
19168
19266
19169
19267
19170
19268
19171
19269
19172
19270
19173
19271
19174
19272
19175
19273
19176
19274
19177
19275
19178
19276
19179
19277
19180
19278
19181
19279
19182
19280
19183
19281
19184
19282
19185
19283
19186
19284
19187
19285
19188
19286
19189
19287
19190
19288
19191
19289
19192
19290
19193
19291
19194
19292
19195
19293
19196
19294
19197
19295
19198
19296
19199
19297
19200
19298
19201
19299
19202
19300
19203
19301
19204
19302
19205
19303
19304
19207
19305
19208
19306
19209
19307
19210
19308
19211
19309
19212
19310
19213
19311
19214
19312
19215
19313
19216
19314
19217
19315
19218
19316
19219
19317
19220
19318
19221
19319
19222
19320
19223
19321
19224
19322
19225
19323
19226
19324
19227
19325
19228
19326
19229
19327
19230
19328
19231
19329
19232
19330
19233
19331
19234
19332
19235
19333
19236
19334
19237
19335
19238
19336
19239
19337
19240
19338
19241
19339
19242
19340
19243
19341
19244
19342
19245
19343
19246
19344
19247
19345
19248
19346
19249
19347
19250
19348
19251
19349
19252
19350
19253
19351
19254
19352
19255
19353
19256
19354
19257
19355
19258
19356
19259
19357
19260
19358
19261
19359
19262
19360
19263
19361
19264
19362
19265
19363
19266
19364
19267
19365
19268
19366
19269
19367
19270
19368
19271
19369
19272
19370
19273
19371
19274
19372
19275
19373
19276
19374
19277
19375
19278
19376
19279
19377
19280
19378
19281
19379
19282
19380
19283
19381
19284
19382
19285
19383
19286
19384
19287
19385
19288
19386
19289
19387
19290
19388
19291
19389
19292
19390
19293
19391
19294
19392
19295
19393
19296
19394
19297
19395
19298
19396
19299
19397
19300
19398
19301
19399
19302
19400
19303
19401
19304
19402
19403
19306
19404
19307
19405
19308
19406
19309
19407
19310
19408
19311
19409
19312
19410
19313
19411
19314
19412
19315
19413
19316
19414
19317
19415
19318
19416
19319
19417
19320
19418
19321
19419
19322
19420
19323
19421
19324
19422
19325
19423
19326
19424
19327
19425
19328
19426
19329
19427
19330
19428
19331
19429
19332
19430
19333
19431
19334
19432
19335
19433
19336
19434
19337
19435
19338
19436
19339
19437
19340
19438
19341
19439
19342
19440
19343
19441
19344
19442
19345
19443
19346
19444
19347
19445
19348
19446
19349
19447
19350
19448
19351
19449
19352
19450
19353
19451
19354
19452
19355
19453
19356
19454
19357
19455
19358
19456
19359
19457
19360
19458
19361
19459
19362
19460
19363
19461
19364
19462
19365
19463
19366
19464
19367
19465
19368
19466
19369
19467
19370
19468
19371
19469
19372
19470
19373
19471
19374
19472
19375
19473
19376
19474
19377
19475
19378
19476
19379
19477
19380
19478
19381
19479
19382
19480
19383
19481
19384
19482
19385
19483
19386
19484
19387
19485
19388
19486
19389
19487
19390
19488
19391
19489
19392
19490
19393
19491
19394
19492
19395
19493
19396
19494
19397
19495
19398
19496
19399
19497
19400
19498
19401
19499
19402
19500
19403
19501
19502
19405
19503
19406
19504
19407
19505
19408
19506
19409
19507
19410
19508
19411
19509
19412
19510
19413
19511
19414
19512
19415
19513
19416
19514
19417
19515
19418
19516
19419
19517
19420
19518
19421
19519
19422
19520
19423
19521
19424
19522
19425
19523
19426
19524
19427
19525
19428
19526
19429
19527
19430
19528
19431
19529
19432
19530
19433
19531
19434
19532
19435
19533
19436
19534
19437
19535
19438
19536
19439
19537
19440
19538
19441
19539
19442
19540
19443
19541
19444
19542
19445
19543
19446
19544
19447
19545
19448
19546
19449
19547
19450
19548
19451
19549
19452
19550
19453
19551
19454
19552
19455
19553
19456
19554
19457
19555
19458
19556
19459
19557
19460
19558
19461
19559
19462
19560
19463
19561
19464
19562
19465
19563
19466
19564
19467
19565
19468
19566
19469
19567
19470
19568
19471
19569
19472
19570
19473
19571
19474
19572
19475
19573
19476
19574
19477
19575
19478
19576
19479
19577
19480
19578
19481
19579
19482
19580
19483
19581
19484
19582
19485
19583
19486
19584
19487
19585
19488
19586
19489
19587
19490
19588
19491
19589
19492
19590
19493
19591
19494
19592
19495
19593
19496
19594
19497
19595
19498
19596
19499
19597
19500
19598
19501
19599
19502
19600
19601
19504
19602
19505
19603
19506
19604
19507
19605
19508
19606
19509
19607
19510
19608
19511
19609
19512
19610
19513
19611
19514
19612
19515
19613
19516
19614
19517
19615
19518
19616
19519
19617
19520
19618
19521
19619
19522
19620
19523
19621
19524
19622
19525
19623
19526
19624
19527
19625
19528
19626
19529
19627
19530
19628
19531
19629
19532
19630
19533
19631
19534
19632
19535
19633
19536
19634
19537
19635
19538
19636
19539
19637
19540
19638
19541
19639
19542
19640
19543
19641
19544
19642
19545
19643
19546
19644
19547
19645
19548
19646
19549
19647
19550
19648
19551
19649
19552
19650
19553
19651
19554
19652
19555
19653
19556
19654
19557
19655
19558
19656
19559
19657
19560
19658
19561
19659
19562
19660
19563
19661
19564
19662
19565
19663
19566
19664
19567
19665
19568
19666
19569
19667
19570
19668
19571
19669
19572
19670
19573
19671
19574
19672
19575
19673
19576
19674
19577
19675
19578
19676
19579
19677
19580
19678
19581
19679
19582
19680
19583
19681
19584
19682
19585
19683
19586
19684
19587
19685
19588
19686
19589
19687
19590
19688
19591
19689
19592
19690
19593
19691
19594
19692
19595
19693
19596
19694
19597
19695
19598
19696
19599
19697
19600
19698
19601
19699
19700
19603
19701
19604
19702
19605
19703
19606
19704
19607
19705
19608
19706
19609
19707
19610
19708
19611
19709
19612
19710
19613
19711
19614
19712
19615
19713
19616
19714
19617
19715
19618
19716
19619
19717
19620
19718
19621
19719
19622
19720
19623
19721
19624
19722
19625
19723
19626
19724
19627
19725
19628
19726
19629
19727
19630
19728
19631
19729
19632
19730
19633
19731
19634
19732
19635
19733
19636
19734
19637
19735
19638
19736
19639
19737
19640
19738
19641
19739
19642
19740
19643
19741
19644
19742
19645
19743
19646
19744
19647
19745
19648
19746
19649
19747
19650
19748
19651
19749
19652
19750
19653
19751
19654
19752
19655
19753
19656
19754
19657
19755
19658
19756
19659
19757
19660
19758
19661
19759
19662
19760
19663
19761
19664
19762
19665
19763
19666
19764
19667
19765
19668
19766
19669
19767
19670
19768
19671
19769
19672
19770
19673
19771
19674
19772
19675
19773
19676
19774
19677
19775
19678
19776
19679
19777
19680
19778
19681
19779
19682
19780
19683
19781
19684
19782
19685
19783
19686
19784
19687
19785
19688
19786
19689
19787
19690
19788
19691
19789
19692
19790
19693
19791
19694
19792
19695
19793
19696
19794
19697
19795
19698
19796
19699
19797
19700
19798
19799
19702
19800
19703
19801
19704
19802
19705
19803
19706
19804
19707
19805
19708
19806
19709
19807
19710
19808
19711
19809
19712
19810
19713
19811
19714
19812
19715
19813
19716
19814
19717
19815
19718
19816
19719
19817
19720
19818
19721
19819
19722
19820
19723
19821
19724
19822
19725
19823
19726
19824
19727
19825
19728
19826
19729
19827
19730
19828
19731
19829
19732
19830
19733
19831
19734
19832
19735
19833
19736
19834
19737
19835
19738
19836
19739
19837
19740
19838
19741
19839
19742
19840
19743
19841
19744
19842
19745
19843
19746
19844
19747
19845
19748
19846
19749
19847
19750
19848
19751
19849
19752
19850
19753
19851
19754
19852
19755
19853
19756
19854
19757
19855
19758
19856
19759
19857
19760
19858
19761
19859
19762
19860
19763
19861
19764
19862
19765
19863
19766
19864
19767
19865
19768
19866
19769
19867
19770
19868
19771
19869
19772
19870
19773
19871
19774
19872
19775
19873
19776
19874
19777
19875
19778
19876
19779
19877
19780
19878
19781
19879
19782
19880
19783
19881
19784
19882
19785
19883
19786
19884
19787
19885
19788
19886
19789
19887
19790
19888
19791
19889
19792
19890
19793
19891
19794
19892
19795
19893
19796
19894
19797
19895
19798
19896
19799
19897
19898
19801
19899
19802
19900
19803
19901
19804
19902
19805
19903
19806
19904
19807
19905
19808
19906
19809
19907
19810
19908
19811
19909
19812
19910
19813
19911
19814
19912
19815
19913
19816
19914
19817
19915
19818
19916
19819
19917
19820
19918
19821
19919
19822
19920
19823
19921
19824
19922
19825
19923
19826
19924
19827
19925
19828
19926
19829
19927
19830
19928
19831
19929
19832
19930
19833
19931
19834
19932
19835
19933
19836
19934
19837
19935
19838
19936
19839
19937
19840
19938
19841
19939
19842
19940
19843
19941
19844
19942
19845
19943
19846
19944
19847
19945
19848
19946
19849
19947
19850
19948
19851
19949
19852
19950
19853
19951
19854
19952
19855
19953
19856
19954
19857
19955
19858
19956
19859
19957
19860
19958
19861
19959
19862
19960
19863
19961
19864
19962
19865
19963
19866
19964
19867
19965
19868
19966
19869
19967
19870
19968
19871
19969
19872
19970
19873
19971
19874
19972
19875
19973
19876
19974
19877
19975
19878
19976
19879
19977
19880
19978
19881
19979
19882
19980
19883
19981
19884
19982
19885
19983
19886
19984
19887
19985
19888
19986
19889
19987
19890
19988
19891
19989
19892
19990
19893
19991
19894
19992
19895
19993
19896
19994
19897
19995
19898
19996
19997
19900
19998
19901
19999
19902
20000
19903
20001
19904
20002
19905
20003
19906
20004
19907
20005
19908
20006
19909
20007
19910
20008
19911
20009
19912
20010
19913
20011
19914
20012
19915
20013
19916
20014
19917
20015
19918
20016
19919
20017
19920
20018
19921
20019
19922
20020
19923
20021
19924
20022
19925
20023
19926
20024
19927
20025
19928
20026
19929
20027
19930
20028
19931
20029
19932
20030
19933
20031
19934
20032
19935
20033
19936
20034
19937
20035
19938
20036
19939
20037
19940
20038
19941
20039
19942
20040
19943
20041
19944
20042
19945
20043
19946
20044
19947
20045
19948
20046
19949
20047
19950
20048
19951
20049
19952
20050
19953
20051
19954
20052
19955
20053
19956
20054
19957
20055
19958
20056
19959
20057
19960
20058
19961
20059
19962
20060
19963
20061
19964
20062
19965
20063
19966
20064
19967
20065
19968
20066
19969
20067
19970
20068
19971
20069
19972
20070
19973
20071
19974
20072
19975
20073
19976
20074
19977
20075
19978
20076
19979
20077
19980
20078
19981
20079
19982
20080
19983
20081
19984
20082
19985
20083
19986
20084
19987
20085
19988
20086
19989
20087
19990
20088
19991
20089
19992
20090
19993
20091
19994
20092
19995
20093
19996
20094
19997
20095
20096
19999
20097
20000
20098
20001
20099
20002
20100
20003
20101
20004
20102
20005
20103
20006
20104
20007
20105
20008
20106
20009
20107
20010
20108
20011
20109
20012
20110
20013
20111
20014
20112
20015
20113
20016
20114
20017
20115
20018
20116
20019
20117
20020
20118
20021
20119
20022
20120
20023
20121
20024
20122
20025
20123
20026
20124
20027
20125
20028
20126
20029
20127
20030
20128
20031
20129
20032
20130
20033
20131
20034
20132
20035
20133
20036
20134
20037
20135
20038
20136
20039
20137
20040
20138
20041
20139
20042
20140
20043
20141
20044
20142
20045
20143
20046
20144
20047
20145
20048
20146
20049
20147
20050
20148
20051
20149
20052
20150
20053
20151
20054
20152
20055
20153
20056
20154
20057
20155
20058
20156
20059
20157
20060
20158
20061
20159
20062
20160
20063
20161
20064
20162
20065
20163
20066
20164
20067
20165
20068
20166
20069
20167
20070
20168
20071
20169
20072
20170
20073
20171
20074
20172
20075
20173
20076
20174
20077
20175
20078
20176
20079
20177
20080
20178
20081
20179
20082
20180
20083
20181
20084
20182
20085
20183
20086
20184
20087
20185
20088
20186
20089
20187
20090
20188
20091
20189
20092
20190
20093
20191
20094
20192
20095
20193
20096
20194
20195
20098
20196
20099
20197
20100
20198
20101
20199
20102
20200
20103
20201
20104
20202
20105
20203
20106
20204
20107
20205
20108
20206
20109
20207
20110
20208
20111
20209
20112
20210
20113
20211
20114
20212
20115
20213
20116
20214
20117
20215
20118
20216
20119
20217
20120
20218
20121
20219
20122
20220
20123
20221
20124
20222
20125
20223
20126
20224
20127
20225
20128
20226
20129
20227
20130
20228
20131
20229
20132
20230
20133
20231
20134
20232
20135
20233
20136
20234
20137
20235
20138
20236
20139
20237
20140
20238
20141
20239
20142
20240
20143
20241
20144
20242
20145
20243
20146
20244
20147
20245
20148
20246
20149
20247
20150
20248
20151
20249
20152
20250
20153
20251
20154
20252
20155
20253
20156
20254
20157
20255
20158
20256
20159
20257
20160
20258
20161
20259
20162
20260
20163
20261
20164
20262
20165
20263
20166
20264
20167
20265
20168
20266
20169
20267
20170
20268
20171
20269
20172
20270
20173
20271
20174
20272
20175
20273
20176
20274
20177
20275
20178
20276
20179
20277
20180
20278
20181
20279
20182
20280
20183
20281
20184
20282
20185
20283
20186
20284
20187
20285
20188
20286
20189
20287
20190
20288
20191
20289
20192
20290
20193
20291
20194
20292
20195
20293
20294
20197
20295
20198
20296
20199
20297
20200
20298
20201
20299
20202
20300
20203
20301
20204
20302
20205
20303
20206
20304
20207
20305
20208
20306
20209
20307
20210
20308
20211
20309
20212
20310
20213
20311
20214
20312
20215
20313
20216
20314
20217
20315
20218
20316
20219
20317
20220
20318
20221
20319
20222
20320
20223
20321
20224
20322
20225
20323
20226
20324
20227
20325
20228
20326
20229
20327
20230
20328
20231
20329
20232
20330
20233
20331
20234
20332
20235
20333
20236
20334
20237
20335
20238
20336
20239
20337
20240
20338
20241
20339
20242
20340
20243
20341
20244
20342
20245
20343
20246
20344
20247
20345
20248
20346
20249
20347
20250
20348
20251
20349
20252
20350
20253
20351
20254
20352
20255
20353
20256
20354
20257
20355
20258
20356
20259
20357
20260
20358
20261
20359
20262
20360
20263
20361
20264
20362
20265
20363
20266
20364
20267
20365
20268
20366
20269
20367
20270
20368
20271
20369
20272
20370
20273
20371
20274
20372
20275
20373
20276
20374
20277
20375
20278
20376
20279
20377
20280
20378
20281
20379
20282
20380
20283
20381
20284
20382
20285
20383
20286
20384
20287
20385
20288
20386
20289
20387
20290
20388
20291
20389
20292
20390
20293
20391
20294
20392
20393
20296
20394
20297
20395
20298
20396
20299
20397
20300
20398
20301
20399
20302
20400
20303
20401
20304
20402
20305
20403
20306
20404
20307
20405
20308
20406
20309
20407
20310
20408
20311
20409
20312
20410
20313
20411
20314
20412
20315
20413
20316
20414
20317
20415
20318
20416
20319
20417
20320
20418
20321
20419
20322
20420
20323
20421
20324
20422
20325
20423
20326
20424
20327
20425
20328
20426
20329
20427
20330
20428
20331
20429
20332
20430
20333
20431
20334
20432
20335
20433
20336
20434
20337
20435
20338
20436
20339
20437
20340
20438
20341
20439
20342
20440
20343
20441
20344
20442
20345
20443
20346
20444
20347
20445
20348
20446
20349
20447
20350
20448
20351
20449
20352
20450
20353
20451
20354
20452
20355
20453
20356
20454
20357
20455
20358
20456
20359
20457
20360
20458
20361
20459
20362
20460
20363
20461
20364
20462
20365
20463
20366
20464
20367
20465
20368
20466
20369
20467
20370
20468
20371
20469
20372
20470
20373
20471
20374
20472
20375
20473
20376
20474
20377
20475
20378
20476
20379
20477
20380
20478
20381
20479
20382
20480
20383
20481
20384
20482
20385
20483
20386
20484
20387
20485
20388
20486
20389
20487
20390
20488
20391
20489
20392
20490
20393
20491
20492
20395
20493
20396
20494
20397
20495
20398
20496
20399
20497
20400
20498
20401
20499
20402
20500
20403
20501
20404
20502
20405
20503
20406
20504
20407
20505
20408
20506
20409
20507
20410
20508
20411
20509
20412
20510
20413
20511
20414
20512
20415
20513
20416
20514
20417
20515
20418
20516
20419
20517
20420
20518
20421
20519
20422
20520
20423
20521
20424
20522
20425
20523
20426
20524
20427
20525
20428
20526
20429
20527
20430
20528
20431
20529
20432
20530
20433
20531
20434
20532
20435
20533
20436
20534
20437
20535
20438
20536
20439
20537
20440
20538
20441
20539
20442
20540
20443
20541
20444
20542
20445
20543
20446
20544
20447
20545
20448
20546
20449
20547
20450
20548
20451
20549
20452
20550
20453
20551
20454
20552
20455
20553
20456
20554
20457
20555
20458
20556
20459
20557
20460
20558
20461
20559
20462
20560
20463
20561
20464
20562
20465
20563
20466
20564
20467
20565
20468
20566
20469
20567
20470
20568
20471
20569
20472
20570
20473
20571
20474
20572
20475
20573
20476
20574
20477
20575
20478
20576
20479
20577
20480
20578
20481
20579
20482
20580
20483
20581
20484
20582
20485
20583
20486
20584
20487
20585
20488
20586
20489
20587
20490
20588
20491
20589
20492
20590
20591
20494
20592
20495
20593
20496
20594
20497
20595
20498
20596
20499
20597
20500
20598
20501
20599
20502
20600
20503
20601
20504
20602
20505
20603
20506
20604
20507
20605
20508
20606
20509
20607
20510
20608
20511
20609
20512
20610
20513
20611
20514
20612
20515
20613
20516
20614
20517
20615
20518
20616
20519
20617
20520
20618
20521
20619
20522
20620
20523
20621
20524
20622
20525
20623
20526
20624
20527
20625
20528
20626
20529
20627
20530
20628
20531
20629
20532
20630
20533
20631
20534
20632
20535
20633
20536
20634
20537
20635
20538
20636
20539
20637
20540
20638
20541
20639
20542
20640
20543
20641
20544
20642
20545
20643
20546
20644
20547
20645
20548
20646
20549
20647
20550
20648
20551
20649
20552
20650
20553
20651
20554
20652
20555
20653
20556
20654
20557
20655
20558
20656
20559
20657
20560
20658
20561
20659
20562
20660
20563
20661
20564
20662
20565
20663
20566
20664
20567
20665
20568
20666
20569
20667
20570
20668
20571
20669
20572
20670
20573
20671
20574
20672
20575
20673
20576
20674
20577
20675
20578
20676
20579
20677
20580
20678
20581
20679
20582
20680
20583
20681
20584
20682
20585
20683
20586
20684
20587
20685
20588
20686
20589
20687
20590
20688
20591
20689
20690
20593
20691
20594
20692
20595
20693
20596
20694
20597
20695
20598
20696
20599
20697
20600
20698
20601
20699
20602
20700
20603
20701
20604
20702
20605
20703
20606
20704
20607
20705
20608
20706
20609
20707
20610
20708
20611
20709
20612
20710
20613
20711
20614
20712
20615
20713
20616
20714
20617
20715
20618
20716
20619
20717
20620
20718
20621
20719
20622
20720
20623
20721
20624
20722
20625
20723
20626
20724
20627
20725
20628
20726
20629
20727
20630
20728
20631
20729
20632
20730
20633
20731
20634
20732
20635
20733
20636
20734
20637
20735
20638
20736
20639
20737
20640
20738
20641
20739
20642
20740
20643
20741
20644
20742
20645
20743
20646
20744
20647
20745
20648
20746
20649
20747
20650
20748
20651
20749
20652
20750
20653
20751
20654
20752
20655
20753
20656
20754
20657
20755
20658
20756
20659
20757
20660
20758
20661
20759
20662
20760
20663
20761
20664
20762
20665
20763
20666
20764
20667
20765
20668
20766
20669
20767
20670
20768
20671
20769
20672
20770
20673
20771
20674
20772
20675
20773
20676
20774
20677
20775
20678
20776
20679
20777
20680
20778
20681
20779
20682
20780
20683
20781
20684
20782
20685
20783
20686
20784
20687
20785
20688
20786
20689
20787
20690
20788
20789
20692
20790
20693
20791
20694
20792
20695
20793
20696
20794
20697
20795
20698
20796
20699
20797
20700
20798
20701
20799
20702
20800
20703
20801
20704
20802
20705
20803
20706
20804
20707
20805
20708
20806
20709
20807
20710
20808
20711
20809
20712
20810
20713
20811
20714
20812
20715
20813
20716
20814
20717
20815
20718
20816
20719
20817
20720
20818
20721
20819
20722
20820
20723
20821
20724
20822
20725
20823
20726
20824
20727
20825
20728
20826
20729
20827
20730
20828
20731
20829
20732
20830
20733
20831
20734
20832
20735
20833
20736
20834
20737
20835
20738
20836
20739
20837
20740
20838
20741
20839
20742
20840
20743
20841
20744
20842
20745
20843
20746
20844
20747
20845
20748
20846
20749
20847
20750
20848
20751
20849
20752
20850
20753
20851
20754
20852
20755
20853
20756
20854
20757
20855
20758
20856
20759
20857
20760
20858
20761
20859
20762
20860
20763
20861
20764
20862
20765
20863
20766
20864
20767
20865
20768
20866
20769
20867
20770
20868
20771
20869
20772
20870
20773
20871
20774
20872
20775
20873
20776
20874
20777
20875
20778
20876
20779
20877
20780
20878
20781
20879
20782
20880
20783
20881
20784
20882
20785
20883
20786
20884
20787
20885
20788
20886
20789
20887
20888
20791
20889
20792
20890
20793
20891
20794
20892
20795
20893
20796
20894
20797
20895
20798
20896
20799
20897
20800
20898
20801
20899
20802
20900
20803
20901
20804
20902
20805
20903
20806
20904
20807
20905
20808
20906
20809
20907
20810
20908
20811
20909
20812
20910
20813
20911
20814
20912
20815
20913
20816
20914
20817
20915
20818
20916
20819
20917
20820
20918
20821
20919
20822
20920
20823
20921
20824
20922
20825
20923
20826
20924
20827
20925
20828
20926
20829
20927
20830
20928
20831
20929
20832
20930
20833
20931
20834
20932
20835
20933
20836
20934
20837
20935
20838
20936
20839
20937
20840
20938
20841
20939
20842
20940
20843
20941
20844
20942
20845
20943
20846
20944
20847
20945
20848
20946
20849
20947
20850
20948
20851
20949
20852
20950
20853
20951
20854
20952
20855
20953
20856
20954
20857
20955
20858
20956
20859
20957
20860
20958
20861
20959
20862
20960
20863
20961
20864
20962
20865
20963
20866
20964
20867
20965
20868
20966
20869
20967
20870
20968
20871
20969
20872
20970
20873
20971
20874
20972
20875
20973
20876
20974
20877
20975
20878
20976
20879
20977
20880
20978
20881
20979
20882
20980
20883
20981
20884
20982
20885
20983
20886
20984
20887
20985
20888
20986
20987
20890
20988
20891
20989
20892
20990
20893
20991
20894
20992
20895
20993
20896
20994
20897
20995
20898
20996
20899
20997
20900
20998
20901
20999
20902
21000
20903
21001
20904
21002
20905
21003
20906
21004
20907
21005
20908
21006
20909
21007
20910
21008
20911
21009
20912
21010
20913
21011
20914
21012
20915
21013
20916
21014
20917
21015
20918
21016
20919
21017
20920
21018
20921
21019
20922
21020
20923
21021
20924
21022
20925
21023
20926
21024
20927
21025
20928
21026
20929
21027
20930
21028
20931
21029
20932
21030
20933
21031
20934
21032
20935
21033
20936
21034
20937
21035
20938
21036
20939
21037
20940
21038
20941
21039
20942
21040
20943
21041
20944
21042
20945
21043
20946
21044
20947
21045
20948
21046
20949
21047
20950
21048
20951
21049
20952
21050
20953
21051
20954
21052
20955
21053
20956
21054
20957
21055
20958
21056
20959
21057
20960
21058
20961
21059
20962
21060
20963
21061
20964
21062
20965
21063
20966
21064
20967
21065
20968
21066
20969
21067
20970
21068
20971
21069
20972
21070
20973
21071
20974
21072
20975
21073
20976
21074
20977
21075
20978
21076
20979
21077
20980
21078
20981
21079
20982
21080
20983
21081
20984
21082
20985
21083
20986
21084
20987
21085
21086
20989
21087
20990
21088
20991
21089
20992
21090
20993
21091
20994
21092
20995
21093
20996
21094
20997
21095
20998
21096
20999
21097
21000
21098
21001
21099
21002
21100
21003
21101
21004
21102
21005
21103
21006
21104
21007
21105
21008
21106
21009
21107
21010
21108
21011
21109
21012
21110
21013
21111
21014
21112
21015
21113
21016
21114
21017
21115
21018
21116
21019
21117
21020
21118
21021
21119
21022
21120
21023
21121
21024
21122
21025
21123
21026
21124
21027
21125
21028
21126
21029
21127
21030
21128
21031
21129
21032
21130
21033
21131
21034
21132
21035
21133
21036
21134
21037
21135
21038
21136
21039
21137
21040
21138
21041
21139
21042
21140
21043
21141
21044
21142
21045
21143
21046
21144
21047
21145
21048
21146
21049
21147
21050
21148
21051
21149
21052
21150
21053
21151
21054
21152
21055
21153
21056
21154
21057
21155
21058
21156
21059
21157
21060
21158
21061
21159
21062
21160
21063
21161
21064
21162
21065
21163
21066
21164
21067
21165
21068
21166
21069
21167
21070
21168
21071
21169
21072
21170
21073
21171
21074
21172
21075
21173
21076
21174
21077
21175
21078
21176
21079
21177
21080
21178
21081
21179
21082
21180
21083
21181
21084
21182
21085
21183
21086
21184
21185
21088
21186
21089
21187
21090
21188
21091
21189
21092
21190
21093
21191
21094
21192
21095
21193
21096
21194
21097
21195
21098
21196
21099
21197
21100
21198
21101
21199
21102
21200
21103
21201
21104
21202
21105
21203
21106
21204
21107
21205
21108
21206
21109
21207
21110
21208
21111
21209
21112
21210
21113
21211
21114
21212
21115
21213
21116
21214
21117
21215
21118
21216
21119
21217
21120
21218
21121
21219
21122
21220
21123
21221
21124
21222
21125
21223
21126
21224
21127
21225
21128
21226
21129
21227
21130
21228
21131
21229
21132
21230
21133
21231
21134
21232
21135
21233
21136
21234
21137
21235
21138
21236
21139
21237
21140
21238
21141
21239
21142
21240
21143
21241
21144
21242
21145
21243
21146
21244
21147
21245
21148
21246
21149
21247
21150
21248
21151
21249
21152
21250
21153
21251
21154
21252
21155
21253
21156
21254
21157
21255
21158
21256
21159
21257
21160
21258
21161
21259
21162
21260
21163
21261
21164
21262
21165
21263
21166
21264
21167
21265
21168
21266
21169
21267
21170
21268
21171
21269
21172
21270
21173
21271
21174
21272
21175
21273
21176
21274
21177
21275
21178
21276
21179
21277
21180
21278
21181
21279
21182
21280
21183
21281
21184
21282
21185
21283
21284
21187
21285
21188
21286
21189
21287
21190
21288
21191
21289
21192
21290
21193
21291
21194
21292
21195
21293
21196
21294
21197
21295
21198
21296
21199
21297
21200
21298
21201
21299
21202
21300
21203
21301
21204
21302
21205
21303
21206
21304
21207
21305
21208
21306
21209
21307
21210
21308
21211
21309
21212
21310
21213
21311
21214
21312
21215
21313
21216
21314
21217
21315
21218
21316
21219
21317
21220
21318
21221
21319
21222
21320
21223
21321
21224
21322
21225
21323
21226
21324
21227
21325
21228
21326
21229
21327
21230
21328
21231
21329
21232
21330
21233
21331
21234
21332
21235
21333
21236
21334
21237
21335
21238
21336
21239
21337
21240
21338
21241
21339
21242
21340
21243
21341
21244
21342
21245
21343
21246
21344
21247
21345
21248
21346
21249
21347
21250
21348
21251
21349
21252
21350
21253
21351
21254
21352
21255
21353
21256
21354
21257
21355
21258
21356
21259
21357
21260
21358
21261
21359
21262
21360
21263
21361
21264
21362
21265
21363
21266
21364
21267
21365
21268
21366
21269
21367
21270
21368
21271
21369
21272
21370
21273
21371
21274
21372
21275
21373
21276
21374
21277
21375
21278
21376
21279
21377
21280
21378
21281
21379
21282
21380
21283
21381
21284
21382
21383
21286
21384
21287
21385
21288
21386
21289
21387
21290
21388
21291
21389
21292
21390
21293
21391
21294
21392
21295
21393
21296
21394
21297
21395
21298
21396
21299
21397
21300
21398
21301
21399
21302
21400
21303
21401
21304
21402
21305
21403
21306
21404
21307
21405
21308
21406
21309
21407
21310
21408
21311
21409
21312
21410
21313
21411
21314
21412
21315
21413
21316
21414
21317
21415
21318
21416
21319
21417
21320
21418
21321
21419
21322
21420
21323
21421
21324
21422
21325
21423
21326
21424
21327
21425
21328
21426
21329
21427
21330
21428
21331
21429
21332
21430
21333
21431
21334
21432
21335
21433
21336
21434
21337
21435
21338
21436
21339
21437
21340
21438
21341
21439
21342
21440
21343
21441
21344
21442
21345
21443
21346
21444
21347
21445
21348
21446
21349
21447
21350
21448
21351
21449
21352
21450
21353
21451
21354
21452
21355
21453
21356
21454
21357
21455
21358
21456
21359
21457
21360
21458
21361
21459
21362
21460
21363
21461
21364
21462
21365
21463
21366
21464
21367
21465
21368
21466
21369
21467
21370
21468
21371
21469
21372
21470
21373
21471
21374
21472
21375
21473
21376
21474
21377
21475
21378
21476
21379
21477
21380
21478
21381
21479
21382
21480
21383
21481
21482
21385
21483
21386
21484
21387
21485
21388
21486
21389
21487
21390
21488
21391
21489
21392
21490
21393
21491
21394
21492
21395
21493
21396
21494
21397
21495
21398
21496
21399
21497
21400
21498
21401
21499
21402
21500
21403
21501
21404
21502
21405
21503
21406
21504
21407
21505
21408
21506
21409
21507
21410
21508
21411
21509
21412
21510
21413
21511
21414
21512
21415
21513
21416
21514
21417
21515
21418
21516
21419
21517
21420
21518
21421
21519
21422
21520
21423
21521
21424
21522
21425
21523
21426
21524
21427
21525
21428
21526
21429
21527
21430
21528
21431
21529
21432
21530
21433
21531
21434
21532
21435
21533
21436
21534
21437
21535
21438
21536
21439
21537
21440
21538
21441
21539
21442
21540
21443
21541
21444
21542
21445
21543
21446
21544
21447
21545
21448
21546
21449
21547
21450
21548
21451
21549
21452
21550
21453
21551
21454
21552
21455
21553
21456
21554
21457
21555
21458
21556
21459
21557
21460
21558
21461
21559
21462
21560
21463
21561
21464
21562
21465
21563
21466
21564
21467
21565
21468
21566
21469
21567
21470
21568
21471
21569
21472
21570
21473
21571
21474
21572
21475
21573
21476
21574
21477
21575
21478
21576
21479
21577
21480
21578
21481
21579
21482
21580
21581
21484
21582
21485
21583
21486
21584
21487
21585
21488
21586
21489
21587
21490
21588
21491
21589
21492
21590
21493
21591
21494
21592
21495
21593
21496
21594
21497
21595
21498
21596
21499
21597
21500
21598
21501
21599
21502
21600
21503
21601
21504
21602
21505
21603
21506
21604
21507
21605
21508
21606
21509
21607
21510
21608
21511
21609
21512
21610
21513
21611
21514
21612
21515
21613
21516
21614
21517
21615
21518
21616
21519
21617
21520
21618
21521
21619
21522
21620
21523
21621
21524
21622
21525
21623
21526
21624
21527
21625
21528
21626
21529
21627
21530
21628
21531
21629
21532
21630
21533
21631
21534
21632
21535
21633
21536
21634
21537
21635
21538
21636
21539
21637
21540
21638
21541
21639
21542
21640
21543
21641
21544
21642
21545
21643
21546
21644
21547
21645
21548
21646
21549
21647
21550
21648
21551
21649
21552
21650
21553
21651
21554
21652
21555
21653
21556
21654
21557
21655
21558
21656
21559
21657
21560
21658
21561
21659
21562
21660
21563
21661
21564
21662
21565
21663
21566
21664
21567
21665
21568
21666
21569
21667
21570
21668
21571
21669
21572
21670
21573
21671
21574
21672
21575
21673
21576
21674
21577
21675
21578
21676
21579
21677
21580
21678
21581
21679
21680
21583
21681
21584
21682
21585
21683
21586
21684
21587
21685
21588
21686
21589
21687
21590
21688
21591
21689
21592
21690
21593
21691
21594
21692
21595
21693
21596
21694
21597
21695
21598
21696
21599
21697
21600
21698
21601
21699
21602
21700
21603
21701
21604
21702
21605
21703
21606
21704
21607
21705
21608
21706
21609
21707
21610
21708
21611
21709
21612
21710
21613
21711
21614
21712
21615
21713
21616
21714
21617
21715
21618
21716
21619
21717
21620
21718
21621
21719
21622
21720
21623
21721
21624
21722
21625
21723
21626
21724
21627
21725
21628
21726
21629
21727
21630
21728
21631
21729
21632
21730
21633
21731
21634
21732
21635
21733
21636
21734
21637
21735
21638
21736
21639
21737
21640
21738
21641
21739
21642
21740
21643
21741
21644
21742
21645
21743
21646
21744
21647
21745
21648
21746
21649
21747
21650
21748
21651
21749
21652
21750
21653
21751
21654
21752
21655
21753
21656
21754
21657
21755
21658
21756
21659
21757
21660
21758
21661
21759
21662
21760
21663
21761
21664
21762
21665
21763
21666
21764
21667
21765
21668
21766
21669
21767
21670
21768
21671
21769
21672
21770
21673
21771
21674
21772
21675
21773
21676
21774
21677
21775
21678
21776
21679
21777
21680
21778
21779
21682
21780
21683
21781
21684
21782
21685
21783
21686
21784
21687
21785
21688
21786
21689
21787
21690
21788
21691
21789
21692
21790
21693
21791
21694
21792
21695
21793
21696
21794
21697
21795
21698
21796
21699
21797
21700
21798
21701
21799
21702
21800
21703
21801
21704
21802
21705
21803
21706
21804
21707
21805
21708
21806
21709
21807
21710
21808
21711
21809
21712
21810
21713
21811
21714
21812
21715
21813
21716
21814
21717
21815
21718
21816
21719
21817
21720
21818
21721
21819
21722
21820
21723
21821
21724
21822
21725
21823
21726
21824
21727
21825
21728
21826
21729
21827
21730
21828
21731
21829
21732
21830
21733
21831
21734
21832
21735
21833
21736
21834
21737
21835
21738
21836
21739
21837
21740
21838
21741
21839
21742
21840
21743
21841
21744
21842
21745
21843
21746
21844
21747
21845
21748
21846
21749
21847
21750
21848
21751
21849
21752
21850
21753
21851
21754
21852
21755
21853
21756
21854
21757
21855
21758
21856
21759
21857
21760
21858
21761
21859
21762
21860
21763
21861
21764
21862
21765
21863
21766
21864
21767
21865
21768
21866
21769
21867
21770
21868
21771
21869
21772
21870
21773
21871
21774
21872
21775
21873
21776
21874
21777
21875
21778
21876
21779
21877
21878
21781
21879
21782
21880
21783
21881
21784
21882
21785
21883
21786
21884
21787
21885
21788
21886
21789
21887
21790
21888
21791
21889
21792
21890
21793
21891
21794
21892
21795
21893
21796
21894
21797
21895
21798
21896
21799
21897
21800
21898
21801
21899
21802
21900
21803
21901
21804
21902
21805
21903
21806
21904
21807
21905
21808
21906
21809
21907
21810
21908
21811
21909
21812
21910
21813
21911
21814
21912
21815
21913
21816
21914
21817
21915
21818
21916
21819
21917
21820
21918
21821
21919
21822
21920
21823
21921
21824
21922
21825
21923
21826
21924
21827
21925
21828
21926
21829
21927
21830
21928
21831
21929
21832
21930
21833
21931
21834
21932
21835
21933
21836
21934
21837
21935
21838
21936
21839
21937
21840
21938
21841
21939
21842
21940
21843
21941
21844
21942
21845
21943
21846
21944
21847
21945
21848
21946
21849
21947
21850
21948
21851
21949
21852
21950
21853
21951
21854
21952
21855
21953
21856
21954
21857
21955
21858
21956
21859
21957
21860
21958
21861
21959
21862
21960
21863
21961
21864
21962
21865
21963
21866
21964
21867
21965
21868
21966
21869
21967
21870
21968
21871
21969
21872
21970
21873
21971
21874
21972
21875
21973
21876
21974
21877
21975
21878
21976
21977
21880
21978
21881
21979
21882
21980
21883
21981
21884
21982
21885
21983
21886
21984
21887
21985
21888
21986
21889
21987
21890
21988
21891
21989
21892
21990
21893
21991
21894
21992
21895
21993
21896
21994
21897
21995
21898
21996
21899
21997
21900
21998
21901
21999
21902
22000
21903
22001
21904
22002
21905
22003
21906
22004
21907
22005
21908
22006
21909
22007
21910
22008
21911
22009
21912
22010
21913
22011
21914
22012
21915
22013
21916
22014
21917
22015
21918
22016
21919
22017
21920
22018
21921
22019
21922
22020
21923
22021
21924
22022
21925
22023
21926
22024
21927
22025
21928
22026
21929
22027
21930
22028
21931
22029
21932
22030
21933
22031
21934
22032
21935
22033
21936
22034
21937
22035
21938
22036
21939
22037
21940
22038
21941
22039
21942
22040
21943
22041
21944
22042
21945
22043
21946
22044
21947
22045
21948
22046
21949
22047
21950
22048
21951
22049
21952
22050
21953
22051
21954
22052
21955
22053
21956
22054
21957
22055
21958
22056
21959
22057
21960
22058
21961
22059
21962
22060
21963
22061
21964
22062
21965
22063
21966
22064
21967
22065
21968
22066
21969
22067
21970
22068
21971
22069
21972
22070
21973
22071
21974
22072
21975
22073
21976
22074
21977
22075
22076
21979
22077
21980
22078
21981
22079
21982
22080
21983
22081
21984
22082
21985
22083
21986
22084
21987
22085
21988
22086
21989
22087
21990
22088
21991
22089
21992
22090
21993
22091
21994
22092
21995
22093
21996
22094
21997
22095
21998
22096
21999
22097
22000
22098
22001
22099
22002
22100
22003
22101
22004
22102
22005
22103
22006
22104
22007
22105
22008
22106
22009
22107
22010
22108
22011
22109
22012
22110
22013
22111
22014
22112
22015
22113
22016
22114
22017
22115
22018
22116
22019
22117
22020
22118
22021
22119
22022
22120
22023
22121
22024
22122
22025
22123
22026
22124
22027
22125
22028
22126
22029
22127
22030
22128
22031
22129
22032
22130
22033
22131
22034
22132
22035
22133
22036
22134
22037
22135
22038
22136
22039
22137
22040
22138
22041
22139
22042
22140
22043
22141
22044
22142
22045
22143
22046
22144
22047
22145
22048
22146
22049
22147
22050
22148
22051
22149
22052
22150
22053
22151
22054
22152
22055
22153
22056
22154
22057
22155
22058
22156
22059
22157
22060
22158
22061
22159
22062
22160
22063
22161
22064
22162
22065
22163
22066
22164
22067
22165
22068
22166
22069
22167
22070
22168
22071
22169
22072
22170
22073
22171
22074
22172
22075
22173
22076
22174
22175
22078
22176
22079
22177
22080
22178
22081
22179
22082
22180
22083
22181
22084
22182
22085
22183
22086
22184
22087
22185
22088
22186
22089
22187
22090
22188
22091
22189
22092
22190
22093
22191
22094
22192
22095
22193
22096
22194
22097
22195
22098
22196
22099
22197
22100
22198
22101
22199
22102
22200
22103
22201
22104
22202
22105
22203
22106
22204
22107
22205
22108
22206
22109
22207
22110
22208
22111
22209
22112
22210
22113
22211
22114
22212
22115
22213
22116
22214
22117
22215
22118
22216
22119
22217
22120
22218
22121
22219
22122
22220
22123
22221
22124
22222
22125
22223
22126
22224
22127
22225
22128
22226
22129
22227
22130
22228
22131
22229
22132
22230
22133
22231
22134
22232
22135
22233
22136
22234
22137
22235
22138
22236
22139
22237
22140
22238
22141
22239
22142
22240
22143
22241
22144
22242
22145
22243
22146
22244
22147
22245
22148
22246
22149
22247
22150
22248
22151
22249
22152
22250
22153
22251
22154
22252
22155
22253
22156
22254
22157
22255
22158
22256
22159
22257
22160
22258
22161
22259
22162
22260
22163
22261
22164
22262
22165
22263
22166
22264
22167
22265
22168
22266
22169
22267
22170
22268
22171
22269
22172
22270
22173
22271
22174
22272
22175
22273
22274
22177
22275
22178
22276
22179
22277
22180
22278
22181
22279
22182
22280
22183
22281
22184
22282
22185
22283
22186
22284
22187
22285
22188
22286
22189
22287
22190
22288
22191
22289
22192
22290
22193
22291
22194
22292
22195
22293
22196
22294
22197
22295
22198
22296
22199
22297
22200
22298
22201
22299
22202
22300
22203
22301
22204
22302
22205
22303
22206
22304
22207
22305
22208
22306
22209
22307
22210
22308
22211
22309
22212
22310
22213
22311
22214
22312
22215
22313
22216
22314
22217
22315
22218
22316
22219
22317
22220
22318
22221
22319
22222
22320
22223
22321
22224
22322
22225
22323
22226
22324
22227
22325
22228
22326
22229
22327
22230
22328
22231
22329
22232
22330
22233
22331
22234
22332
22235
22333
22236
22334
22237
22335
22238
22336
22239
22337
22240
22338
22241
22339
22242
22340
22243
22341
22244
22342
22245
22343
22246
22344
22247
22345
22248
22346
22249
22347
22250
22348
22251
22349
22252
22350
22253
22351
22254
22352
22255
22353
22256
22354
22257
22355
22258
22356
22259
22357
22260
22358
22261
22359
22262
22360
22263
22361
22264
22362
22265
22363
22266
22364
22267
22365
22268
22366
22269
22367
22270
22368
22271
22369
22272
22370
22273
22371
22274
22372
22373
22276
22374
22277
22375
22278
22376
22279
22377
22280
22378
22281
22379
22282
22380
22283
22381
22284
22382
22285
22383
22286
22384
22287
22385
22288
22386
22289
22387
22290
22388
22291
22389
22292
22390
22293
22391
22294
22392
22295
22393
22296
22394
22297
22395
22298
22396
22299
22397
22300
22398
22301
22399
22302
22400
22303
22401
22304
22402
22305
22403
22306
22404
22307
22405
22308
22406
22309
22407
22310
22408
22311
22409
22312
22410
22313
22411
22314
22412
22315
22413
22316
22414
22317
22415
22318
22416
22319
22417
22320
22418
22321
22419
22322
22420
22323
22421
22324
22422
22325
22423
22326
22424
22327
22425
22328
22426
22329
22427
22330
22428
22331
22429
22332
22430
22333
22431
22334
22432
22335
22433
22336
22434
22337
22435
22338
22436
22339
22437
22340
22438
22341
22439
22342
22440
22343
22441
22344
22442
22345
22443
22346
22444
22347
22445
22348
22446
22349
22447
22350
22448
22351
22449
22352
22450
22353
22451
22354
22452
22355
22453
22356
22454
22357
22455
22358
22456
22359
22457
22360
22458
22361
22459
22362
22460
22363
22461
22364
22462
22365
22463
22366
22464
22367
22465
22368
22466
22369
22467
22370
22468
22371
22469
22372
22470
22373
22471
22472
22375
22376
22377
22378
22379
22380
22381
22382
22383
22384
22385
22386
22387
22388
22389
22390
22391
22392
22393
22394
22395
22396
22397
22398
22399
22400
22401
22402
22403
22404
22405
22406
22407
22408
22409
22410
22411
22412
22413
22414
22415
22416
22417
22418
22419
22420
22421
22422
22423
22424
22425
22426
22427
22428
22429
22430
22431
22432
22433
22434
22435
22436
22437
22438
22439
22440
22441
22442
22443
22444
22445
22446
22447
22448
22449
22450
22451
22452
22453
22454
22455
22456
22457
22458
22459
22460
22461
22462
22463
22464
22465
22466
22467
22468
22469
22470
22471
22472
22474
22572
41084
22475
22573
22476
22574
22477
22575
22478
22576
22479
22577
22480
22578
22481
22579
22482
22580
22483
22581
22484
22582
22485
22583
22486
22584
22487
22585
22488
22586
22489
22587
22490
22588
22491
22589
22492
22590
22493
22591
22494
22592
22495
22593
22496
22594
22497
22595
22498
22596
22499
22597
22500
22598
22501
22599
22502
22600
22503
22601
22504
22602
22505
22603
22506
22604
22507
22605
22508
22606
22509
22607
22510
22608
22511
22609
22512
22610
22513
22611
22514
22612
22515
22613
22516
22614
22517
22615
22518
22616
22519
22617
22520
22618
22521
22619
22522
22620
22523
22621
22524
22622
22525
22623
22526
22624
22527
22625
22528
22626
22529
22627
22530
22628
22531
22629
22532
22630
22533
22631
22534
22632
22535
22633
22536
22634
22537
22635
22538
22636
22539
22637
22540
22638
22541
22639
22542
22640
22543
22641
22544
22642
22545
22643
22546
22644
22547
22645
22548
22646
22549
22647
22550
22648
22551
22649
22552
22650
22553
22651
22554
22652
22555
22653
22556
22654
22557
22655
22558
22656
22559
22657
22560
22658
22561
22659
22562
22660
22563
22661
22564
22662
22565
22663
22566
22664
22567
22665
22568
22666
22569
22667
22570
22668
22571
22669
22670
22573
22671
40995
22574
22672
22575
22673
22576
22674
22577
22675
22578
22676
22579
22677
22580
22678
22581
22679
22582
22680
22583
22681
22584
22682
22585
22683
22586
22684
22587
22685
22588
22686
22589
22687
22590
22688
22591
22689
22592
22690
22593
22691
22594
22692
22595
22693
22596
22694
22597
22695
22598
22696
22599
22697
22600
22698
22601
22699
22602
22700
22603
22701
22604
22702
22605
22703
22606
22704
22607
22705
22608
22706
22609
22707
22610
22708
22611
22709
22612
22710
22613
22711
22614
22712
22615
22713
22616
22714
22617
22715
22618
22716
22619
22717
22620
22718
22621
22719
22622
22720
22623
22721
22624
22722
22625
22723
22626
22724
22627
22725
22628
22726
22629
22727
22630
22728
22631
22729
22632
22730
22633
22731
22634
22732
22635
22733
22636
22734
22637
22735
22638
22736
22639
22737
22640
22738
22641
22739
22642
22740
22643
22741
22644
22742
22645
22743
22646
22744
22647
22745
22648
22746
22649
22747
22650
22748
22651
22749
22652
22750
22653
22751
22654
22752
22655
22753
22656
22754
22657
22755
22658
22756
22659
22757
22660
22758
22661
22759
22662
22760
22663
22761
22664
22762
22665
22763
22666
22764
22667
22765
22668
22766
22669
22767
22670
22768
22769
22672
22770
40906
22673
22771
22674
22772
22675
22773
22676
22774
22677
22775
22678
22776
22679
22777
22680
22778
22681
22779
22682
22780
22683
22781
22684
22782
22685
22783
22686
22784
22687
22785
22688
22786
22689
22787
22690
22788
22691
22789
22692
22790
22693
22791
22694
22792
22695
22793
22696
22794
22697
22795
22698
22796
22699
22797
22700
22798
22701
22799
22702
22800
22703
22801
22704
22802
22705
22803
22706
22804
22707
22805
22708
22806
22709
22807
22710
22808
22711
22809
22712
22810
22713
22811
22714
22812
22715
22813
22716
22814
22717
22815
22718
22816
22719
22817
22720
22818
22721
22819
22722
22820
22723
22821
22724
22822
22725
22823
22726
22824
22727
22825
22728
22826
22729
22827
22730
22828
22731
22829
22732
22830
22733
22831
22734
22832
22735
22833
22736
22834
22737
22835
22738
22836
22739
22837
22740
22838
22741
22839
22742
22840
22743
22841
22744
22842
22745
22843
22746
22844
22747
22845
22748
22846
22749
22847
22750
22848
22751
22849
22752
22850
22753
22851
22754
22852
22755
22853
22756
22854
22757
22855
22758
22856
22759
22857
22760
22858
22761
22859
22762
22860
22763
22861
22764
22862
22765
22863
22766
22864
22767
22865
22768
22866
22769
22867
22868
22771
22869
40817
22772
22870
22773
22871
22774
22872
22775
22873
22776
22874
22777
22875
22778
22876
22779
22877
22780
22878
22781
22879
22782
22880
22783
22881
22784
22882
22785
22883
22786
22884
22787
22885
22788
22886
22789
22887
22790
22888
22791
22889
22792
22890
22793
22891
22794
22892
22795
22893
22796
22894
22797
22895
22798
22896
22799
22897
22800
22898
22801
22899
22802
22900
22803
22901
22804
22902
22805
22903
22806
22904
22807
22905
22808
22906
22809
22907
22810
22908
22811
22909
22812
22910
22813
22911
22814
22912
22815
22913
22816
22914
22817
22915
22818
22916
22819
22917
22820
22918
22821
22919
22822
22920
22823
22921
22824
22922
22825
22923
22826
22924
22827
22925
22828
22926
22829
22927
22830
22928
22831
22929
22832
22930
22833
22931
22834
22932
22835
22933
22836
22934
22837
22935
22838
22936
22839
22937
22840
22938
22841
22939
22842
22940
22843
22941
22844
22942
22845
22943
22846
22944
22847
22945
22848
22946
22849
22947
22850
22948
22851
22949
22852
22950
22853
22951
22854
22952
22855
22953
22856
22954
22857
22955
22858
22956
22859
22957
22860
22958
22861
22959
22862
22960
22863
22961
22864
22962
22865
22963
22866
22964
22867
22965
22868
22966
22967
22870
22968
40728
22871
22969
22872
22970
22873
22971
22874
22972
22875
22973
22876
22974
22877
22975
22878
22976
22879
22977
22880
22978
22881
22979
22882
22980
22883
22981
22884
22982
22885
22983
22886
22984
22887
22985
22888
22986
22889
22987
22890
22988
22891
22989
22892
22990
22893
22991
22894
22992
22895
22993
22896
22994
22897
22995
22898
22996
22899
22997
22900
22998
22901
22999
22902
23000
22903
23001
22904
23002
22905
23003
22906
23004
22907
23005
22908
23006
22909
23007
22910
23008
22911
23009
22912
23010
22913
23011
22914
23012
22915
23013
22916
23014
22917
23015
22918
23016
22919
23017
22920
23018
22921
23019
22922
23020
22923
23021
22924
23022
22925
23023
22926
23024
22927
23025
22928
23026
22929
23027
22930
23028
22931
23029
22932
23030
22933
23031
22934
23032
22935
23033
22936
23034
22937
23035
22938
23036
22939
23037
22940
23038
22941
23039
22942
23040
22943
23041
22944
23042
22945
23043
22946
23044
22947
23045
22948
23046
22949
23047
22950
23048
22951
23049
22952
23050
22953
23051
22954
23052
22955
23053
22956
23054
22957
23055
22958
23056
22959
23057
22960
23058
22961
23059
22962
23060
22963
23061
22964
23062
22965
23063
22966
23064
22967
23065
23066
22969
23067
40639
22970
23068
22971
23069
22972
23070
22973
23071
22974
23072
22975
23073
22976
23074
22977
23075
22978
23076
22979
23077
22980
23078
22981
23079
22982
23080
22983
23081
22984
23082
22985
23083
22986
23084
22987
23085
22988
23086
22989
23087
22990
23088
22991
23089
22992
23090
22993
23091
22994
23092
22995
23093
22996
23094
22997
23095
22998
23096
22999
23097
23000
23098
23001
23099
23002
23100
23003
23101
23004
23102
23005
23103
23006
23104
23007
23105
23008
23106
23009
23107
23010
23108
23011
23109
23012
23110
23013
23111
23014
23112
23015
23113
23016
23114
23017
23115
23018
23116
23019
23117
23020
23118
23021
23119
23022
23120
23023
23121
23024
23122
23025
23123
23026
23124
23027
23125
23028
23126
23029
23127
23030
23128
23031
23129
23032
23130
23033
23131
23034
23132
23035
23133
23036
23134
23037
23135
23038
23136
23039
23137
23040
23138
23041
23139
23042
23140
23043
23141
23044
23142
23045
23143
23046
23144
23047
23145
23048
23146
23049
23147
23050
23148
23051
23149
23052
23150
23053
23151
23054
23152
23055
23153
23056
23154
23057
23155
23058
23156
23059
23157
23060
23158
23061
23159
23062
23160
23063
23161
23064
23162
23065
23163
23066
23164
23165
23068
23166
40550
23069
23167
23070
23168
23071
23169
23072
23170
23073
23171
23074
23172
23075
23173
23076
23174
23077
23175
23078
23176
23079
23177
23080
23178
23081
23179
23082
23180
23083
23181
23084
23182
23085
23183
23086
23184
23087
23185
23088
23186
23089
23187
23090
23188
23091
23189
23092
23190
23093
23191
23094
23192
23095
23193
23096
23194
23097
23195
23098
23196
23099
23197
23100
23198
23101
23199
23102
23200
23103
23201
23104
23202
23105
23203
23106
23204
23107
23205
23108
23206
23109
23207
23110
23208
23111
23209
23112
23210
23113
23211
23114
23212
23115
23213
23116
23214
23117
23215
23118
23216
23119
23217
23120
23218
23121
23219
23122
23220
23123
23221
23124
23222
23125
23223
23126
23224
23127
23225
23128
23226
23129
23227
23130
23228
23131
23229
23132
23230
23133
23231
23134
23232
23135
23233
23136
23234
23137
23235
23138
23236
23139
23237
23140
23238
23141
23239
23142
23240
23143
23241
23144
23242
23145
23243
23146
23244
23147
23245
23148
23246
23149
23247
23150
23248
23151
23249
23152
23250
23153
23251
23154
23252
23155
23253
23156
23254
23157
23255
23158
23256
23159
23257
23160
23258
23161
23259
23162
23260
23163
23261
23164
23262
23165
23263
23264
23167
23265
40461
23168
23266
23169
23267
23170
23268
23171
23269
23172
23270
23173
23271
23174
23272
23175
23273
23176
23274
23177
23275
23178
23276
23179
23277
23180
23278
23181
23279
23182
23280
23183
23281
23184
23282
23185
23283
23186
23284
23187
23285
23188
23286
23189
23287
23190
23288
23191
23289
23192
23290
23193
23291
23194
23292
23195
23293
23196
23294
23197
23295
23198
23296
23199
23297
23200
23298
23201
23299
23202
23300
23203
23301
23204
23302
23205
23303
23206
23304
23207
23305
23208
23306
23209
23307
23210
23308
23211
23309
23212
23310
23213
23311
23214
23312
23215
23313
23216
23314
23217
23315
23218
23316
23219
23317
23220
23318
23221
23319
23222
23320
23223
23321
23224
23322
23225
23323
23226
23324
23227
23325
23228
23326
23229
23327
23230
23328
23231
23329
23232
23330
23233
23331
23234
23332
23235
23333
23236
23334
23237
23335
23238
23336
23239
23337
23240
23338
23241
23339
23242
23340
23243
23341
23244
23342
23245
23343
23246
23344
23247
23345
23248
23346
23249
23347
23250
23348
23251
23349
23252
23350
23253
23351
23254
23352
23255
23353
23256
23354
23257
23355
23258
23356
23259
23357
23260
23358
23261
23359
23262
23360
23263
23361
23264
23362
23363
23266
23364
40372
23267
23365
23268
23366
23269
23367
23270
23368
23271
23369
23272
23370
23273
23371
23274
23372
23275
23373
23276
23374
23277
23375
23278
23376
23279
23377
23280
23378
23281
23379
23282
23380
23283
23381
23284
23382
23285
23383
23286
23384
23287
23385
23288
23386
23289
23387
23290
23388
23291
23389
23292
23390
23293
23391
23294
23392
23295
23393
23296
23394
23297
23395
23298
23396
23299
23397
23300
23398
23301
23399
23302
23400
23303
23401
23304
23402
23305
23403
23306
23404
23307
23405
23308
23406
23309
23407
23310
23408
23311
23409
23312
23410
23313
23411
23314
23412
23315
23413
23316
23414
23317
23415
23318
23416
23319
23417
23320
23418
23321
23419
23322
23420
23323
23421
23324
23422
23325
23423
23326
23424
23327
23425
23328
23426
23329
23427
23330
23428
23331
23429
23332
23430
23333
23431
23334
23432
23335
23433
23336
23434
23337
23435
23338
23436
23339
23437
23340
23438
23341
23439
23342
23440
23343
23441
23344
23442
23345
23443
23346
23444
23347
23445
23348
23446
23349
23447
23350
23448
23351
23449
23352
23450
23353
23451
23354
23452
23355
23453
23356
23454
23357
23455
23358
23456
23359
23457
23360
23458
23361
23459
23362
23460
23363
23461
23462
23365
23463
40283
23366
23464
23367
23465
23368
23466
23369
23467
23370
23468
23371
23469
23372
23470
23373
23471
23374
23472
23375
23473
23376
23474
23377
23475
23378
23476
23379
23477
23380
23478
23381
23479
23382
23480
23383
23481
23384
23482
23385
23483
23386
23484
23387
23485
23388
23486
23389
23487
23390
23488
23391
23489
23392
23490
23393
23491
23394
23492
23395
23493
23396
23494
23397
23495
23398
23496
23399
23497
23400
23498
23401
23499
23402
23500
23403
23501
23404
23502
23405
23503
23406
23504
23407
23505
23408
23506
23409
23507
23410
23508
23411
23509
23412
23510
23413
23511
23414
23512
23415
23513
23416
23514
23417
23515
23418
23516
23419
23517
23420
23518
23421
23519
23422
23520
23423
23521
23424
23522
23425
23523
23426
23524
23427
23525
23428
23526
23429
23527
23430
23528
23431
23529
23432
23530
23433
23531
23434
23532
23435
23533
23436
23534
23437
23535
23438
23536
23439
23537
23440
23538
23441
23539
23442
23540
23443
23541
23444
23542
23445
23543
23446
23544
23447
23545
23448
23546
23449
23547
23450
23548
23451
23549
23452
23550
23453
23551
23454
23552
23455
23553
23456
23554
23457
23555
23458
23556
23459
23557
23460
23558
23461
23559
23462
23560
23561
23464
23562
40194
23465
23563
23466
23564
23467
23565
23468
23566
23469
23567
23470
23568
23471
23569
23472
23570
23473
23571
23474
23572
23475
23573
23476
23574
23477
23575
23478
23576
23479
23577
23480
23578
23481
23579
23482
23580
23483
23581
23484
23582
23485
23583
23486
23584
23487
23585
23488
23586
23489
23587
23490
23588
23491
23589
23492
23590
23493
23591
23494
23592
23495
23593
23496
23594
23497
23595
23498
23596
23499
23597
23500
23598
23501
23599
23502
23600
23503
23601
23504
23602
23505
23603
23506
23604
23507
23605
23508
23606
23509
23607
23510
23608
23511
23609
23512
23610
23513
23611
23514
23612
23515
23613
23516
23614
23517
23615
23518
23616
23519
23617
23520
23618
23521
23619
23522
23620
23523
23621
23524
23622
23525
23623
23526
23624
23527
23625
23528
23626
23529
23627
23530
23628
23531
23629
23532
23630
23533
23631
23534
23632
23535
23633
23536
23634
23537
23635
23538
23636
23539
23637
23540
23638
23541
23639
23542
23640
23543
23641
23544
23642
23545
23643
23546
23644
23547
23645
23548
23646
23549
23647
23550
23648
23551
23649
23552
23650
23553
23651
23554
23652
23555
23653
23556
23654
23557
23655
23558
23656
23559
23657
23560
23658
23561
23659
23660
23563
23661
40105
23564
23662
23565
23663
23566
23664
23567
23665
23568
23666
23569
23667
23570
23668
23571
23669
23572
23670
23573
23671
23574
23672
23575
23673
23576
23674
23577
23675
23578
23676
23579
23677
23580
23678
23581
23679
23582
23680
23583
23681
23584
23682
23585
23683
23586
23684
23587
23685
23588
23686
23589
23687
23590
23688
23591
23689
23592
23690
23593
23691
23594
23692
23595
23693
23596
23694
23597
23695
23598
23696
23599
23697
23600
23698
23601
23699
23602
23700
23603
23701
23604
23702
23605
23703
23606
23704
23607
23705
23608
23706
23609
23707
23610
23708
23611
23709
23612
23710
23613
23711
23614
23712
23615
23713
23616
23714
23617
23715
23618
23716
23619
23717
23620
23718
23621
23719
23622
23720
23623
23721
23624
23722
23625
23723
23626
23724
23627
23725
23628
23726
23629
23727
23630
23728
23631
23729
23632
23730
23633
23731
23634
23732
23635
23733
23636
23734
23637
23735
23638
23736
23639
23737
23640
23738
23641
23739
23642
23740
23643
23741
23644
23742
23645
23743
23646
23744
23647
23745
23648
23746
23649
23747
23650
23748
23651
23749
23652
23750
23653
23751
23654
23752
23655
23753
23656
23754
23657
23755
23658
23756
23659
23757
23660
23758
23759
23662
23760
40016
23663
23761
23664
23762
23665
23763
23666
23764
23667
23765
23668
23766
23669
23767
23670
23768
23671
23769
23672
23770
23673
23771
23674
23772
23675
23773
23676
23774
23677
23775
23678
23776
23679
23777
23680
23778
23681
23779
23682
23780
23683
23781
23684
23782
23685
23783
23686
23784
23687
23785
23688
23786
23689
23787
23690
23788
23691
23789
23692
23790
23693
23791
23694
23792
23695
23793
23696
23794
23697
23795
23698
23796
23699
23797
23700
23798
23701
23799
23702
23800
23703
23801
23704
23802
23705
23803
23706
23804
23707
23805
23708
23806
23709
23807
23710
23808
23711
23809
23712
23810
23713
23811
23714
23812
23715
23813
23716
23814
23717
23815
23718
23816
23719
23817
23720
23818
23721
23819
23722
23820
23723
23821
23724
23822
23725
23823
23726
23824
23727
23825
23728
23826
23729
23827
23730
23828
23731
23829
23732
23830
23733
23831
23734
23832
23735
23833
23736
23834
23737
23835
23738
23836
23739
23837
23740
23838
23741
23839
23742
23840
23743
23841
23744
23842
23745
23843
23746
23844
23747
23845
23748
23846
23749
23847
23750
23848
23751
23849
23752
23850
23753
23851
23754
23852
23755
23853
23756
23854
23757
23855
23758
23856
23759
23857
23858
23761
23859
39927
23762
23860
23763
23861
23764
23862
23765
23863
23766
23864
23767
23865
23768
23866
23769
23867
23770
23868
23771
23869
23772
23870
23773
23871
23774
23872
23775
23873
23776
23874
23777
23875
23778
23876
23779
23877
23780
23878
23781
23879
23782
23880
23783
23881
23784
23882
23785
23883
23786
23884
23787
23885
23788
23886
23789
23887
23790
23888
23791
23889
23792
23890
23793
23891
23794
23892
23795
23893
23796
23894
23797
23895
23798
23896
23799
23897
23800
23898
23801
23899
23802
23900
23803
23901
23804
23902
23805
23903
23806
23904
23807
23905
23808
23906
23809
23907
23810
23908
23811
23909
23812
23910
23813
23911
23814
23912
23815
23913
23816
23914
23817
23915
23818
23916
23819
23917
23820
23918
23821
23919
23822
23920
23823
23921
23824
23922
23825
23923
23826
23924
23827
23925
23828
23926
23829
23927
23830
23928
23831
23929
23832
23930
23833
23931
23834
23932
23835
23933
23836
23934
23837
23935
23838
23936
23839
23937
23840
23938
23841
23939
23842
23940
23843
23941
23844
23942
23845
23943
23846
23944
23847
23945
23848
23946
23849
23947
23850
23948
23851
23949
23852
23950
23853
23951
23854
23952
23855
23953
23856
23954
23857
23955
23858
23956
23957
23860
23958
39838
23861
23959
23862
23960
23863
23961
23864
23962
23865
23963
23866
23964
23867
23965
23868
23966
23869
23967
23870
23968
23871
23969
23872
23970
23873
23971
23874
23972
23875
23973
23876
23974
23877
23975
23878
23976
23879
23977
23880
23978
23881
23979
23882
23980
23883
23981
23884
23982
23885
23983
23886
23984
23887
23985
23888
23986
23889
23987
23890
23988
23891
23989
23892
23990
23893
23991
23894
23992
23895
23993
23896
23994
23897
23995
23898
23996
23899
23997
23900
23998
23901
23999
23902
24000
23903
24001
23904
24002
23905
24003
23906
24004
23907
24005
23908
24006
23909
24007
23910
24008
23911
24009
23912
24010
23913
24011
23914
24012
23915
24013
23916
24014
23917
24015
23918
24016
23919
24017
23920
24018
23921
24019
23922
24020
23923
24021
23924
24022
23925
24023
23926
24024
23927
24025
23928
24026
23929
24027
23930
24028
23931
24029
23932
24030
23933
24031
23934
24032
23935
24033
23936
24034
23937
24035
23938
24036
23939
24037
23940
24038
23941
24039
23942
24040
23943
24041
23944
24042
23945
24043
23946
24044
23947
24045
23948
24046
23949
24047
23950
24048
23951
24049
23952
24050
23953
24051
23954
24052
23955
24053
23956
24054
23957
24055
24056
23959
24057
39749
23960
24058
23961
24059
23962
24060
23963
24061
23964
24062
23965
24063
23966
24064
23967
24065
23968
24066
23969
24067
23970
24068
23971
24069
23972
24070
23973
24071
23974
24072
23975
24073
23976
24074
23977
24075
23978
24076
23979
24077
23980
24078
23981
24079
23982
24080
23983
24081
23984
24082
23985
24083
23986
24084
23987
24085
23988
24086
23989
24087
23990
24088
23991
24089
23992
24090
23993
24091
23994
24092
23995
24093
23996
24094
23997
24095
23998
24096
23999
24097
24000
24098
24001
24099
24002
24100
24003
24101
24004
24102
24005
24103
24006
24104
24007
24105
24008
24106
24009
24107
24010
24108
24011
24109
24012
24110
24013
24111
24014
24112
24015
24113
24016
24114
24017
24115
24018
24116
24019
24117
24020
24118
24021
24119
24022
24120
24023
24121
24024
24122
24025
24123
24026
24124
24027
24125
24028
24126
24029
24127
24030
24128
24031
24129
24032
24130
24033
24131
24034
24132
24035
24133
24036
24134
24037
24135
24038
24136
24039
24137
24040
24138
24041
24139
24042
24140
24043
24141
24044
24142
24045
24143
24046
24144
24047
24145
24048
24146
24049
24147
24050
24148
24051
24149
24052
24150
24053
24151
24054
24152
24055
24153
24056
24154
24155
24058
24156
39660
24059
24157
24060
24158
24061
24159
24062
24160
24063
24161
24064
24162
24065
24163
24066
24164
24067
24165
24068
24166
24069
24167
24070
24168
24071
24169
24072
24170
24073
24171
24074
24172
24075
24173
24076
24174
24077
24175
24078
24176
24079
24177
24080
24178
24081
24179
24082
24180
24083
24181
24084
24182
24085
24183
24086
24184
24087
24185
24088
24186
24089
24187
24090
24188
24091
24189
24092
24190
24093
24191
24094
24192
24095
24193
24096
24194
24097
24195
24098
24196
24099
24197
24100
24198
24101
24199
24102
24200
24103
24201
24104
24202
24105
24203
24106
24204
24107
24205
24108
24206
24109
24207
24110
24208
24111
24209
24112
24210
24113
24211
24114
24212
24115
24213
24116
24214
24117
24215
24118
24216
24119
24217
24120
24218
24121
24219
24122
24220
24123
24221
24124
24222
24125
24223
24126
24224
24127
24225
24128
24226
24129
24227
24130
24228
24131
24229
24132
24230
24133
24231
24134
24232
24135
24233
24136
24234
24137
24235
24138
24236
24139
24237
24140
24238
24141
24239
24142
24240
24143
24241
24144
24242
24145
24243
24146
24244
24147
24245
24148
24246
24149
24247
24150
24248
24151
24249
24152
24250
24153
24251
24154
24252
24155
24253
24254
24157
24255
39571
24158
24256
24159
24257
24160
24258
24161
24259
24162
24260
24163
24261
24164
24262
24165
24263
24166
24264
24167
24265
24168
24266
24169
24267
24170
24268
24171
24269
24172
24270
24173
24271
24174
24272
24175
24273
24176
24274
24177
24275
24178
24276
24179
24277
24180
24278
24181
24279
24182
24280
24183
24281
24184
24282
24185
24283
24186
24284
24187
24285
24188
24286
24189
24287
24190
24288
24191
24289
24192
24290
24193
24291
24194
24292
24195
24293
24196
24294
24197
24295
24198
24296
24199
24297
24200
24298
24201
24299
24202
24300
24203
24301
24204
24302
24205
24303
24206
24304
24207
24305
24208
24306
24209
24307
24210
24308
24211
24309
24212
24310
24213
24311
24214
24312
24215
24313
24216
24314
24217
24315
24218
24316
24219
24317
24220
24318
24221
24319
24222
24320
24223
24321
24224
24322
24225
24323
24226
24324
24227
24325
24228
24326
24229
24327
24230
24328
24231
24329
24232
24330
24233
24331
24234
24332
24235
24333
24236
24334
24237
24335
24238
24336
24239
24337
24240
24338
24241
24339
24242
24340
24243
24341
24244
24342
24245
24343
24246
24344
24247
24345
24248
24346
24249
24347
24250
24348
24251
24349
24252
24350
24253
24351
24254
24352
24353
24256
24354
39482
24257
24355
24258
24356
24259
24357
24260
24358
24261
24359
24262
24360
24263
24361
24264
24362
24265
24363
24266
24364
24267
24365
24268
24366
24269
24367
24270
24368
24271
24369
24272
24370
24273
24371
24274
24372
24275
24373
24276
24374
24277
24375
24278
24376
24279
24377
24280
24378
24281
24379
24282
24380
24283
24381
24284
24382
24285
24383
24286
24384
24287
24385
24288
24386
24289
24387
24290
24388
24291
24389
24292
24390
24293
24391
24294
24392
24295
24393
24296
24394
24297
24395
24298
24396
24299
24397
24300
24398
24301
24399
24302
24400
24303
24401
24304
24402
24305
24403
24306
24404
24307
24405
24308
24406
24309
24407
24310
24408
24311
24409
24312
24410
24313
24411
24314
24412
24315
24413
24316
24414
24317
24415
24318
24416
24319
24417
24320
24418
24321
24419
24322
24420
24323
24421
24324
24422
24325
24423
24326
24424
24327
24425
24328
24426
24329
24427
24330
24428
24331
24429
24332
24430
24333
24431
24334
24432
24335
24433
24336
24434
24337
24435
24338
24436
24339
24437
24340
24438
24341
24439
24342
24440
24343
24441
24344
24442
24345
24443
24346
24444
24347
24445
24348
24446
24349
24447
24350
24448
24351
24449
24352
24450
24353
24451
24452
24355
24453
39393
24356
24454
24357
24455
24358
24456
24359
24457
24360
24458
24361
24459
24362
24460
24363
24461
24364
24462
24365
24463
24366
24464
24367
24465
24368
24466
24369
24467
24370
24468
24371
24469
24372
24470
24373
24471
24374
24472
24375
24473
24376
24474
24377
24475
24378
24476
24379
24477
24380
24478
24381
24479
24382
24480
24383
24481
24384
24482
24385
24483
24386
24484
24387
24485
24388
24486
24389
24487
24390
24488
24391
24489
24392
24490
24393
24491
24394
24492
24395
24493
24396
24494
24397
24495
24398
24496
24399
24497
24400
24498
24401
24499
24402
24500
24403
24501
24404
24502
24405
24503
24406
24504
24407
24505
24408
24506
24409
24507
24410
24508
24411
24509
24412
24510
24413
24511
24414
24512
24415
24513
24416
24514
24417
24515
24418
24516
24419
24517
24420
24518
24421
24519
24422
24520
24423
24521
24424
24522
24425
24523
24426
24524
24427
24525
24428
24526
24429
24527
24430
24528
24431
24529
24432
24530
24433
24531
24434
24532
24435
24533
24436
24534
24437
24535
24438
24536
24439
24537
24440
24538
24441
24539
24442
24540
24443
24541
24444
24542
24445
24543
24446
24544
24447
24545
24448
24546
24449
24547
24450
24548
24451
24549
24452
24550
24551
24454
24552
39304
24455
24553
24456
24554
24457
24555
24458
24556
24459
24557
24460
24558
24461
24559
24462
24560
24463
24561
24464
24562
24465
24563
24466
24564
24467
24565
24468
24566
24469
24567
24470
24568
24471
24569
24472
24570
24473
24571
24474
24572
24475
24573
24476
24574
24477
24575
24478
24576
24479
24577
24480
24578
24481
24579
24482
24580
24483
24581
24484
24582
24485
24583
24486
24584
24487
24585
24488
24586
24489
24587
24490
24588
24491
24589
24492
24590
24493
24591
24494
24592
24495
24593
24496
24594
24497
24595
24498
24596
24499
24597
24500
24598
24501
24599
24502
24600
24503
24601
24504
24602
24505
24603
24506
24604
24507
24605
24508
24606
24509
24607
24510
24608
24511
24609
24512
24610
24513
24611
24514
24612
24515
24613
24516
24614
24517
24615
24518
24616
24519
24617
24520
24618
24521
24619
24522
24620
24523
24621
24524
24622
24525
24623
24526
24624
24527
24625
24528
24626
24529
24627
24530
24628
24531
24629
24532
24630
24533
24631
24534
24632
24535
24633
24536
24634
24537
24635
24538
24636
24539
24637
24540
24638
24541
24639
24542
24640
24543
24641
24544
24642
24545
24643
24546
24644
24547
24645
24548
24646
24549
24647
24550
24648
24551
24649
24650
24553
24651
39215
24554
24652
24555
24653
24556
24654
24557
24655
24558
24656
24559
24657
24560
24658
24561
24659
24562
24660
24563
24661
24564
24662
24565
24663
24566
24664
24567
24665
24568
24666
24569
24667
24570
24668
24571
24669
24572
24670
24573
24671
24574
24672
24575
24673
24576
24674
24577
24675
24578
24676
24579
24677
24580
24678
24581
24679
24582
24680
24583
24681
24584
24682
24585
24683
24586
24684
24587
24685
24588
24686
24589
24687
24590
24688
24591
24689
24592
24690
24593
24691
24594
24692
24595
24693
24596
24694
24597
24695
24598
24696
24599
24697
24600
24698
24601
24699
24602
24700
24603
24701
24604
24702
24605
24703
24606
24704
24607
24705
24608
24706
24609
24707
24610
24708
24611
24709
24612
24710
24613
24711
24614
24712
24615
24713
24616
24714
24617
24715
24618
24716
24619
24717
24620
24718
24621
24719
24622
24720
24623
24721
24624
24722
24625
24723
24626
24724
24627
24725
24628
24726
24629
24727
24630
24728
24631
24729
24632
24730
24633
24731
24634
24732
24635
24733
24636
24734
24637
24735
24638
24736
24639
24737
24640
24738
24641
24739
24642
24740
24643
24741
24644
24742
24645
24743
24646
24744
24647
24745
24648
24746
24649
24747
24650
24748
24749
24652
24750
39126
24653
24751
24654
24752
24655
24753
24656
24754
24657
24755
24658
24756
24659
24757
24660
24758
24661
24759
24662
24760
24663
24761
24664
24762
24665
24763
24666
24764
24667
24765
24668
24766
24669
24767
24670
24768
24671
24769
24672
24770
24673
24771
24674
24772
24675
24773
24676
24774
24677
24775
24678
24776
24679
24777
24680
24778
24681
24779
24682
24780
24683
24781
24684
24782
24685
24783
24686
24784
24687
24785
24688
24786
24689
24787
24690
24788
24691
24789
24692
24790
24693
24791
24694
24792
24695
24793
24696
24794
24697
24795
24698
24796
24699
24797
24700
24798
24701
24799
24702
24800
24703
24801
24704
24802
24705
24803
24706
24804
24707
24805
24708
24806
24709
24807
24710
24808
24711
24809
24712
24810
24713
24811
24714
24812
24715
24813
24716
24814
24717
24815
24718
24816
24719
24817
24720
24818
24721
24819
24722
24820
24723
24821
24724
24822
24725
24823
24726
24824
24727
24825
24728
24826
24729
24827
24730
24828
24731
24829
24732
24830
24733
24831
24734
24832
24735
24833
24736
24834
24737
24835
24738
24836
24739
24837
24740
24838
24741
24839
24742
24840
24743
24841
24744
24842
24745
24843
24746
24844
24747
24845
24748
24846
24749
24847
24848
24751
24849
39037
24752
24850
24753
24851
24754
24852
24755
24853
24756
24854
24757
24855
24758
24856
24759
24857
24760
24858
24761
24859
24762
24860
24763
24861
24764
24862
24765
24863
24766
24864
24767
24865
24768
24866
24769
24867
24770
24868
24771
24869
24772
24870
24773
24871
24774
24872
24775
24873
24776
24874
24777
24875
24778
24876
24779
24877
24780
24878
24781
24879
24782
24880
24783
24881
24784
24882
24785
24883
24786
24884
24787
24885
24788
24886
24789
24887
24790
24888
24791
24889
24792
24890
24793
24891
24794
24892
24795
24893
24796
24894
24797
24895
24798
24896
24799
24897
24800
24898
24801
24899
24802
24900
24803
24901
24804
24902
24805
24903
24806
24904
24807
24905
24808
24906
24809
24907
24810
24908
24811
24909
24812
24910
24813
24911
24814
24912
24815
24913
24816
24914
24817
24915
24818
24916
24819
24917
24820
24918
24821
24919
24822
24920
24823
24921
24824
24922
24825
24923
24826
24924
24827
24925
24828
24926
24829
24927
24830
24928
24831
24929
24832
24930
24833
24931
24834
24932
24835
24933
24836
24934
24837
24935
24838
24936
24839
24937
24840
24938
24841
24939
24842
24940
24843
24941
24844
24942
24845
24943
24846
24944
24847
24945
24848
24946
24947
24850
24948
38948
24851
24949
24852
24950
24853
24951
24854
24952
24855
24953
24856
24954
24857
24955
24858
24956
24859
24957
24860
24958
24861
24959
24862
24960
24863
24961
24864
24962
24865
24963
24866
24964
24867
24965
24868
24966
24869
24967
24870
24968
24871
24969
24872
24970
24873
24971
24874
24972
24875
24973
24876
24974
24877
24975
24878
24976
24879
24977
24880
24978
24881
24979
24882
24980
24883
24981
24884
24982
24885
24983
24886
24984
24887
24985
24888
24986
24889
24987
24890
24988
24891
24989
24892
24990
24893
24991
24894
24992
24895
24993
24896
24994
24897
24995
24898
24996
24899
24997
24900
24998
24901
24999
24902
25000
24903
25001
24904
25002
24905
25003
24906
25004
24907
25005
24908
25006
24909
25007
24910
25008
24911
25009
24912
25010
24913
25011
24914
25012
24915
25013
24916
25014
24917
25015
24918
25016
24919
25017
24920
25018
24921
25019
24922
25020
24923
25021
24924
25022
24925
25023
24926
25024
24927
25025
24928
25026
24929
25027
24930
25028
24931
25029
24932
25030
24933
25031
24934
25032
24935
25033
24936
25034
24937
25035
24938
25036
24939
25037
24940
25038
24941
25039
24942
25040
24943
25041
24944
25042
24945
25043
24946
25044
24947
25045
25046
24949
25047
38859
24950
25048
24951
25049
24952
25050
24953
25051
24954
25052
24955
25053
24956
25054
24957
25055
24958
25056
24959
25057
24960
25058
24961
25059
24962
25060
24963
25061
24964
25062
24965
25063
24966
25064
24967
25065
24968
25066
24969
25067
24970
25068
24971
25069
24972
25070
24973
25071
24974
25072
24975
25073
24976
25074
24977
25075
24978
25076
24979
25077
24980
25078
24981
25079
24982
25080
24983
25081
24984
25082
24985
25083
24986
25084
24987
25085
24988
25086
24989
25087
24990
25088
24991
25089
24992
25090
24993
25091
24994
25092
24995
25093
24996
25094
24997
25095
24998
25096
24999
25097
25000
25098
25001
25099
25002
25100
25003
25101
25004
25102
25005
25103
25006
25104
25007
25105
25008
25106
25009
25107
25010
25108
25011
25109
25012
25110
25013
25111
25014
25112
25015
25113
25016
25114
25017
25115
25018
25116
25019
25117
25020
25118
25021
25119
25022
25120
25023
25121
25024
25122
25025
25123
25026
25124
25027
25125
25028
25126
25029
25127
25030
25128
25031
25129
25032
25130
25033
25131
25034
25132
25035
25133
25036
25134
25037
25135
25038
25136
25039
25137
25040
25138
25041
25139
25042
25140
25043
25141
25044
25142
25045
25143
25046
25144
25145
25048
25146
38770
25049
25147
25050
25148
25051
25149
25052
25150
25053
25151
25054
25152
25055
25153
25056
25154
25057
25155
25058
25156
25059
25157
25060
25158
25061
25159
25062
25160
25063
25161
25064
25162
25065
25163
25066
25164
25067
25165
25068
25166
25069
25167
25070
25168
25071
25169
25072
25170
25073
25171
25074
25172
25075
25173
25076
25174
25077
25175
25078
25176
25079
25177
25080
25178
25081
25179
25082
25180
25083
25181
25084
25182
25085
25183
25086
25184
25087
25185
25088
25186
25089
25187
25090
25188
25091
25189
25092
25190
25093
25191
25094
25192
25095
25193
25096
25194
25097
25195
25098
25196
25099
25197
25100
25198
25101
25199
25102
25200
25103
25201
25104
25202
25105
25203
25106
25204
25107
25205
25108
25206
25109
25207
25110
25208
25111
25209
25112
25210
25113
25211
25114
25212
25115
25213
25116
25214
25117
25215
25118
25216
25119
25217
25120
25218
25121
25219
25122
25220
25123
25221
25124
25222
25125
25223
25126
25224
25127
25225
25128
25226
25129
25227
25130
25228
25131
25229
25132
25230
25133
25231
25134
25232
25135
25233
25136
25234
25137
25235
25138
25236
25139
25237
25140
25238
25141
25239
25142
25240
25143
25241
25144
25242
25145
25243
25244
25147
25245
38681
25148
25246
25149
25247
25150
25248
25151
25249
25152
25250
25153
25251
25154
25252
25155
25253
25156
25254
25157
25255
25158
25256
25159
25257
25160
25258
25161
25259
25162
25260
25163
25261
25164
25262
25165
25263
25166
25264
25167
25265
25168
25266
25169
25267
25170
25268
25171
25269
25172
25270
25173
25271
25174
25272
25175
25273
25176
25274
25177
25275
25178
25276
25179
25277
25180
25278
25181
25279
25182
25280
25183
25281
25184
25282
25185
25283
25186
25284
25187
25285
25188
25286
25189
25287
25190
25288
25191
25289
25192
25290
25193
25291
25194
25292
25195
25293
25196
25294
25197
25295
25198
25296
25199
25297
25200
25298
25201
25299
25202
25300
25203
25301
25204
25302
25205
25303
25206
25304
25207
25305
25208
25306
25209
25307
25210
25308
25211
25309
25212
25310
25213
25311
25214
25312
25215
25313
25216
25314
25217
25315
25218
25316
25219
25317
25220
25318
25221
25319
25222
25320
25223
25321
25224
25322
25225
25323
25226
25324
25227
25325
25228
25326
25229
25327
25230
25328
25231
25329
25232
25330
25233
25331
25234
25332
25235
25333
25236
25334
25237
25335
25238
25336
25239
25337
25240
25338
25241
25339
25242
25340
25243
25341
25244
25342
25343
25246
25344
38592
25247
25345
25248
25346
25249
25347
25250
25348
25251
25349
25252
25350
25253
25351
25254
25352
25255
25353
25256
25354
25257
25355
25258
25356
25259
25357
25260
25358
25261
25359
25262
25360
25263
25361
25264
25362
25265
25363
25266
25364
25267
25365
25268
25366
25269
25367
25270
25368
25271
25369
25272
25370
25273
25371
25274
25372
25275
25373
25276
25374
25277
25375
25278
25376
25279
25377
25280
25378
25281
25379
25282
25380
25283
25381
25284
25382
25285
25383
25286
25384
25287
25385
25288
25386
25289
25387
25290
25388
25291
25389
25292
25390
25293
25391
25294
25392
25295
25393
25296
25394
25297
25395
25298
25396
25299
25397
25300
25398
25301
25399
25302
25400
25303
25401
25304
25402
25305
25403
25306
25404
25307
25405
25308
25406
25309
25407
25310
25408
25311
25409
25312
25410
25313
25411
25314
25412
25315
25413
25316
25414
25317
25415
25318
25416
25319
25417
25320
25418
25321
25419
25322
25420
25323
25421
25324
25422
25325
25423
25326
25424
25327
25425
25328
25426
25329
25427
25330
25428
25331
25429
25332
25430
25333
25431
25334
25432
25335
25433
25336
25434
25337
25435
25338
25436
25339
25437
25340
25438
25341
25439
25342
25440
25343
25441
25442
25345
25443
38503
25346
25444
25347
25445
25348
25446
25349
25447
25350
25448
25351
25449
25352
25450
25353
25451
25354
25452
25355
25453
25356
25454
25357
25455
25358
25456
25359
25457
25360
25458
25361
25459
25362
25460
25363
25461
25364
25462
25365
25463
25366
25464
25367
25465
25368
25466
25369
25467
25370
25468
25371
25469
25372
25470
25373
25471
25374
25472
25375
25473
25376
25474
25377
25475
25378
25476
25379
25477
25380
25478
25381
25479
25382
25480
25383
25481
25384
25482
25385
25483
25386
25484
25387
25485
25388
25486
25389
25487
25390
25488
25391
25489
25392
25490
25393
25491
25394
25492
25395
25493
25396
25494
25397
25495
25398
25496
25399
25497
25400
25498
25401
25499
25402
25500
25403
25501
25404
25502
25405
25503
25406
25504
25407
25505
25408
25506
25409
25507
25410
25508
25411
25509
25412
25510
25413
25511
25414
25512
25415
25513
25416
25514
25417
25515
25418
25516
25419
25517
25420
25518
25421
25519
25422
25520
25423
25521
25424
25522
25425
25523
25426
25524
25427
25525
25428
25526
25429
25527
25430
25528
25431
25529
25432
25530
25433
25531
25434
25532
25435
25533
25436
25534
25437
25535
25438
25536
25439
25537
25440
25538
25441
25539
25442
25540
25541
25444
25542
38414
25445
25543
25446
25544
25447
25545
25448
25546
25449
25547
25450
25548
25451
25549
25452
25550
25453
25551
25454
25552
25455
25553
25456
25554
25457
25555
25458
25556
25459
25557
25460
25558
25461
25559
25462
25560
25463
25561
25464
25562
25465
25563
25466
25564
25467
25565
25468
25566
25469
25567
25470
25568
25471
25569
25472
25570
25473
25571
25474
25572
25475
25573
25476
25574
25477
25575
25478
25576
25479
25577
25480
25578
25481
25579
25482
25580
25483
25581
25484
25582
25485
25583
25486
25584
25487
25585
25488
25586
25489
25587
25490
25588
25491
25589
25492
25590
25493
25591
25494
25592
25495
25593
25496
25594
25497
25595
25498
25596
25499
25597
25500
25598
25501
25599
25502
25600
25503
25601
25504
25602
25505
25603
25506
25604
25507
25605
25508
25606
25509
25607
25510
25608
25511
25609
25512
25610
25513
25611
25514
25612
25515
25613
25516
25614
25517
25615
25518
25616
25519
25617
25520
25618
25521
25619
25522
25620
25523
25621
25524
25622
25525
25623
25526
25624
25527
25625
25528
25626
25529
25627
25530
25628
25531
25629
25532
25630
25533
25631
25534
25632
25535
25633
25536
25634
25537
25635
25538
25636
25539
25637
25540
25638
25541
25639
25640
25543
25641
38325
25544
25642
25545
25643
25546
25644
25547
25645
25548
25646
25549
25647
25550
25648
25551
25649
25552
25650
25553
25651
25554
25652
25555
25653
25556
25654
25557
25655
25558
25656
25559
25657
25560
25658
25561
25659
25562
25660
25563
25661
25564
25662
25565
25663
25566
25664
25567
25665
25568
25666
25569
25667
25570
25668
25571
25669
25572
25670
25573
25671
25574
25672
25575
25673
25576
25674
25577
25675
25578
25676
25579
25677
25580
25678
25581
25679
25582
25680
25583
25681
25584
25682
25585
25683
25586
25684
25587
25685
25588
25686
25589
25687
25590
25688
25591
25689
25592
25690
25593
25691
25594
25692
25595
25693
25596
25694
25597
25695
25598
25696
25599
25697
25600
25698
25601
25699
25602
25700
25603
25701
25604
25702
25605
25703
25606
25704
25607
25705
25608
25706
25609
25707
25610
25708
25611
25709
25612
25710
25613
25711
25614
25712
25615
25713
25616
25714
25617
25715
25618
25716
25619
25717
25620
25718
25621
25719
25622
25720
25623
25721
25624
25722
25625
25723
25626
25724
25627
25725
25628
25726
25629
25727
25630
25728
25631
25729
25632
25730
25633
25731
25634
25732
25635
25733
25636
25734
25637
25735
25638
25736
25639
25737
25640
25738
25739
25642
25740
38236
25643
25741
25644
25742
25645
25743
25646
25744
25647
25745
25648
25746
25649
25747
25650
25748
25651
25749
25652
25750
25653
25751
25654
25752
25655
25753
25656
25754
25657
25755
25658
25756
25659
25757
25660
25758
25661
25759
25662
25760
25663
25761
25664
25762
25665
25763
25666
25764
25667
25765
25668
25766
25669
25767
25670
25768
25671
25769
25672
25770
25673
25771
25674
25772
25675
25773
25676
25774
25677
25775
25678
25776
25679
25777
25680
25778
25681
25779
25682
25780
25683
25781
25684
25782
25685
25783
25686
25784
25687
25785
25688
25786
25689
25787
25690
25788
25691
25789
25692
25790
25693
25791
25694
25792
25695
25793
25696
25794
25697
25795
25698
25796
25699
25797
25700
25798
25701
25799
25702
25800
25703
25801
25704
25802
25705
25803
25706
25804
25707
25805
25708
25806
25709
25807
25710
25808
25711
25809
25712
25810
25713
25811
25714
25812
25715
25813
25716
25814
25717
25815
25718
25816
25719
25817
25720
25818
25721
25819
25722
25820
25723
25821
25724
25822
25725
25823
25726
25824
25727
25825
25728
25826
25729
25827
25730
25828
25731
25829
25732
25830
25733
25831
25734
25832
25735
25833
25736
25834
25737
25835
25738
25836
25739
25837
25838
25741
25839
38147
25742
25840
25743
25841
25744
25842
25745
25843
25746
25844
25747
25845
25748
25846
25749
25847
25750
25848
25751
25849
25752
25850
25753
25851
25754
25852
25755
25853
25756
25854
25757
25855
25758
25856
25759
25857
25760
25858
25761
25859
25762
25860
25763
25861
25764
25862
25765
25863
25766
25864
25767
25865
25768
25866
25769
25867
25770
25868
25771
25869
25772
25870
25773
25871
25774
25872
25775
25873
25776
25874
25777
25875
25778
25876
25779
25877
25780
25878
25781
25879
25782
25880
25783
25881
25784
25882
25785
25883
25786
25884
25787
25885
25788
25886
25789
25887
25790
25888
25791
25889
25792
25890
25793
25891
25794
25892
25795
25893
25796
25894
25797
25895
25798
25896
25799
25897
25800
25898
25801
25899
25802
25900
25803
25901
25804
25902
25805
25903
25806
25904
25807
25905
25808
25906
25809
25907
25810
25908
25811
25909
25812
25910
25813
25911
25814
25912
25815
25913
25816
25914
25817
25915
25818
25916
25819
25917
25820
25918
25821
25919
25822
25920
25823
25921
25824
25922
25825
25923
25826
25924
25827
25925
25828
25926
25829
25927
25830
25928
25831
25929
25832
25930
25833
25931
25834
25932
25835
25933
25836
25934
25837
25935
25838
25936
25937
25840
25938
38058
25841
25939
25842
25940
25843
25941
25844
25942
25845
25943
25846
25944
25847
25945
25848
25946
25849
25947
25850
25948
25851
25949
25852
25950
25853
25951
25854
25952
25855
25953
25856
25954
25857
25955
25858
25956
25859
25957
25860
25958
25861
25959
25862
25960
25863
25961
25864
25962
25865
25963
25866
25964
25867
25965
25868
25966
25869
25967
25870
25968
25871
25969
25872
25970
25873
25971
25874
25972
25875
25973
25876
25974
25877
25975
25878
25976
25879
25977
25880
25978
25881
25979
25882
25980
25883
25981
25884
25982
25885
25983
25886
25984
25887
25985
25888
25986
25889
25987
25890
25988
25891
25989
25892
25990
25893
25991
25894
25992
25895
25993
25896
25994
25897
25995
25898
25996
25899
25997
25900
25998
25901
25999
25902
26000
25903
26001
25904
26002
25905
26003
25906
26004
25907
26005
25908
26006
25909
26007
25910
26008
25911
26009
25912
26010
25913
26011
25914
26012
25915
26013
25916
26014
25917
26015
25918
26016
25919
26017
25920
26018
25921
26019
25922
26020
25923
26021
25924
26022
25925
26023
25926
26024
25927
26025
25928
26026
25929
26027
25930
26028
25931
26029
25932
26030
25933
26031
25934
26032
25935
26033
25936
26034
25937
26035
26036
25939
26037
37969
25940
26038
25941
26039
25942
26040
25943
26041
25944
26042
25945
26043
25946
26044
25947
26045
25948
26046
25949
26047
25950
26048
25951
26049
25952
26050
25953
26051
25954
26052
25955
26053
25956
26054
25957
26055
25958
26056
25959
26057
25960
26058
25961
26059
25962
26060
25963
26061
25964
26062
25965
26063
25966
26064
25967
26065
25968
26066
25969
26067
25970
26068
25971
26069
25972
26070
25973
26071
25974
26072
25975
26073
25976
26074
25977
26075
25978
26076
25979
26077
25980
26078
25981
26079
25982
26080
25983
26081
25984
26082
25985
26083
25986
26084
25987
26085
25988
26086
25989
26087
25990
26088
25991
26089
25992
26090
25993
26091
25994
26092
25995
26093
25996
26094
25997
26095
25998
26096
25999
26097
26000
26098
26001
26099
26002
26100
26003
26101
26004
26102
26005
26103
26006
26104
26007
26105
26008
26106
26009
26107
26010
26108
26011
26109
26012
26110
26013
26111
26014
26112
26015
26113
26016
26114
26017
26115
26018
26116
26019
26117
26020
26118
26021
26119
26022
26120
26023
26121
26024
26122
26025
26123
26026
26124
26027
26125
26028
26126
26029
26127
26030
26128
26031
26129
26032
26130
26033
26131
26034
26132
26035
26133
26036
26134
26135
26038
26136
37880
26039
26137
26040
26138
26041
26139
26042
26140
26043
26141
26044
26142
26045
26143
26046
26144
26047
26145
26048
26146
26049
26147
26050
26148
26051
26149
26052
26150
26053
26151
26054
26152
26055
26153
26056
26154
26057
26155
26058
26156
26059
26157
26060
26158
26061
26159
26062
26160
26063
26161
26064
26162
26065
26163
26066
26164
26067
26165
26068
26166
26069
26167
26070
26168
26071
26169
26072
26170
26073
26171
26074
26172
26075
26173
26076
26174
26077
26175
26078
26176
26079
26177
26080
26178
26081
26179
26082
26180
26083
26181
26084
26182
26085
26183
26086
26184
26087
26185
26088
26186
26089
26187
26090
26188
26091
26189
26092
26190
26093
26191
26094
26192
26095
26193
26096
26194
26097
26195
26098
26196
26099
26197
26100
26198
26101
26199
26102
26200
26103
26201
26104
26202
26105
26203
26106
26204
26107
26205
26108
26206
26109
26207
26110
26208
26111
26209
26112
26210
26113
26211
26114
26212
26115
26213
26116
26214
26117
26215
26118
26216
26119
26217
26120
26218
26121
26219
26122
26220
26123
26221
26124
26222
26125
26223
26126
26224
26127
26225
26128
26226
26129
26227
26130
26228
26131
26229
26132
26230
26133
26231
26134
26232
26135
26233
26234
26137
26235
37791
26138
26236
26139
26237
26140
26238
26141
26239
26142
26240
26143
26241
26144
26242
26145
26243
26146
26244
26147
26245
26148
26246
26149
26247
26150
26248
26151
26249
26152
26250
26153
26251
26154
26252
26155
26253
26156
26254
26157
26255
26158
26256
26159
26257
26160
26258
26161
26259
26162
26260
26163
26261
26164
26262
26165
26263
26166
26264
26167
26265
26168
26266
26169
26267
26170
26268
26171
26269
26172
26270
26173
26271
26174
26272
26175
26273
26176
26274
26177
26275
26178
26276
26179
26277
26180
26278
26181
26279
26182
26280
26183
26281
26184
26282
26185
26283
26186
26284
26187
26285
26188
26286
26189
26287
26190
26288
26191
26289
26192
26290
26193
26291
26194
26292
26195
26293
26196
26294
26197
26295
26198
26296
26199
26297
26200
26298
26201
26299
26202
26300
26203
26301
26204
26302
26205
26303
26206
26304
26207
26305
26208
26306
26209
26307
26210
26308
26211
26309
26212
26310
26213
26311
26214
26312
26215
26313
26216
26314
26217
26315
26218
26316
26219
26317
26220
26318
26221
26319
26222
26320
26223
26321
26224
26322
26225
26323
26226
26324
26227
26325
26228
26326
26229
26327
26230
26328
26231
26329
26232
26330
26233
26331
26234
26332
26333
26236
26334
37702
26237
26335
26238
26336
26239
26337
26240
26338
26241
26339
26242
26340
26243
26341
26244
26342
26245
26343
26246
26344
26247
26345
26248
26346
26249
26347
26250
26348
26251
26349
26252
26350
26253
26351
26254
26352
26255
26353
26256
26354
26257
26355
26258
26356
26259
26357
26260
26358
26261
26359
26262
26360
26263
26361
26264
26362
26265
26363
26266
26364
26267
26365
26268
26366
26269
26367
26270
26368
26271
26369
26272
26370
26273
26371
26274
26372
26275
26373
26276
26374
26277
26375
26278
26376
26279
26377
26280
26378
26281
26379
26282
26380
26283
26381
26284
26382
26285
26383
26286
26384
26287
26385
26288
26386
26289
26387
26290
26388
26291
26389
26292
26390
26293
26391
26294
26392
26295
26393
26296
26394
26297
26395
26298
26396
26299
26397
26300
26398
26301
26399
26302
26400
26303
26401
26304
26402
26305
26403
26306
26404
26307
26405
26308
26406
26309
26407
26310
26408
26311
26409
26312
26410
26313
26411
26314
26412
26315
26413
26316
26414
26317
26415
26318
26416
26319
26417
26320
26418
26321
26419
26322
26420
26323
26421
26324
26422
26325
26423
26326
26424
26327
26425
26328
26426
26329
26427
26330
26428
26331
26429
26332
26430
26333
26431
26432
26335
26433
37613
26336
26434
26337
26435
26338
26436
26339
26437
26340
26438
26341
26439
26342
26440
26343
26441
26344
26442
26345
26443
26346
26444
26347
26445
26348
26446
26349
26447
26350
26448
26351
26449
26352
26450
26353
26451
26354
26452
26355
26453
26356
26454
26357
26455
26358
26456
26359
26457
26360
26458
26361
26459
26362
26460
26363
26461
26364
26462
26365
26463
26366
26464
26367
26465
26368
26466
26369
26467
26370
26468
26371
26469
26372
26470
26373
26471
26374
26472
26375
26473
26376
26474
26377
26475
26378
26476
26379
26477
26380
26478
26381
26479
26382
26480
26383
26481
26384
26482
26385
26483
26386
26484
26387
26485
26388
26486
26389
26487
26390
26488
26391
26489
26392
26490
26393
26491
26394
26492
26395
26493
26396
26494
26397
26495
26398
26496
26399
26497
26400
26498
26401
26499
26402
26500
26403
26501
26404
26502
26405
26503
26406
26504
26407
26505
26408
26506
26409
26507
26410
26508
26411
26509
26412
26510
26413
26511
26414
26512
26415
26513
26416
26514
26417
26515
26418
26516
26419
26517
26420
26518
26421
26519
26422
26520
26423
26521
26424
26522
26425
26523
26426
26524
26427
26525
26428
26526
26429
26527
26430
26528
26431
26529
26432
26530
26531
26434
26532
37524
26435
26533
26436
26534
26437
26535
26438
26536
26439
26537
26440
26538
26441
26539
26442
26540
26443
26541
26444
26542
26445
26543
26446
26544
26447
26545
26448
26546
26449
26547
26450
26548
26451
26549
26452
26550
26453
26551
26454
26552
26455
26553
26456
26554
26457
26555
26458
26556
26459
26557
26460
26558
26461
26559
26462
26560
26463
26561
26464
26562
26465
26563
26466
26564
26467
26565
26468
26566
26469
26567
26470
26568
26471
26569
26472
26570
26473
26571
26474
26572
26475
26573
26476
26574
26477
26575
26478
26576
26479
26577
26480
26578
26481
26579
26482
26580
26483
26581
26484
26582
26485
26583
26486
26584
26487
26585
26488
26586
26489
26587
26490
26588
26491
26589
26492
26590
26493
26591
26494
26592
26495
26593
26496
26594
26497
26595
26498
26596
26499
26597
26500
26598
26501
26599
26502
26600
26503
26601
26504
26602
26505
26603
26506
26604
26507
26605
26508
26606
26509
26607
26510
26608
26511
26609
26512
26610
26513
26611
26514
26612
26515
26613
26516
26614
26517
26615
26518
26616
26519
26617
26520
26618
26521
26619
26522
26620
26523
26621
26524
26622
26525
26623
26526
26624
26527
26625
26528
26626
26529
26627
26530
26628
26531
26629
26630
26533
26631
37435
26534
26632
26535
26633
26536
26634
26537
26635
26538
26636
26539
26637
26540
26638
26541
26639
26542
26640
26543
26641
26544
26642
26545
26643
26546
26644
26547
26645
26548
26646
26549
26647
26550
26648
26551
26649
26552
26650
26553
26651
26554
26652
26555
26653
26556
26654
26557
26655
26558
26656
26559
26657
26560
26658
26561
26659
26562
26660
26563
26661
26564
26662
26565
26663
26566
26664
26567
26665
26568
26666
26569
26667
26570
26668
26571
26669
26572
26670
26573
26671
26574
26672
26575
26673
26576
26674
26577
26675
26578
26676
26579
26677
26580
26678
26581
26679
26582
26680
26583
26681
26584
26682
26585
26683
26586
26684
26587
26685
26588
26686
26589
26687
26590
26688
26591
26689
26592
26690
26593
26691
26594
26692
26595
26693
26596
26694
26597
26695
26598
26696
26599
26697
26600
26698
26601
26699
26602
26700
26603
26701
26604
26702
26605
26703
26606
26704
26607
26705
26608
26706
26609
26707
26610
26708
26611
26709
26612
26710
26613
26711
26614
26712
26615
26713
26616
26714
26617
26715
26618
26716
26619
26717
26620
26718
26621
26719
26622
26720
26623
26721
26624
26722
26625
26723
26626
26724
26627
26725
26628
26726
26629
26727
26630
26728
26729
26632
26730
37346
26633
26731
26634
26732
26635
26733
26636
26734
26637
26735
26638
26736
26639
26737
26640
26738
26641
26739
26642
26740
26643
26741
26644
26742
26645
26743
26646
26744
26647
26745
26648
26746
26649
26747
26650
26748
26651
26749
26652
26750
26653
26751
26654
26752
26655
26753
26656
26754
26657
26755
26658
26756
26659
26757
26660
26758
26661
26759
26662
26760
26663
26761
26664
26762
26665
26763
26666
26764
26667
26765
26668
26766
26669
26767
26670
26768
26671
26769
26672
26770
26673
26771
26674
26772
26675
26773
26676
26774
26677
26775
26678
26776
26679
26777
26680
26778
26681
26779
26682
26780
26683
26781
26684
26782
26685
26783
26686
26784
26687
26785
26688
26786
26689
26787
26690
26788
26691
26789
26692
26790
26693
26791
26694
26792
26695
26793
26696
26794
26697
26795
26698
26796
26699
26797
26700
26798
26701
26799
26702
26800
26703
26801
26704
26802
26705
26803
26706
26804
26707
26805
26708
26806
26709
26807
26710
26808
26711
26809
26712
26810
26713
26811
26714
26812
26715
26813
26716
26814
26717
26815
26718
26816
26719
26817
26720
26818
26721
26819
26722
26820
26723
26821
26724
26822
26725
26823
26726
26824
26727
26825
26728
26826
26729
26827
26828
26731
26829
37257
26732
26830
26733
26831
26734
26832
26735
26833
26736
26834
26737
26835
26738
26836
26739
26837
26740
26838
26741
26839
26742
26840
26743
26841
26744
26842
26745
26843
26746
26844
26747
26845
26748
26846
26749
26847
26750
26848
26751
26849
26752
26850
26753
26851
26754
26852
26755
26853
26756
26854
26757
26855
26758
26856
26759
26857
26760
26858
26761
26859
26762
26860
26763
26861
26764
26862
26765
26863
26766
26864
26767
26865
26768
26866
26769
26867
26770
26868
26771
26869
26772
26870
26773
26871
26774
26872
26775
26873
26776
26874
26777
26875
26778
26876
26779
26877
26780
26878
26781
26879
26782
26880
26783
26881
26784
26882
26785
26883
26786
26884
26787
26885
26788
26886
26789
26887
26790
26888
26791
26889
26792
26890
26793
26891
26794
26892
26795
26893
26796
26894
26797
26895
26798
26896
26799
26897
26800
26898
26801
26899
26802
26900
26803
26901
26804
26902
26805
26903
26806
26904
26807
26905
26808
26906
26809
26907
26810
26908
26811
26909
26812
26910
26813
26911
26814
26912
26815
26913
26816
26914
26817
26915
26818
26916
26819
26917
26820
26918
26821
26919
26822
26920
26823
26921
26824
26922
26825
26923
26826
26924
26827
26925
26828
26926
26927
26830
26928
37168
26831
26929
26832
26930
26833
26931
26834
26932
26835
26933
26836
26934
26837
26935
26838
26936
26839
26937
26840
26938
26841
26939
26842
26940
26843
26941
26844
26942
26845
26943
26846
26944
26847
26945
26848
26946
26849
26947
26850
26948
26851
26949
26852
26950
26853
26951
26854
26952
26855
26953
26856
26954
26857
26955
26858
26956
26859
26957
26860
26958
26861
26959
26862
26960
26863
26961
26864
26962
26865
26963
26866
26964
26867
26965
26868
26966
26869
26967
26870
26968
26871
26969
26872
26970
26873
26971
26874
26972
26875
26973
26876
26974
26877
26975
26878
26976
26879
26977
26880
26978
26881
26979
26882
26980
26883
26981
26884
26982
26885
26983
26886
26984
26887
26985
26888
26986
26889
26987
26890
26988
26891
26989
26892
26990
26893
26991
26894
26992
26895
26993
26896
26994
26897
26995
26898
26996
26899
26997
26900
26998
26901
26999
26902
27000
26903
27001
26904
27002
26905
27003
26906
27004
26907
27005
26908
27006
26909
27007
26910
27008
26911
27009
26912
27010
26913
27011
26914
27012
26915
27013
26916
27014
26917
27015
26918
27016
26919
27017
26920
27018
26921
27019
26922
27020
26923
27021
26924
27022
26925
27023
26926
27024
26927
27025
27026
26929
27027
37079
26930
27028
26931
27029
26932
27030
26933
27031
26934
27032
26935
27033
26936
27034
26937
27035
26938
27036
26939
27037
26940
27038
26941
27039
26942
27040
26943
27041
26944
27042
26945
27043
26946
27044
26947
27045
26948
27046
26949
27047
26950
27048
26951
27049
26952
27050
26953
27051
26954
27052
26955
27053
26956
27054
26957
27055
26958
27056
26959
27057
26960
27058
26961
27059
26962
27060
26963
27061
26964
27062
26965
27063
26966
27064
26967
27065
26968
27066
26969
27067
26970
27068
26971
27069
26972
27070
26973
27071
26974
27072
26975
27073
26976
27074
26977
27075
26978
27076
26979
27077
26980
27078
26981
27079
26982
27080
26983
27081
26984
27082
26985
27083
26986
27084
26987
27085
26988
27086
26989
27087
26990
27088
26991
27089
26992
27090
26993
27091
26994
27092
26995
27093
26996
27094
26997
27095
26998
27096
26999
27097
27000
27098
27001
27099
27002
27100
27003
27101
27004
27102
27005
27103
27006
27104
27007
27105
27008
27106
27009
27107
27010
27108
27011
27109
27012
27110
27013
27111
27014
27112
27015
27113
27016
27114
27017
27115
27018
27116
27019
27117
27020
27118
27021
27119
27022
27120
27023
27121
27024
27122
27025
27123
27026
27124
27125
27028
27126
36990
27029
27127
27030
27128
27031
27129
27032
27130
27033
27131
27034
27132
27035
27133
27036
27134
27037
27135
27038
27136
27039
27137
27040
27138
27041
27139
27042
27140
27043
27141
27044
27142
27045
27143
27046
27144
27047
27145
27048
27146
27049
27147
27050
27148
27051
27149
27052
27150
27053
27151
27054
27152
27055
27153
27056
27154
27057
27155
27058
27156
27059
27157
27060
27158
27061
27159
27062
27160
27063
27161
27064
27162
27065
27163
27066
27164
27067
27165
27068
27166
27069
27167
27070
27168
27071
27169
27072
27170
27073
27171
27074
27172
27075
27173
27076
27174
27077
27175
27078
27176
27079
27177
27080
27178
27081
27179
27082
27180
27083
27181
27084
27182
27085
27183
27086
27184
27087
27185
27088
27186
27089
27187
27090
27188
27091
27189
27092
27190
27093
27191
27094
27192
27095
27193
27096
27194
27097
27195
27098
27196
27099
27197
27100
27198
27101
27199
27102
27200
27103
27201
27104
27202
27105
27203
27106
27204
27107
27205
27108
27206
27109
27207
27110
27208
27111
27209
27112
27210
27113
27211
27114
27212
27115
27213
27116
27214
27117
27215
27118
27216
27119
27217
27120
27218
27121
27219
27122
27220
27123
27221
27124
27222
27125
27223
27224
27127
27225
36901
27128
27226
27129
27227
27130
27228
27131
27229
27132
27230
27133
27231
27134
27232
27135
27233
27136
27234
27137
27235
27138
27236
27139
27237
27140
27238
27141
27239
27142
27240
27143
27241
27144
27242
27145
27243
27146
27244
27147
27245
27148
27246
27149
27247
27150
27248
27151
27249
27152
27250
27153
27251
27154
27252
27155
27253
27156
27254
27157
27255
27158
27256
27159
27257
27160
27258
27161
27259
27162
27260
27163
27261
27164
27262
27165
27263
27166
27264
27167
27265
27168
27266
27169
27267
27170
27268
27171
27269
27172
27270
27173
27271
27174
27272
27175
27273
27176
27274
27177
27275
27178
27276
27179
27277
27180
27278
27181
27279
27182
27280
27183
27281
27184
27282
27185
27283
27186
27284
27187
27285
27188
27286
27189
27287
27190
27288
27191
27289
27192
27290
27193
27291
27194
27292
27195
27293
27196
27294
27197
27295
27198
27296
27199
27297
27200
27298
27201
27299
27202
27300
27203
27301
27204
27302
27205
27303
27206
27304
27207
27305
27208
27306
27209
27307
27210
27308
27211
27309
27212
27310
27213
27311
27214
27312
27215
27313
27216
27314
27217
27315
27218
27316
27219
27317
27220
27318
27221
27319
27222
27320
27223
27321
27224
27322
27323
27226
27324
36812
27227
27325
27228
27326
27229
27327
27230
27328
27231
27329
27232
27330
27233
27331
27234
27332
27235
27333
27236
27334
27237
27335
27238
27336
27239
27337
27240
27338
27241
27339
27242
27340
27243
27341
27244
27342
27245
27343
27246
27344
27247
27345
27248
27346
27249
27347
27250
27348
27251
27349
27252
27350
27253
27351
27254
27352
27255
27353
27256
27354
27257
27355
27258
27356
27259
27357
27260
27358
27261
27359
27262
27360
27263
27361
27264
27362
27265
27363
27266
27364
27267
27365
27268
27366
27269
27367
27270
27368
27271
27369
27272
27370
27273
27371
27274
27372
27275
27373
27276
27374
27277
27375
27278
27376
27279
27377
27280
27378
27281
27379
27282
27380
27283
27381
27284
27382
27285
27383
27286
27384
27287
27385
27288
27386
27289
27387
27290
27388
27291
27389
27292
27390
27293
27391
27294
27392
27295
27393
27296
27394
27297
27395
27298
27396
27299
27397
27300
27398
27301
27399
27302
27400
27303
27401
27304
27402
27305
27403
27306
27404
27307
27405
27308
27406
27309
27407
27310
27408
27311
27409
27312
27410
27313
27411
27314
27412
27315
27413
27316
27414
27317
27415
27318
27416
27319
27417
27320
27418
27321
27419
27322
27420
27323
27421
27422
27325
27423
36723
27326
27424
27327
27425
27328
27426
27329
27427
27330
27428
27331
27429
27332
27430
27333
27431
27334
27432
27335
27433
27336
27434
27337
27435
27338
27436
27339
27437
27340
27438
27341
27439
27342
27440
27343
27441
27344
27442
27345
27443
27346
27444
27347
27445
27348
27446
27349
27447
27350
27448
27351
27449
27352
27450
27353
27451
27354
27452
27355
27453
27356
27454
27357
27455
27358
27456
27359
27457
27360
27458
27361
27459
27362
27460
27363
27461
27364
27462
27365
27463
27366
27464
27367
27465
27368
27466
27369
27467
27370
27468
27371
27469
27372
27470
27373
27471
27374
27472
27375
27473
27376
27474
27377
27475
27378
27476
27379
27477
27380
27478
27381
27479
27382
27480
27383
27481
27384
27482
27385
27483
27386
27484
27387
27485
27388
27486
27389
27487
27390
27488
27391
27489
27392
27490
27393
27491
27394
27492
27395
27493
27396
27494
27397
27495
27398
27496
27399
27497
27400
27498
27401
27499
27402
27500
27403
27501
27404
27502
27405
27503
27406
27504
27407
27505
27408
27506
27409
27507
27410
27508
27411
27509
27412
27510
27413
27511
27414
27512
27415
27513
27416
27514
27417
27515
27418
27516
27419
27517
27420
27518
27421
27519
27422
27520
27521
27424
27522
36634
27425
27523
27426
27524
27427
27525
27428
27526
27429
27527
27430
27528
27431
27529
27432
27530
27433
27531
27434
27532
27435
27533
27436
27534
27437
27535
27438
27536
27439
27537
27440
27538
27441
27539
27442
27540
27443
27541
27444
27542
27445
27543
27446
27544
27447
27545
27448
27546
27449
27547
27450
27548
27451
27549
27452
27550
27453
27551
27454
27552
27455
27553
27456
27554
27457
27555
27458
27556
27459
27557
27460
27558
27461
27559
27462
27560
27463
27561
27464
27562
27465
27563
27466
27564
27467
27565
27468
27566
27469
27567
27470
27568
27471
27569
27472
27570
27473
27571
27474
27572
27475
27573
27476
27574
27477
27575
27478
27576
27479
27577
27480
27578
27481
27579
27482
27580
27483
27581
27484
27582
27485
27583
27486
27584
27487
27585
27488
27586
27489
27587
27490
27588
27491
27589
27492
27590
27493
27591
27494
27592
27495
27593
27496
27594
27497
27595
27498
27596
27499
27597
27500
27598
27501
27599
27502
27600
27503
27601
27504
27602
27505
27603
27506
27604
27507
27605
27508
27606
27509
27607
27510
27608
27511
27609
27512
27610
27513
27611
27514
27612
27515
27613
27516
27614
27517
27615
27518
27616
27519
27617
27520
27618
27521
27619
27620
27523
27621
36545
27524
27622
27525
27623
27526
27624
27527
27625
27528
27626
27529
27627
27530
27628
27531
27629
27532
27630
27533
27631
27534
27632
27535
27633
27536
27634
27537
27635
27538
27636
27539
27637
27540
27638
27541
27639
27542
27640
27543
27641
27544
27642
27545
27643
27546
27644
27547
27645
27548
27646
27549
27647
27550
27648
27551
27649
27552
27650
27553
27651
27554
27652
27555
27653
27556
27654
27557
27655
27558
27656
27559
27657
27560
27658
27561
27659
27562
27660
27563
27661
27564
27662
27565
27663
27566
27664
27567
27665
27568
27666
27569
27667
27570
27668
27571
27669
27572
27670
27573
27671
27574
27672
27575
27673
27576
27674
27577
27675
27578
27676
27579
27677
27580
27678
27581
27679
27582
27680
27583
27681
27584
27682
27585
27683
27586
27684
27587
27685
27588
27686
27589
27687
27590
27688
27591
27689
27592
27690
27593
27691
27594
27692
27595
27693
27596
27694
27597
27695
27598
27696
27599
27697
27600
27698
27601
27699
27602
27700
27603
27701
27604
27702
27605
27703
27606
27704
27607
27705
27608
27706
27609
27707
27610
27708
27611
27709
27612
27710
27613
27711
27614
27712
27615
27713
27616
27714
27617
27715
27618
27716
27619
27717
27620
27718
27719
27622
27720
36456
27623
27721
27624
27722
27625
27723
27626
27724
27627
27725
27628
27726
27629
27727
27630
27728
27631
27729
27632
27730
27633
27731
27634
27732
27635
27733
27636
27734
27637
27735
27638
27736
27639
27737
27640
27738
27641
27739
27642
27740
27643
27741
27644
27742
27645
27743
27646
27744
27647
27745
27648
27746
27649
27747
27650
27748
27651
27749
27652
27750
27653
27751
27654
27752
27655
27753
27656
27754
27657
27755
27658
27756
27659
27757
27660
27758
27661
27759
27662
27760
27663
27761
27664
27762
27665
27763
27666
27764
27667
27765
27668
27766
27669
27767
27670
27768
27671
27769
27672
27770
27673
27771
27674
27772
27675
27773
27676
27774
27677
27775
27678
27776
27679
27777
27680
27778
27681
27779
27682
27780
27683
27781
27684
27782
27685
27783
27686
27784
27687
27785
27688
27786
27689
27787
27690
27788
27691
27789
27692
27790
27693
27791
27694
27792
27695
27793
27696
27794
27697
27795
27698
27796
27699
27797
27700
27798
27701
27799
27702
27800
27703
27801
27704
27802
27705
27803
27706
27804
27707
27805
27708
27806
27709
27807
27710
27808
27711
27809
27712
27810
27713
27811
27714
27812
27715
27813
27716
27814
27717
27815
27718
27816
27719
27817
27818
27721
27819
36367
27722
27820
27723
27821
27724
27822
27725
27823
27726
27824
27727
27825
27728
27826
27729
27827
27730
27828
27731
27829
27732
27830
27733
27831
27734
27832
27735
27833
27736
27834
27737
27835
27738
27836
27739
27837
27740
27838
27741
27839
27742
27840
27743
27841
27744
27842
27745
27843
27746
27844
27747
27845
27748
27846
27749
27847
27750
27848
27751
27849
27752
27850
27753
27851
27754
27852
27755
27853
27756
27854
27757
27855
27758
27856
27759
27857
27760
27858
27761
27859
27762
27860
27763
27861
27764
27862
27765
27863
27766
27864
27767
27865
27768
27866
27769
27867
27770
27868
27771
27869
27772
27870
27773
27871
27774
27872
27775
27873
27776
27874
27777
27875
27778
27876
27779
27877
27780
27878
27781
27879
27782
27880
27783
27881
27784
27882
27785
27883
27786
27884
27787
27885
27788
27886
27789
27887
27790
27888
27791
27889
27792
27890
27793
27891
27794
27892
27795
27893
27796
27894
27797
27895
27798
27896
27799
27897
27800
27898
27801
27899
27802
27900
27803
27901
27804
27902
27805
27903
27806
27904
27807
27905
27808
27906
27809
27907
27810
27908
27811
27909
27812
27910
27813
27911
27814
27912
27815
27913
27816
27914
27817
27915
27818
27916
27917
27820
27918
36278
27821
27919
27822
27920
27823
27921
27824
27922
27825
27923
27826
27924
27827
27925
27828
27926
27829
27927
27830
27928
27831
27929
27832
27930
27833
27931
27834
27932
27835
27933
27836
27934
27837
27935
27838
27936
27839
27937
27840
27938
27841
27939
27842
27940
27843
27941
27844
27942
27845
27943
27846
27944
27847
27945
27848
27946
27849
27947
27850
27948
27851
27949
27852
27950
27853
27951
27854
27952
27855
27953
27856
27954
27857
27955
27858
27956
27859
27957
27860
27958
27861
27959
27862
27960
27863
27961
27864
27962
27865
27963
27866
27964
27867
27965
27868
27966
27869
27967
27870
27968
27871
27969
27872
27970
27873
27971
27874
27972
27875
27973
27876
27974
27877
27975
27878
27976
27879
27977
27880
27978
27881
27979
27882
27980
27883
27981
27884
27982
27885
27983
27886
27984
27887
27985
27888
27986
27889
27987
27890
27988
27891
27989
27892
27990
27893
27991
27894
27992
27895
27993
27896
27994
27897
27995
27898
27996
27899
27997
27900
27998
27901
27999
27902
28000
27903
28001
27904
28002
27905
28003
27906
28004
27907
28005
27908
28006
27909
28007
27910
28008
27911
28009
27912
28010
27913
28011
27914
28012
27915
28013
27916
28014
27917
28015
28016
27919
28017
36189
27920
28018
27921
28019
27922
28020
27923
28021
27924
28022
27925
28023
27926
28024
27927
28025
27928
28026
27929
28027
27930
28028
27931
28029
27932
28030
27933
28031
27934
28032
27935
28033
27936
28034
27937
28035
27938
28036
27939
28037
27940
28038
27941
28039
27942
28040
27943
28041
27944
28042
27945
28043
27946
28044
27947
28045
27948
28046
27949
28047
27950
28048
27951
28049
27952
28050
27953
28051
27954
28052
27955
28053
27956
28054
27957
28055
27958
28056
27959
28057
27960
28058
27961
28059
27962
28060
27963
28061
27964
28062
27965
28063
27966
28064
27967
28065
27968
28066
27969
28067
27970
28068
27971
28069
27972
28070
27973
28071
27974
28072
27975
28073
27976
28074
27977
28075
27978
28076
27979
28077
27980
28078
27981
28079
27982
28080
27983
28081
27984
28082
27985
28083
27986
28084
27987
28085
27988
28086
27989
28087
27990
28088
27991
28089
27992
28090
27993
28091
27994
28092
27995
28093
27996
28094
27997
28095
27998
28096
27999
28097
28000
28098
28001
28099
28002
28100
28003
28101
28004
28102
28005
28103
28006
28104
28007
28105
28008
28106
28009
28107
28010
28108
28011
28109
28012
28110
28013
28111
28014
28112
28015
28113
28016
28114
28115
28018
28116
36100
28019
28117
28020
28118
28021
28119
28022
28120
28023
28121
28024
28122
28025
28123
28026
28124
28027
28125
28028
28126
28029
28127
28030
28128
28031
28129
28032
28130
28033
28131
28034
28132
28035
28133
28036
28134
28037
28135
28038
28136
28039
28137
28040
28138
28041
28139
28042
28140
28043
28141
28044
28142
28045
28143
28046
28144
28047
28145
28048
28146
28049
28147
28050
28148
28051
28149
28052
28150
28053
28151
28054
28152
28055
28153
28056
28154
28057
28155
28058
28156
28059
28157
28060
28158
28061
28159
28062
28160
28063
28161
28064
28162
28065
28163
28066
28164
28067
28165
28068
28166
28069
28167
28070
28168
28071
28169
28072
28170
28073
28171
28074
28172
28075
28173
28076
28174
28077
28175
28078
28176
28079
28177
28080
28178
28081
28179
28082
28180
28083
28181
28084
28182
28085
28183
28086
28184
28087
28185
28088
28186
28089
28187
28090
28188
28091
28189
28092
28190
28093
28191
28094
28192
28095
28193
28096
28194
28097
28195
28098
28196
28099
28197
28100
28198
28101
28199
28102
28200
28103
28201
28104
28202
28105
28203
28106
28204
28107
28205
28108
28206
28109
28207
28110
28208
28111
28209
28112
28210
28113
28211
28114
28212
28115
28213
28214
28117
28215
36011
28118
28216
28119
28217
28120
28218
28121
28219
28122
28220
28123
28221
28124
28222
28125
28223
28126
28224
28127
28225
28128
28226
28129
28227
28130
28228
28131
28229
28132
28230
28133
28231
28134
28232
28135
28233
28136
28234
28137
28235
28138
28236
28139
28237
28140
28238
28141
28239
28142
28240
28143
28241
28144
28242
28145
28243
28146
28244
28147
28245
28148
28246
28149
28247
28150
28248
28151
28249
28152
28250
28153
28251
28154
28252
28155
28253
28156
28254
28157
28255
28158
28256
28159
28257
28160
28258
28161
28259
28162
28260
28163
28261
28164
28262
28165
28263
28166
28264
28167
28265
28168
28266
28169
28267
28170
28268
28171
28269
28172
28270
28173
28271
28174
28272
28175
28273
28176
28274
28177
28275
28178
28276
28179
28277
28180
28278
28181
28279
28182
28280
28183
28281
28184
28282
28185
28283
28186
28284
28187
28285
28188
28286
28189
28287
28190
28288
28191
28289
28192
28290
28193
28291
28194
28292
28195
28293
28196
28294
28197
28295
28198
28296
28199
28297
28200
28298
28201
28299
28202
28300
28203
28301
28204
28302
28205
28303
28206
28304
28207
28305
28208
28306
28209
28307
28210
28308
28211
28309
28212
28310
28213
28311
28214
28312
28313
28216
28314
35922
28217
28315
28218
28316
28219
28317
28220
28318
28221
28319
28222
28320
28223
28321
28224
28322
28225
28323
28226
28324
28227
28325
28228
28326
28229
28327
28230
28328
28231
28329
28232
28330
28233
28331
28234
28332
28235
28333
28236
28334
28237
28335
28238
28336
28239
28337
28240
28338
28241
28339
28242
28340
28243
28341
28244
28342
28245
28343
28246
28344
28247
28345
28248
28346
28249
28347
28250
28348
28251
28349
28252
28350
28253
28351
28254
28352
28255
28353
28256
28354
28257
28355
28258
28356
28259
28357
28260
28358
28261
28359
28262
28360
28263
28361
28264
28362
28265
28363
28266
28364
28267
28365
28268
28366
28269
28367
28270
28368
28271
28369
28272
28370
28273
28371
28274
28372
28275
28373
28276
28374
28277
28375
28278
28376
28279
28377
28280
28378
28281
28379
28282
28380
28283
28381
28284
28382
28285
28383
28286
28384
28287
28385
28288
28386
28289
28387
28290
28388
28291
28389
28292
28390
28293
28391
28294
28392
28295
28393
28296
28394
28297
28395
28298
28396
28299
28397
28300
28398
28301
28399
28302
28400
28303
28401
28304
28402
28305
28403
28306
28404
28307
28405
28308
28406
28309
28407
28310
28408
28311
28409
28312
28410
28313
28411
28412
28315
28413
35833
28316
28414
28317
28415
28318
28416
28319
28417
28320
28418
28321
28419
28322
28420
28323
28421
28324
28422
28325
28423
28326
28424
28327
28425
28328
28426
28329
28427
28330
28428
28331
28429
28332
28430
28333
28431
28334
28432
28335
28433
28336
28434
28337
28435
28338
28436
28339
28437
28340
28438
28341
28439
28342
28440
28343
28441
28344
28442
28345
28443
28346
28444
28347
28445
28348
28446
28349
28447
28350
28448
28351
28449
28352
28450
28353
28451
28354
28452
28355
28453
28356
28454
28357
28455
28358
28456
28359
28457
28360
28458
28361
28459
28362
28460
28363
28461
28364
28462
28365
28463
28366
28464
28367
28465
28368
28466
28369
28467
28370
28468
28371
28469
28372
28470
28373
28471
28374
28472
28375
28473
28376
28474
28377
28475
28378
28476
28379
28477
28380
28478
28381
28479
28382
28480
28383
28481
28384
28482
28385
28483
28386
28484
28387
28485
28388
28486
28389
28487
28390
28488
28391
28489
28392
28490
28393
28491
28394
28492
28395
28493
28396
28494
28397
28495
28398
28496
28399
28497
28400
28498
28401
28499
28402
28500
28403
28501
28404
28502
28405
28503
28406
28504
28407
28505
28408
28506
28409
28507
28410
28508
28411
28509
28412
28510
28511
28414
28512
35744
28415
28513
28416
28514
28417
28515
28418
28516
28419
28517
28420
28518
28421
28519
28422
28520
28423
28521
28424
28522
28425
28523
28426
28524
28427
28525
28428
28526
28429
28527
28430
28528
28431
28529
28432
28530
28433
28531
28434
28532
28435
28533
28436
28534
28437
28535
28438
28536
28439
28537
28440
28538
28441
28539
28442
28540
28443
28541
28444
28542
28445
28543
28446
28544
28447
28545
28448
28546
28449
28547
28450
28548
28451
28549
28452
28550
28453
28551
28454
28552
28455
28553
28456
28554
28457
28555
28458
28556
28459
28557
28460
28558
28461
28559
28462
28560
28463
28561
28464
28562
28465
28563
28466
28564
28467
28565
28468
28566
28469
28567
28470
28568
28471
28569
28472
28570
28473
28571
28474
28572
28475
28573
28476
28574
28477
28575
28478
28576
28479
28577
28480
28578
28481
28579
28482
28580
28483
28581
28484
28582
28485
28583
28486
28584
28487
28585
28488
28586
28489
28587
28490
28588
28491
28589
28492
28590
28493
28591
28494
28592
28495
28593
28496
28594
28497
28595
28498
28596
28499
28597
28500
28598
28501
28599
28502
28600
28503
28601
28504
28602
28505
28603
28506
28604
28507
28605
28508
28606
28509
28607
28510
28608
28511
28609
28610
28513
28611
35655
28514
28612
28515
28613
28516
28614
28517
28615
28518
28616
28519
28617
28520
28618
28521
28619
28522
28620
28523
28621
28524
28622
28525
28623
28526
28624
28527
28625
28528
28626
28529
28627
28530
28628
28531
28629
28532
28630
28533
28631
28534
28632
28535
28633
28536
28634
28537
28635
28538
28636
28539
28637
28540
28638
28541
28639
28542
28640
28543
28641
28544
28642
28545
28643
28546
28644
28547
28645
28548
28646
28549
28647
28550
28648
28551
28649
28552
28650
28553
28651
28554
28652
28555
28653
28556
28654
28557
28655
28558
28656
28559
28657
28560
28658
28561
28659
28562
28660
28563
28661
28564
28662
28565
28663
28566
28664
28567
28665
28568
28666
28569
28667
28570
28668
28571
28669
28572
28670
28573
28671
28574
28672
28575
28673
28576
28674
28577
28675
28578
28676
28579
28677
28580
28678
28581
28679
28582
28680
28583
28681
28584
28682
28585
28683
28586
28684
28587
28685
28588
28686
28589
28687
28590
28688
28591
28689
28592
28690
28593
28691
28594
28692
28595
28693
28596
28694
28597
28695
28598
28696
28599
28697
28600
28698
28601
28699
28602
28700
28603
28701
28604
28702
28605
28703
28606
28704
28607
28705
28608
28706
28609
28707
28610
28708
28709
28612
28710
35566
28613
28711
28614
28712
28615
28713
28616
28714
28617
28715
28618
28716
28619
28717
28620
28718
28621
28719
28622
28720
28623
28721
28624
28722
28625
28723
28626
28724
28627
28725
28628
28726
28629
28727
28630
28728
28631
28729
28632
28730
28633
28731
28634
28732
28635
28733
28636
28734
28637
28735
28638
28736
28639
28737
28640
28738
28641
28739
28642
28740
28643
28741
28644
28742
28645
28743
28646
28744
28647
28745
28648
28746
28649
28747
28650
28748
28651
28749
28652
28750
28653
28751
28654
28752
28655
28753
28656
28754
28657
28755
28658
28756
28659
28757
28660
28758
28661
28759
28662
28760
28663
28761
28664
28762
28665
28763
28666
28764
28667
28765
28668
28766
28669
28767
28670
28768
28671
28769
28672
28770
28673
28771
28674
28772
28675
28773
28676
28774
28677
28775
28678
28776
28679
28777
28680
28778
28681
28779
28682
28780
28683
28781
28684
28782
28685
28783
28686
28784
28687
28785
28688
28786
28689
28787
28690
28788
28691
28789
28692
28790
28693
28791
28694
28792
28695
28793
28696
28794
28697
28795
28698
28796
28699
28797
28700
28798
28701
28799
28702
28800
28703
28801
28704
28802
28705
28803
28706
28804
28707
28805
28708
28806
28709
28807
28808
28711
28809
35477
28712
28810
28713
28811
28714
28812
28715
28813
28716
28814
28717
28815
28718
28816
28719
28817
28720
28818
28721
28819
28722
28820
28723
28821
28724
28822
28725
28823
28726
28824
28727
28825
28728
28826
28729
28827
28730
28828
28731
28829
28732
28830
28733
28831
28734
28832
28735
28833
28736
28834
28737
28835
28738
28836
28739
28837
28740
28838
28741
28839
28742
28840
28743
28841
28744
28842
28745
28843
28746
28844
28747
28845
28748
28846
28749
28847
28750
28848
28751
28849
28752
28850
28753
28851
28754
28852
28755
28853
28756
28854
28757
28855
28758
28856
28759
28857
28760
28858
28761
28859
28762
28860
28763
28861
28764
28862
28765
28863
28766
28864
28767
28865
28768
28866
28769
28867
28770
28868
28771
28869
28772
28870
28773
28871
28774
28872
28775
28873
28776
28874
28777
28875
28778
28876
28779
28877
28780
28878
28781
28879
28782
28880
28783
28881
28784
28882
28785
28883
28786
28884
28787
28885
28788
28886
28789
28887
28790
28888
28791
28889
28792
28890
28793
28891
28794
28892
28795
28893
28796
28894
28797
28895
28798
28896
28799
28897
28800
28898
28801
28899
28802
28900
28803
28901
28804
28902
28805
28903
28806
28904
28807
28905
28808
28906
28907
28810
28908
35388
28811
28909
28812
28910
28813
28911
28814
28912
28815
28913
28816
28914
28817
28915
28818
28916
28819
28917
28820
28918
28821
28919
28822
28920
28823
28921
28824
28922
28825
28923
28826
28924
28827
28925
28828
28926
28829
28927
28830
28928
28831
28929
28832
28930
28833
28931
28834
28932
28835
28933
28836
28934
28837
28935
28838
28936
28839
28937
28840
28938
28841
28939
28842
28940
28843
28941
28844
28942
28845
28943
28846
28944
28847
28945
28848
28946
28849
28947
28850
28948
28851
28949
28852
28950
28853
28951
28854
28952
28855
28953
28856
28954
28857
28955
28858
28956
28859
28957
28860
28958
28861
28959
28862
28960
28863
28961
28864
28962
28865
28963
28866
28964
28867
28965
28868
28966
28869
28967
28870
28968
28871
28969
28872
28970
28873
28971
28874
28972
28875
28973
28876
28974
28877
28975
28878
28976
28879
28977
28880
28978
28881
28979
28882
28980
28883
28981
28884
28982
28885
28983
28886
28984
28887
28985
28888
28986
28889
28987
28890
28988
28891
28989
28892
28990
28893
28991
28894
28992
28895
28993
28896
28994
28897
28995
28898
28996
28899
28997
28900
28998
28901
28999
28902
29000
28903
29001
28904
29002
28905
29003
28906
29004
28907
29005
29006
28909
29007
35299
28910
29008
28911
29009
28912
29010
28913
29011
28914
29012
28915
29013
28916
29014
28917
29015
28918
29016
28919
29017
28920
29018
28921
29019
28922
29020
28923
29021
28924
29022
28925
29023
28926
29024
28927
29025
28928
29026
28929
29027
28930
29028
28931
29029
28932
29030
28933
29031
28934
29032
28935
29033
28936
29034
28937
29035
28938
29036
28939
29037
28940
29038
28941
29039
28942
29040
28943
29041
28944
29042
28945
29043
28946
29044
28947
29045
28948
29046
28949
29047
28950
29048
28951
29049
28952
29050
28953
29051
28954
29052
28955
29053
28956
29054
28957
29055
28958
29056
28959
29057
28960
29058
28961
29059
28962
29060
28963
29061
28964
29062
28965
29063
28966
29064
28967
29065
28968
29066
28969
29067
28970
29068
28971
29069
28972
29070
28973
29071
28974
29072
28975
29073
28976
29074
28977
29075
28978
29076
28979
29077
28980
29078
28981
29079
28982
29080
28983
29081
28984
29082
28985
29083
28986
29084
28987
29085
28988
29086
28989
29087
28990
29088
28991
29089
28992
29090
28993
29091
28994
29092
28995
29093
28996
29094
28997
29095
28998
29096
28999
29097
29000
29098
29001
29099
29002
29100
29003
29101
29004
29102
29005
29103
29006
29104
29105
29008
29106
35210
29009
29107
29010
29108
29011
29109
29012
29110
29013
29111
29014
29112
29015
29113
29016
29114
29017
29115
29018
29116
29019
29117
29020
29118
29021
29119
29022
29120
29023
29121
29024
29122
29025
29123
29026
29124
29027
29125
29028
29126
29029
29127
29030
29128
29031
29129
29032
29130
29033
29131
29034
29132
29035
29133
29036
29134
29037
29135
29038
29136
29039
29137
29040
29138
29041
29139
29042
29140
29043
29141
29044
29142
29045
29143
29046
29144
29047
29145
29048
29146
29049
29147
29050
29148
29051
29149
29052
29150
29053
29151
29054
29152
29055
29153
29056
29154
29057
29155
29058
29156
29059
29157
29060
29158
29061
29159
29062
29160
29063
29161
29064
29162
29065
29163
29066
29164
29067
29165
29068
29166
29069
29167
29070
29168
29071
29169
29072
29170
29073
29171
29074
29172
29075
29173
29076
29174
29077
29175
29078
29176
29079
29177
29080
29178
29081
29179
29082
29180
29083
29181
29084
29182
29085
29183
29086
29184
29087
29185
29088
29186
29089
29187
29090
29188
29091
29189
29092
29190
29093
29191
29094
29192
29095
29193
29096
29194
29097
29195
29098
29196
29099
29197
29100
29198
29101
29199
29102
29200
29103
29201
29104
29202
29105
29203
29204
29107
29205
35121
29108
29206
29109
29207
29110
29208
29111
29209
29112
29210
29113
29211
29114
29212
29115
29213
29116
29214
29117
29215
29118
29216
29119
29217
29120
29218
29121
29219
29122
29220
29123
29221
29124
29222
29125
29223
29126
29224
29127
29225
29128
29226
29129
29227
29130
29228
29131
29229
29132
29230
29133
29231
29134
29232
29135
29233
29136
29234
29137
29235
29138
29236
29139
29237
29140
29238
29141
29239
29142
29240
29143
29241
29144
29242
29145
29243
29146
29244
29147
29245
29148
29246
29149
29247
29150
29248
29151
29249
29152
29250
29153
29251
29154
29252
29155
29253
29156
29254
29157
29255
29158
29256
29159
29257
29160
29258
29161
29259
29162
29260
29163
29261
29164
29262
29165
29263
29166
29264
29167
29265
29168
29266
29169
29267
29170
29268
29171
29269
29172
29270
29173
29271
29174
29272
29175
29273
29176
29274
29177
29275
29178
29276
29179
29277
29180
29278
29181
29279
29182
29280
29183
29281
29184
29282
29185
29283
29186
29284
29187
29285
29188
29286
29189
29287
29190
29288
29191
29289
29192
29290
29193
29291
29194
29292
29195
29293
29196
29294
29197
29295
29198
29296
29199
29297
29200
29298
29201
29299
29202
29300
29203
29301
29204
29302
29303
29206
29304
35032
29207
29305
29208
29306
29209
29307
29210
29308
29211
29309
29212
29310
29213
29311
29214
29312
29215
29313
29216
29314
29217
29315
29218
29316
29219
29317
29220
29318
29221
29319
29222
29320
29223
29321
29224
29322
29225
29323
29226
29324
29227
29325
29228
29326
29229
29327
29230
29328
29231
29329
29232
29330
29233
29331
29234
29332
29235
29333
29236
29334
29237
29335
29238
29336
29239
29337
29240
29338
29241
29339
29242
29340
29243
29341
29244
29342
29245
29343
29246
29344
29247
29345
29248
29346
29249
29347
29250
29348
29251
29349
29252
29350
29253
29351
29254
29352
29255
29353
29256
29354
29257
29355
29258
29356
29259
29357
29260
29358
29261
29359
29262
29360
29263
29361
29264
29362
29265
29363
29266
29364
29267
29365
29268
29366
29269
29367
29270
29368
29271
29369
29272
29370
29273
29371
29274
29372
29275
29373
29276
29374
29277
29375
29278
29376
29279
29377
29280
29378
29281
29379
29282
29380
29283
29381
29284
29382
29285
29383
29286
29384
29287
29385
29288
29386
29289
29387
29290
29388
29291
29389
29292
29390
29293
29391
29294
29392
29295
29393
29296
29394
29297
29395
29298
29396
29299
29397
29300
29398
29301
29399
29302
29400
29303
29401
29402
29305
29403
34943
29306
29404
29307
29405
29308
29406
29309
29407
29310
29408
29311
29409
29312
29410
29313
29411
29314
29412
29315
29413
29316
29414
29317
29415
29318
29416
29319
29417
29320
29418
29321
29419
29322
29420
29323
29421
29324
29422
29325
29423
29326
29424
29327
29425
29328
29426
29329
29427
29330
29428
29331
29429
29332
29430
29333
29431
29334
29432
29335
29433
29336
29434
29337
29435
29338
29436
29339
29437
29340
29438
29341
29439
29342
29440
29343
29441
29344
29442
29345
29443
29346
29444
29347
29445
29348
29446
29349
29447
29350
29448
29351
29449
29352
29450
29353
29451
29354
29452
29355
29453
29356
29454
29357
29455
29358
29456
29359
29457
29360
29458
29361
29459
29362
29460
29363
29461
29364
29462
29365
29463
29366
29464
29367
29465
29368
29466
29369
29467
29370
29468
29371
29469
29372
29470
29373
29471
29374
29472
29375
29473
29376
29474
29377
29475
29378
29476
29379
29477
29380
29478
29381
29479
29382
29480
29383
29481
29384
29482
29385
29483
29386
29484
29387
29485
29388
29486
29389
29487
29390
29488
29391
29489
29392
29490
29393
29491
29394
29492
29395
29493
29396
29494
29397
29495
29398
29496
29399
29497
29400
29498
29401
29499
29402
29500
29501
29404
29502
34854
29405
29503
29406
29504
29407
29505
29408
29506
29409
29507
29410
29508
29411
29509
29412
29510
29413
29511
29414
29512
29415
29513
29416
29514
29417
29515
29418
29516
29419
29517
29420
29518
29421
29519
29422
29520
29423
29521
29424
29522
29425
29523
29426
29524
29427
29525
29428
29526
29429
29527
29430
29528
29431
29529
29432
29530
29433
29531
29434
29532
29435
29533
29436
29534
29437
29535
29438
29536
29439
29537
29440
29538
29441
29539
29442
29540
29443
29541
29444
29542
29445
29543
29446
29544
29447
29545
29448
29546
29449
29547
29450
29548
29451
29549
29452
29550
29453
29551
29454
29552
29455
29553
29456
29554
29457
29555
29458
29556
29459
29557
29460
29558
29461
29559
29462
29560
29463
29561
29464
29562
29465
29563
29466
29564
29467
29565
29468
29566
29469
29567
29470
29568
29471
29569
29472
29570
29473
29571
29474
29572
29475
29573
29476
29574
29477
29575
29478
29576
29479
29577
29480
29578
29481
29579
29482
29580
29483
29581
29484
29582
29485
29583
29486
29584
29487
29585
29488
29586
29489
29587
29490
29588
29491
29589
29492
29590
29493
29591
29494
29592
29495
29593
29496
29594
29497
29595
29498
29596
29499
29597
29500
29598
29501
29599
29600
29503
29601
34765
29504
29602
29505
29603
29506
29604
29507
29605
29508
29606
29509
29607
29510
29608
29511
29609
29512
29610
29513
29611
29514
29612
29515
29613
29516
29614
29517
29615
29518
29616
29519
29617
29520
29618
29521
29619
29522
29620
29523
29621
29524
29622
29525
29623
29526
29624
29527
29625
29528
29626
29529
29627
29530
29628
29531
29629
29532
29630
29533
29631
29534
29632
29535
29633
29536
29634
29537
29635
29538
29636
29539
29637
29540
29638
29541
29639
29542
29640
29543
29641
29544
29642
29545
29643
29546
29644
29547
29645
29548
29646
29549
29647
29550
29648
29551
29649
29552
29650
29553
29651
29554
29652
29555
29653
29556
29654
29557
29655
29558
29656
29559
29657
29560
29658
29561
29659
29562
29660
29563
29661
29564
29662
29565
29663
29566
29664
29567
29665
29568
29666
29569
29667
29570
29668
29571
29669
29572
29670
29573
29671
29574
29672
29575
29673
29576
29674
29577
29675
29578
29676
29579
29677
29580
29678
29581
29679
29582
29680
29583
29681
29584
29682
29585
29683
29586
29684
29587
29685
29588
29686
29589
29687
29590
29688
29591
29689
29592
29690
29593
29691
29594
29692
29595
29693
29596
29694
29597
29695
29598
29696
29599
29697
29600
29698
29699
29602
29700
34676
29603
29701
29604
29702
29605
29703
29606
29704
29607
29705
29608
29706
29609
29707
29610
29708
29611
29709
29612
29710
29613
29711
29614
29712
29615
29713
29616
29714
29617
29715
29618
29716
29619
29717
29620
29718
29621
29719
29622
29720
29623
29721
29624
29722
29625
29723
29626
29724
29627
29725
29628
29726
29629
29727
29630
29728
29631
29729
29632
29730
29633
29731
29634
29732
29635
29733
29636
29734
29637
29735
29638
29736
29639
29737
29640
29738
29641
29739
29642
29740
29643
29741
29644
29742
29645
29743
29646
29744
29647
29745
29648
29746
29649
29747
29650
29748
29651
29749
29652
29750
29653
29751
29654
29752
29655
29753
29656
29754
29657
29755
29658
29756
29659
29757
29660
29758
29661
29759
29662
29760
29663
29761
29664
29762
29665
29763
29666
29764
29667
29765
29668
29766
29669
29767
29670
29768
29671
29769
29672
29770
29673
29771
29674
29772
29675
29773
29676
29774
29677
29775
29678
29776
29679
29777
29680
29778
29681
29779
29682
29780
29683
29781
29684
29782
29685
29783
29686
29784
29687
29785
29688
29786
29689
29787
29690
29788
29691
29789
29692
29790
29693
29791
29694
29792
29695
29793
29696
29794
29697
29795
29698
29796
29699
29797
29798
29701
29799
34587
29702
29800
29703
29801
29704
29802
29705
29803
29706
29804
29707
29805
29708
29806
29709
29807
29710
29808
29711
29809
29712
29810
29713
29811
29714
29812
29715
29813
29716
29814
29717
29815
29718
29816
29719
29817
29720
29818
29721
29819
29722
29820
29723
29821
29724
29822
29725
29823
29726
29824
29727
29825
29728
29826
29729
29827
29730
29828
29731
29829
29732
29830
29733
29831
29734
29832
29735
29833
29736
29834
29737
29835
29738
29836
29739
29837
29740
29838
29741
29839
29742
29840
29743
29841
29744
29842
29745
29843
29746
29844
29747
29845
29748
29846
29749
29847
29750
29848
29751
29849
29752
29850
29753
29851
29754
29852
29755
29853
29756
29854
29757
29855
29758
29856
29759
29857
29760
29858
29761
29859
29762
29860
29763
29861
29764
29862
29765
29863
29766
29864
29767
29865
29768
29866
29769
29867
29770
29868
29771
29869
29772
29870
29773
29871
29774
29872
29775
29873
29776
29874
29777
29875
29778
29876
29779
29877
29780
29878
29781
29879
29782
29880
29783
29881
29784
29882
29785
29883
29786
29884
29787
29885
29788
29886
29789
29887
29790
29888
29791
29889
29792
29890
29793
29891
29794
29892
29795
29893
29796
29894
29797
29895
29798
29896
29897
29800
29898
34498
29801
29899
29802
29900
29803
29901
29804
29902
29805
29903
29806
29904
29807
29905
29808
29906
29809
29907
29810
29908
29811
29909
29812
29910
29813
29911
29814
29912
29815
29913
29816
29914
29817
29915
29818
29916
29819
29917
29820
29918
29821
29919
29822
29920
29823
29921
29824
29922
29825
29923
29826
29924
29827
29925
29828
29926
29829
29927
29830
29928
29831
29929
29832
29930
29833
29931
29834
29932
29835
29933
29836
29934
29837
29935
29838
29936
29839
29937
29840
29938
29841
29939
29842
29940
29843
29941
29844
29942
29845
29943
29846
29944
29847
29945
29848
29946
29849
29947
29850
29948
29851
29949
29852
29950
29853
29951
29854
29952
29855
29953
29856
29954
29857
29955
29858
29956
29859
29957
29860
29958
29861
29959
29862
29960
29863
29961
29864
29962
29865
29963
29866
29964
29867
29965
29868
29966
29869
29967
29870
29968
29871
29969
29872
29970
29873
29971
29874
29972
29875
29973
29876
29974
29877
29975
29878
29976
29879
29977
29880
29978
29881
29979
29882
29980
29883
29981
29884
29982
29885
29983
29886
29984
29887
29985
29888
29986
29889
29987
29890
29988
29891
29989
29892
29990
29893
29991
29894
29992
29895
29993
29896
29994
29897
29995
29996
29899
29997
34409
29900
29998
29901
29999
29902
30000
29903
30001
29904
30002
29905
30003
29906
30004
29907
30005
29908
30006
29909
30007
29910
30008
29911
30009
29912
30010
29913
30011
29914
30012
29915
30013
29916
30014
29917
30015
29918
30016
29919
30017
29920
30018
29921
30019
29922
30020
29923
30021
29924
30022
29925
30023
29926
30024
29927
30025
29928
30026
29929
30027
29930
30028
29931
30029
29932
30030
29933
30031
29934
30032
29935
30033
29936
30034
29937
30035
29938
30036
29939
30037
29940
30038
29941
30039
29942
30040
29943
30041
29944
30042
29945
30043
29946
30044
29947
30045
29948
30046
29949
30047
29950
30048
29951
30049
29952
30050
29953
30051
29954
30052
29955
30053
29956
30054
29957
30055
29958
30056
29959
30057
29960
30058
29961
30059
29962
30060
29963
30061
29964
30062
29965
30063
29966
30064
29967
30065
29968
30066
29969
30067
29970
30068
29971
30069
29972
30070
29973
30071
29974
30072
29975
30073
29976
30074
29977
30075
29978
30076
29979
30077
29980
30078
29981
30079
29982
30080
29983
30081
29984
30082
29985
30083
29986
30084
29987
30085
29988
30086
29989
30087
29990
30088
29991
30089
29992
30090
29993
30091
29994
30092
29995
30093
29996
30094
30095
29998
30096
34320
29999
30097
30000
30098
30001
30099
30002
30100
30003
30101
30004
30102
30005
30103
30006
30104
30007
30105
30008
30106
30009
30107
30010
30108
30011
30109
30012
30110
30013
30111
30014
30112
30015
30113
30016
30114
30017
30115
30018
30116
30019
30117
30020
30118
30021
30119
30022
30120
30023
30121
30024
30122
30025
30123
30026
30124
30027
30125
30028
30126
30029
30127
30030
30128
30031
30129
30032
30130
30033
30131
30034
30132
30035
30133
30036
30134
30037
30135
30038
30136
30039
30137
30040
30138
30041
30139
30042
30140
30043
30141
30044
30142
30045
30143
30046
30144
30047
30145
30048
30146
30049
30147
30050
30148
30051
30149
30052
30150
30053
30151
30054
30152
30055
30153
30056
30154
30057
30155
30058
30156
30059
30157
30060
30158
30061
30159
30062
30160
30063
30161
30064
30162
30065
30163
30066
30164
30067
30165
30068
30166
30069
30167
30070
30168
30071
30169
30072
30170
30073
30171
30074
30172
30075
30173
30076
30174
30077
30175
30078
30176
30079
30177
30080
30178
30081
30179
30082
30180
30083
30181
30084
30182
30085
30183
30086
30184
30087
30185
30088
30186
30089
30187
30090
30188
30091
30189
30092
30190
30093
30191
30094
30192
30095
30193
30194
30097
30195
34231
30098
30196
30099
30197
30100
30198
30101
30199
30102
30200
30103
30201
30104
30202
30105
30203
30106
30204
30107
30205
30108
30206
30109
30207
30110
30208
30111
30209
30112
30210
30113
30211
30114
30212
30115
30213
30116
30214
30117
30215
30118
30216
30119
30217
30120
30218
30121
30219
30122
30220
30123
30221
30124
30222
30125
30223
30126
30224
30127
30225
30128
30226
30129
30227
30130
30228
30131
30229
30132
30230
30133
30231
30134
30232
30135
30233
30136
30234
30137
30235
30138
30236
30139
30237
30140
30238
30141
30239
30142
30240
30143
30241
30144
30242
30145
30243
30146
30244
30147
30245
30148
30246
30149
30247
30150
30248
30151
30249
30152
30250
30153
30251
30154
30252
30155
30253
30156
30254
30157
30255
30158
30256
30159
30257
30160
30258
30161
30259
30162
30260
30163
30261
30164
30262
30165
30263
30166
30264
30167
30265
30168
30266
30169
30267
30170
30268
30171
30269
30172
30270
30173
30271
30174
30272
30175
30273
30176
30274
30177
30275
30178
30276
30179
30277
30180
30278
30181
30279
30182
30280
30183
30281
30184
30282
30185
30283
30186
30284
30187
30285
30188
30286
30189
30287
30190
30288
30191
30289
30192
30290
30193
30291
30194
30292
30293
30196
30294
34142
30197
30295
30198
30296
30199
30297
30200
30298
30201
30299
30202
30300
30203
30301
30204
30302
30205
30303
30206
30304
30207
30305
30208
30306
30209
30307
30210
30308
30211
30309
30212
30310
30213
30311
30214
30312
30215
30313
30216
30314
30217
30315
30218
30316
30219
30317
30220
30318
30221
30319
30222
30320
30223
30321
30224
30322
30225
30323
30226
30324
30227
30325
30228
30326
30229
30327
30230
30328
30231
30329
30232
30330
30233
30331
30234
30332
30235
30333
30236
30334
30237
30335
30238
30336
30239
30337
30240
30338
30241
30339
30242
30340
30243
30341
30244
30342
30245
30343
30246
30344
30247
30345
30248
30346
30249
30347
30250
30348
30251
30349
30252
30350
30253
30351
30254
30352
30255
30353
30256
30354
30257
30355
30258
30356
30259
30357
30260
30358
30261
30359
30262
30360
30263
30361
30264
30362
30265
30363
30266
30364
30267
30365
30268
30366
30269
30367
30270
30368
30271
30369
30272
30370
30273
30371
30274
30372
30275
30373
30276
30374
30277
30375
30278
30376
30279
30377
30280
30378
30281
30379
30282
30380
30283
30381
30284
30382
30285
30383
30286
30384
30287
30385
30288
30386
30289
30387
30290
30388
30291
30389
30292
30390
30293
30391
30392
30295
30393
34053
30296
30394
30297
30395
30298
30396
30299
30397
30300
30398
30301
30399
30302
30400
30303
30401
30304
30402
30305
30403
30306
30404
30307
30405
30308
30406
30309
30407
30310
30408
30311
30409
30312
30410
30313
30411
30314
30412
30315
30413
30316
30414
30317
30415
30318
30416
30319
30417
30320
30418
30321
30419
30322
30420
30323
30421
30324
30422
30325
30423
30326
30424
30327
30425
30328
30426
30329
30427
30330
30428
30331
30429
30332
30430
30333
30431
30334
30432
30335
30433
30336
30434
30337
30435
30338
30436
30339
30437
30340
30438
30341
30439
30342
30440
30343
30441
30344
30442
30345
30443
30346
30444
30347
30445
30348
30446
30349
30447
30350
30448
30351
30449
30352
30450
30353
30451
30354
30452
30355
30453
30356
30454
30357
30455
30358
30456
30359
30457
30360
30458
30361
30459
30362
30460
30363
30461
30364
30462
30365
30463
30366
30464
30367
30465
30368
30466
30369
30467
30370
30468
30371
30469
30372
30470
30373
30471
30374
30472
30375
30473
30376
30474
30377
30475
30378
30476
30379
30477
30380
30478
30381
30479
30382
30480
30383
30481
30384
30482
30385
30483
30386
30484
30387
30485
30388
30486
30389
30487
30390
30488
30391
30489
30392
30490
30491
30394
30492
33964
30395
30493
30396
30494
30397
30495
30398
30496
30399
30497
30400
30498
30401
30499
30402
30500
30403
30501
30404
30502
30405
30503
30406
30504
30407
30505
30408
30506
30409
30507
30410
30508
30411
30509
30412
30510
30413
30511
30414
30512
30415
30513
30416
30514
30417
30515
30418
30516
30419
30517
30420
30518
30421
30519
30422
30520
30423
30521
30424
30522
30425
30523
30426
30524
30427
30525
30428
30526
30429
30527
30430
30528
30431
30529
30432
30530
30433
30531
30434
30532
30435
30533
30436
30534
30437
30535
30438
30536
30439
30537
30440
30538
30441
30539
30442
30540
30443
30541
30444
30542
30445
30543
30446
30544
30447
30545
30448
30546
30449
30547
30450
30548
30451
30549
30452
30550
30453
30551
30454
30552
30455
30553
30456
30554
30457
30555
30458
30556
30459
30557
30460
30558
30461
30559
30462
30560
30463
30561
30464
30562
30465
30563
30466
30564
30467
30565
30468
30566
30469
30567
30470
30568
30471
30569
30472
30570
30473
30571
30474
30572
30475
30573
30476
30574
30477
30575
30478
30576
30479
30577
30480
30578
30481
30579
30482
30580
30483
30581
30484
30582
30485
30583
30486
30584
30487
30585
30488
30586
30489
30587
30490
30588
30491
30589
30590
30493
30591
33875
30494
30592
30495
30593
30496
30594
30497
30595
30498
30596
30499
30597
30500
30598
30501
30599
30502
30600
30503
30601
30504
30602
30505
30603
30506
30604
30507
30605
30508
30606
30509
30607
30510
30608
30511
30609
30512
30610
30513
30611
30514
30612
30515
30613
30516
30614
30517
30615
30518
30616
30519
30617
30520
30618
30521
30619
30522
30620
30523
30621
30524
30622
30525
30623
30526
30624
30527
30625
30528
30626
30529
30627
30530
30628
30531
30629
30532
30630
30533
30631
30534
30632
30535
30633
30536
30634
30537
30635
30538
30636
30539
30637
30540
30638
30541
30639
30542
30640
30543
30641
30544
30642
30545
30643
30546
30644
30547
30645
30548
30646
30549
30647
30550
30648
30551
30649
30552
30650
30553
30651
30554
30652
30555
30653
30556
30654
30557
30655
30558
30656
30559
30657
30560
30658
30561
30659
30562
30660
30563
30661
30564
30662
30565
30663
30566
30664
30567
30665
30568
30666
30569
30667
30570
30668
30571
30669
30572
30670
30573
30671
30574
30672
30575
30673
30576
30674
30577
30675
30578
30676
30579
30677
30580
30678
30581
30679
30582
30680
30583
30681
30584
30682
30585
30683
30586
30684
30587
30685
30588
30686
30589
30687
30590
30688
30689
30592
30690
33786
30593
30691
30594
30692
30595
30693
30596
30694
30597
30695
30598
30696
30599
30697
30600
30698
30601
30699
30602
30700
30603
30701
30604
30702
30605
30703
30606
30704
30607
30705
30608
30706
30609
30707
30610
30708
30611
30709
30612
30710
30613
30711
30614
30712
30615
30713
30616
30714
30617
30715
30618
30716
30619
30717
30620
30718
30621
30719
30622
30720
30623
30721
30624
30722
30625
30723
30626
30724
30627
30725
30628
30726
30629
30727
30630
30728
30631
30729
30632
30730
30633
30731
30634
30732
30635
30733
30636
30734
30637
30735
30638
30736
30639
30737
30640
30738
30641
30739
30642
30740
30643
30741
30644
30742
30645
30743
30646
30744
30647
30745
30648
30746
30649
30747
30650
30748
30651
30749
30652
30750
30653
30751
30654
30752
30655
30753
30656
30754
30657
30755
30658
30756
30659
30757
30660
30758
30661
30759
30662
30760
30663
30761
30664
30762
30665
30763
30666
30764
30667
30765
30668
30766
30669
30767
30670
30768
30671
30769
30672
30770
30673
30771
30674
30772
30675
30773
30676
30774
30677
30775
30678
30776
30679
30777
30680
30778
30681
30779
30682
30780
30683
30781
30684
30782
30685
30783
30686
30784
30687
30785
30688
30786
30689
30787
30788
30691
30789
33697
30692
30790
30693
30791
30694
30792
30695
30793
30696
30794
30697
30795
30698
30796
30699
30797
30700
30798
30701
30799
30702
30800
30703
30801
30704
30802
30705
30803
30706
30804
30707
30805
30708
30806
30709
30807
30710
30808
30711
30809
30712
30810
30713
30811
30714
30812
30715
30813
30716
30814
30717
30815
30718
30816
30719
30817
30720
30818
30721
30819
30722
30820
30723
30821
30724
30822
30725
30823
30726
30824
30727
30825
30728
30826
30729
30827
30730
30828
30731
30829
30732
30830
30733
30831
30734
30832
30735
30833
30736
30834
30737
30835
30738
30836
30739
30837
30740
30838
30741
30839
30742
30840
30743
30841
30744
30842
30745
30843
30746
30844
30747
30845
30748
30846
30749
30847
30750
30848
30751
30849
30752
30850
30753
30851
30754
30852
30755
30853
30756
30854
30757
30855
30758
30856
30759
30857
30760
30858
30761
30859
30762
30860
30763
30861
30764
30862
30765
30863
30766
30864
30767
30865
30768
30866
30769
30867
30770
30868
30771
30869
30772
30870
30773
30871
30774
30872
30775
30873
30776
30874
30777
30875
30778
30876
30779
30877
30780
30878
30781
30879
30782
30880
30783
30881
30784
30882
30785
30883
30786
30884
30787
30885
30788
30886
30887
30790
30888
33608
30791
30889
30792
30890
30793
30891
30794
30892
30795
30893
30796
30894
30797
30895
30798
30896
30799
30897
30800
30898
30801
30899
30802
30900
30803
30901
30804
30902
30805
30903
30806
30904
30807
30905
30808
30906
30809
30907
30810
30908
30811
30909
30812
30910
30813
30911
30814
30912
30815
30913
30816
30914
30817
30915
30818
30916
30819
30917
30820
30918
30821
30919
30822
30920
30823
30921
30824
30922
30825
30923
30826
30924
30827
30925
30828
30926
30829
30927
30830
30928
30831
30929
30832
30930
30833
30931
30834
30932
30835
30933
30836
30934
30837
30935
30838
30936
30839
30937
30840
30938
30841
30939
30842
30940
30843
30941
30844
30942
30845
30943
30846
30944
30847
30945
30848
30946
30849
30947
30850
30948
30851
30949
30852
30950
30853
30951
30854
30952
30855
30953
30856
30954
30857
30955
30858
30956
30859
30957
30860
30958
30861
30959
30862
30960
30863
30961
30864
30962
30865
30963
30866
30964
30867
30965
30868
30966
30869
30967
30870
30968
30871
30969
30872
30970
30873
30971
30874
30972
30875
30973
30876
30974
30877
30975
30878
30976
30879
30977
30880
30978
30881
30979
30882
30980
30883
30981
30884
30982
30885
30983
30886
30984
30887
30985
30986
30889
30987
33519
30890
30988
30891
30989
30892
30990
30893
30991
30894
30992
30895
30993
30896
30994
30897
30995
30898
30996
30899
30997
30900
30998
30901
30999
30902
31000
30903
31001
30904
31002
30905
31003
30906
31004
30907
31005
30908
31006
30909
31007
30910
31008
30911
31009
30912
31010
30913
31011
30914
31012
30915
31013
30916
31014
30917
31015
30918
31016
30919
31017
30920
31018
30921
31019
30922
31020
30923
31021
30924
31022
30925
31023
30926
31024
30927
31025
30928
31026
30929
31027
30930
31028
30931
31029
30932
31030
30933
31031
30934
31032
30935
31033
30936
31034
30937
31035
30938
31036
30939
31037
30940
31038
30941
31039
30942
31040
30943
31041
30944
31042
30945
31043
30946
31044
30947
31045
30948
31046
30949
31047
30950
31048
30951
31049
30952
31050
30953
31051
30954
31052
30955
31053
30956
31054
30957
31055
30958
31056
30959
31057
30960
31058
30961
31059
30962
31060
30963
31061
30964
31062
30965
31063
30966
31064
30967
31065
30968
31066
30969
31067
30970
31068
30971
31069
30972
31070
30973
31071
30974
31072
30975
31073
30976
31074
30977
31075
30978
31076
30979
31077
30980
31078
30981
31079
30982
31080
30983
31081
30984
31082
30985
31083
30986
31084
31085
30988
31086
33430
30989
31087
30990
31088
30991
31089
30992
31090
30993
31091
30994
31092
30995
31093
30996
31094
30997
31095
30998
31096
30999
31097
31000
31098
31001
31099
31002
31100
31003
31101
31004
31102
31005
31103
31006
31104
31007
31105
31008
31106
31009
31107
31010
31108
31011
31109
31012
31110
31013
31111
31014
31112
31015
31113
31016
31114
31017
31115
31018
31116
31019
31117
31020
31118
31021
31119
31022
31120
31023
31121
31024
31122
31025
31123
31026
31124
31027
31125
31028
31126
31029
31127
31030
31128
31031
31129
31032
31130
31033
31131
31034
31132
31035
31133
31036
31134
31037
31135
31038
31136
31039
31137
31040
31138
31041
31139
31042
31140
31043
31141
31044
31142
31045
31143
31046
31144
31047
31145
31048
31146
31049
31147
31050
31148
31051
31149
31052
31150
31053
31151
31054
31152
31055
31153
31056
31154
31057
31155
31058
31156
31059
31157
31060
31158
31061
31159
31062
31160
31063
31161
31064
31162
31065
31163
31066
31164
31067
31165
31068
31166
31069
31167
31070
31168
31071
31169
31072
31170
31073
31171
31074
31172
31075
31173
31076
31174
31077
31175
31078
31176
31079
31177
31080
31178
31081
31179
31082
31180
31083
31181
31084
31182
31085
31183
31184
31087
31185
33341
31088
31186
31089
31187
31090
31188
31091
31189
31092
31190
31093
31191
31094
31192
31095
31193
31096
31194
31097
31195
31098
31196
31099
31197
31100
31198
31101
31199
31102
31200
31103
31201
31104
31202
31105
31203
31106
31204
31107
31205
31108
31206
31109
31207
31110
31208
31111
31209
31112
31210
31113
31211
31114
31212
31115
31213
31116
31214
31117
31215
31118
31216
31119
31217
31120
31218
31121
31219
31122
31220
31123
31221
31124
31222
31125
31223
31126
31224
31127
31225
31128
31226
31129
31227
31130
31228
31131
31229
31132
31230
31133
31231
31134
31232
31135
31233
31136
31234
31137
31235
31138
31236
31139
31237
31140
31238
31141
31239
31142
31240
31143
31241
31144
31242
31145
31243
31146
31244
31147
31245
31148
31246
31149
31247
31150
31248
31151
31249
31152
31250
31153
31251
31154
31252
31155
31253
31156
31254
31157
31255
31158
31256
31159
31257
31160
31258
31161
31259
31162
31260
31163
31261
31164
31262
31165
31263
31166
31264
31167
31265
31168
31266
31169
31267
31170
31268
31171
31269
31172
31270
31173
31271
31174
31272
31175
31273
31176
31274
31177
31275
31178
31276
31179
31277
31180
31278
31181
31279
31182
31280
31183
31281
31184
31282
31283
31186
31284
33252
31187
31285
31188
31286
31189
31287
31190
31288
31191
31289
31192
31290
31193
31291
31194
31292
31195
31293
31196
31294
31197
31295
31198
31296
31199
31297
31200
31298
31201
31299
31202
31300
31203
31301
31204
31302
31205
31303
31206
31304
31207
31305
31208
31306
31209
31307
31210
31308
31211
31309
31212
31310
31213
31311
31214
31312
31215
31313
31216
31314
31217
31315
31218
31316
31219
31317
31220
31318
31221
31319
31222
31320
31223
31321
31224
31322
31225
31323
31226
31324
31227
31325
31228
31326
31229
31327
31230
31328
31231
31329
31232
31330
31233
31331
31234
31332
31235
31333
31236
31334
31237
31335
31238
31336
31239
31337
31240
31338
31241
31339
31242
31340
31243
31341
31244
31342
31245
31343
31246
31344
31247
31345
31248
31346
31249
31347
31250
31348
31251
31349
31252
31350
31253
31351
31254
31352
31255
31353
31256
31354
31257
31355
31258
31356
31259
31357
31260
31358
31261
31359
31262
31360
31263
31361
31264
31362
31265
31363
31266
31364
31267
31365
31268
31366
31269
31367
31270
31368
31271
31369
31272
31370
31273
31371
31274
31372
31275
31373
31276
31374
31277
31375
31278
31376
31279
31377
31280
31378
31281
31379
31282
31380
31283
31381
31382
31285
31383
33163
31286
31384
31287
31385
31288
31386
31289
31387
31290
31388
31291
31389
31292
31390
31293
31391
31294
31392
31295
31393
31296
31394
31297
31395
31298
31396
31299
31397
31300
31398
31301
31399
31302
31400
31303
31401
31304
31402
31305
31403
31306
31404
31307
31405
31308
31406
31309
31407
31310
31408
31311
31409
31312
31410
31313
31411
31314
31412
31315
31413
31316
31414
31317
31415
31318
31416
31319
31417
31320
31418
31321
31419
31322
31420
31323
31421
31324
31422
31325
31423
31326
31424
31327
31425
31328
31426
31329
31427
31330
31428
31331
31429
31332
31430
31333
31431
31334
31432
31335
31433
31336
31434
31337
31435
31338
31436
31339
31437
31340
31438
31341
31439
31342
31440
31343
31441
31344
31442
31345
31443
31346
31444
31347
31445
31348
31446
31349
31447
31350
31448
31351
31449
31352
31450
31353
31451
31354
31452
31355
31453
31356
31454
31357
31455
31358
31456
31359
31457
31360
31458
31361
31459
31362
31460
31363
31461
31364
31462
31365
31463
31366
31464
31367
31465
31368
31466
31369
31467
31370
31468
31371
31469
31372
31470
31373
31471
31374
31472
31375
31473
31376
31474
31377
31475
31378
31476
31379
31477
31380
31478
31381
31479
31382
31480
31481
31384
31482
33074
31385
31483
31386
31484
31387
31485
31388
31486
31389
31487
31390
31488
31391
31489
31392
31490
31393
31491
31394
31492
31395
31493
31396
31494
31397
31495
31398
31496
31399
31497
31400
31498
31401
31499
31402
31500
31403
31501
31404
31502
31405
31503
31406
31504
31407
31505
31408
31506
31409
31507
31410
31508
31411
31509
31412
31510
31413
31511
31414
31512
31415
31513
31416
31514
31417
31515
31418
31516
31419
31517
31420
31518
31421
31519
31422
31520
31423
31521
31424
31522
31425
31523
31426
31524
31427
31525
31428
31526
31429
31527
31430
31528
31431
31529
31432
31530
31433
31531
31434
31532
31435
31533
31436
31534
31437
31535
31438
31536
31439
31537
31440
31538
31441
31539
31442
31540
31443
31541
31444
31542
31445
31543
31446
31544
31447
31545
31448
31546
31449
31547
31450
31548
31451
31549
31452
31550
31453
31551
31454
31552
31455
31553
31456
31554
31457
31555
31458
31556
31459
31557
31460
31558
31461
31559
31462
31560
31463
31561
31464
31562
31465
31563
31466
31564
31467
31565
31468
31566
31469
31567
31470
31568
31471
31569
31472
31570
31473
31571
31474
31572
31475
31573
31476
31574
31477
31575
31478
31576
31479
31577
31480
31578
31481
31579
31580
31483
31581
32985
31484
31582
31485
31583
31486
31584
31487
31585
31488
31586
31489
31587
31490
31588
31491
31589
31492
31590
31493
31591
31494
31592
31495
31593
31496
31594
31497
31595
31498
31596
31499
31597
31500
31598
31501
31599
31502
31600
31503
31601
31504
31602
31505
31603
31506
31604
31507
31605
31508
31606
31509
31607
31510
31608
31511
31609
31512
31610
31513
31611
31514
31612
31515
31613
31516
31614
31517
31615
31518
31616
31519
31617
31520
31618
31521
31619
31522
31620
31523
31621
31524
31622
31525
31623
31526
31624
31527
31625
31528
31626
31529
31627
31530
31628
31531
31629
31532
31630
31533
31631
31534
31632
31535
31633
31536
31634
31537
31635
31538
31636
31539
31637
31540
31638
31541
31639
31542
31640
31543
31641
31544
31642
31545
31643
31546
31644
31547
31645
31548
31646
31549
31647
31550
31648
31551
31649
31552
31650
31553
31651
31554
31652
31555
31653
31556
31654
31557
31655
31558
31656
31559
31657
31560
31658
31561
31659
31562
31660
31563
31661
31564
31662
31565
31663
31566
31664
31567
31665
31568
31666
31569
31667
31570
31668
31571
31669
31572
31670
31573
31671
31574
31672
31575
31673
31576
31674
31577
31675
31578
31676
31579
31677
31580
31678
31679
31582
31680
32896
31583
31681
31584
31682
31585
31683
31586
31684
31587
31685
31588
31686
31589
31687
31590
31688
31591
31689
31592
31690
31593
31691
31594
31692
31595
31693
31596
31694
31597
31695
31598
31696
31599
31697
31600
31698
31601
31699
31602
31700
31603
31701
31604
31702
31605
31703
31606
31704
31607
31705
31608
31706
31609
31707
31610
31708
31611
31709
31612
31710
31613
31711
31614
31712
31615
31713
31616
31714
31617
31715
31618
31716
31619
31717
31620
31718
31621
31719
31622
31720
31623
31721
31624
31722
31625
31723
31626
31724
31627
31725
31628
31726
31629
31727
31630
31728
31631
31729
31632
31730
31633
31731
31634
31732
31635
31733
31636
31734
31637
31735
31638
31736
31639
31737
31640
31738
31641
31739
31642
31740
31643
31741
31644
31742
31645
31743
31646
31744
31647
31745
31648
31746
31649
31747
31650
31748
31651
31749
31652
31750
31653
31751
31654
31752
31655
31753
31656
31754
31657
31755
31658
31756
31659
31757
31660
31758
31661
31759
31662
31760
31663
31761
31664
31762
31665
31763
31666
31764
31667
31765
31668
31766
31669
31767
31670
31768
31671
31769
31672
31770
31673
31771
31674
31772
31675
31773
31676
31774
31677
31775
31678
31776
31679
31777
31778
31681
31779
32807
31682
31780
31683
31781
31684
31782
31685
31783
31686
31784
31687
31785
31688
31786
31689
31787
31690
31788
31691
31789
31692
31790
31693
31791
31694
31792
31695
31793
31696
31794
31697
31795
31698
31796
31699
31797
31700
31798
31701
31799
31702
31800
31703
31801
31704
31802
31705
31803
31706
31804
31707
31805
31708
31806
31709
31807
31710
31808
31711
31809
31712
31810
31713
31811
31714
31812
31715
31813
31716
31814
31717
31815
31718
31816
31719
31817
31720
31818
31721
31819
31722
31820
31723
31821
31724
31822
31725
31823
31726
31824
31727
31825
31728
31826
31729
31827
31730
31828
31731
31829
31732
31830
31733
31831
31734
31832
31735
31833
31736
31834
31737
31835
31738
31836
31739
31837
31740
31838
31741
31839
31742
31840
31743
31841
31744
31842
31745
31843
31746
31844
31747
31845
31748
31846
31749
31847
31750
31848
31751
31849
31752
31850
31753
31851
31754
31852
31755
31853
31756
31854
31757
31855
31758
31856
31759
31857
31760
31858
31761
31859
31762
31860
31763
31861
31764
31862
31765
31863
31766
31864
31767
31865
31768
31866
31769
31867
31770
31868
31771
31869
31772
31870
31773
31871
31774
31872
31775
31873
31776
31874
31777
31875
31778
31876
31877
31780
31878
32718
31781
31879
31782
31880
31783
31881
31784
31882
31785
31883
31786
31884
31787
31885
31788
31886
31789
31887
31790
31888
31791
31889
31792
31890
31793
31891
31794
31892
31795
31893
31796
31894
31797
31895
31798
31896
31799
31897
31800
31898
31801
31899
31802
31900
31803
31901
31804
31902
31805
31903
31806
31904
31807
31905
31808
31906
31809
31907
31810
31908
31811
31909
31812
31910
31813
31911
31814
31912
31815
31913
31816
31914
31817
31915
31818
31916
31819
31917
31820
31918
31821
31919
31822
31920
31823
31921
31824
31922
31825
31923
31826
31924
31827
31925
31828
31926
31829
31927
31830
31928
31831
31929
31832
31930
31833
31931
31834
31932
31835
31933
31836
31934
31837
31935
31838
31936
31839
31937
31840
31938
31841
31939
31842
31940
31843
31941
31844
31942
31845
31943
31846
31944
31847
31945
31848
31946
31849
31947
31850
31948
31851
31949
31852
31950
31853
31951
31854
31952
31855
31953
31856
31954
31857
31955
31858
31956
31859
31957
31860
31958
31861
31959
31862
31960
31863
31961
31864
31962
31865
31963
31866
31964
31867
31965
31868
31966
31869
31967
31870
31968
31871
31969
31872
31970
31873
31971
31874
31972
31875
31973
31876
31974
31877
31975
31976
31879
31977
32629
31880
31978
31881
31979
31882
31980
31883
31981
31884
31982
31885
31983
31886
31984
31887
31985
31888
31986
31889
31987
31890
31988
31891
31989
31892
31990
31893
31991
31894
31992
31895
31993
31896
31994
31897
31995
31898
31996
31899
31997
31900
31998
31901
31999
31902
32000
31903
32001
31904
32002
31905
32003
31906
32004
31907
32005
31908
32006
31909
32007
31910
32008
31911
32009
31912
32010
31913
32011
31914
32012
31915
32013
31916
32014
31917
32015
31918
32016
31919
32017
31920
32018
31921
32019
31922
32020
31923
32021
31924
32022
31925
32023
31926
32024
31927
32025
31928
32026
31929
32027
31930
32028
31931
32029
31932
32030
31933
32031
31934
32032
31935
32033
31936
32034
31937
32035
31938
32036
31939
32037
31940
32038
31941
32039
31942
32040
31943
32041
31944
32042
31945
32043
31946
32044
31947
32045
31948
32046
31949
32047
31950
32048
31951
32049
31952
32050
31953
32051
31954
32052
31955
32053
31956
32054
31957
32055
31958
32056
31959
32057
31960
32058
31961
32059
31962
32060
31963
32061
31964
32062
31965
32063
31966
32064
31967
32065
31968
32066
31969
32067
31970
32068
31971
32069
31972
32070
31973
32071
31974
32072
31975
32073
31976
32074
32075
31978
32076
32540
31979
32077
31980
32078
31981
32079
31982
32080
31983
32081
31984
32082
31985
32083
31986
32084
31987
32085
31988
32086
31989
32087
31990
32088
31991
32089
31992
32090
31993
32091
31994
32092
31995
32093
31996
32094
31997
32095
31998
32096
31999
32097
32000
32098
32001
32099
32002
32100
32003
32101
32004
32102
32005
32103
32006
32104
32007
32105
32008
32106
32009
32107
32010
32108
32011
32109
32012
32110
32013
32111
32014
32112
32015
32113
32016
32114
32017
32115
32018
32116
32019
32117
32020
32118
32021
32119
32022
32120
32023
32121
32024
32122
32025
32123
32026
32124
32027
32125
32028
32126
32029
32127
32030
32128
32031
32129
32032
32130
32033
32131
32034
32132
32035
32133
32036
32134
32037
32135
32038
32136
32039
32137
32040
32138
32041
32139
32042
32140
32043
32141
32044
32142
32045
32143
32046
32144
32047
32145
32048
32146
32049
32147
32050
32148
32051
32149
32052
32150
32053
32151
32054
32152
32055
32153
32056
32154
32057
32155
32058
32156
32059
32157
32060
32158
32061
32159
32062
32160
32063
32161
32064
32162
32065
32163
32066
32164
32067
32165
32068
32166
32069
32167
32070
32168
32071
32169
32072
32170
32073
32171
32074
32172
32075
32173
32174
32077
32175
32451
32078
32176
32079
32177
32080
32178
32081
32179
32082
32180
32083
32181
32084
32182
32085
32183
32086
32184
32087
32185
32088
32186
32089
32187
32090
32188
32091
32189
32092
32190
32093
32191
32094
32192
32095
32193
32096
32194
32097
32195
32098
32196
32099
32197
32100
32198
32101
32199
32102
32200
32103
32201
32104
32202
32105
32203
32106
32204
32107
32205
32108
32206
32109
32207
32110
32208
32111
32209
32112
32210
32113
32211
32114
32212
32115
32213
32116
32214
32117
32215
32118
32216
32119
32217
32120
32218
32121
32219
32122
32220
32123
32221
32124
32222
32125
32223
32126
32224
32127
32225
32128
32226
32129
32227
32130
32228
32131
32229
32132
32230
32133
32231
32134
32232
32135
32233
32136
32234
32137
32235
32138
32236
32139
32237
32140
32238
32141
32239
32142
32240
32143
32241
32144
32242
32145
32243
32146
32244
32147
32245
32148
32246
32149
32247
32150
32248
32151
32249
32152
32250
32153
32251
32154
32252
32155
32253
32156
32254
32157
32255
32158
32256
32159
32257
32160
32258
32161
32259
32162
32260
32163
32261
32164
32262
32165
32263
32166
32264
32167
32265
32168
32266
32169
32267
32170
32268
32171
32269
32172
32270
32173
32271
32174
32272
32273
32176
32362
32177
32178
32179
32180
32181
32182
32183
32184
32185
32186
32187
32188
32189
32190
32191
32192
32193
32194
32195
32196
32197
32198
32199
32200
32201
32202
32203
32204
32205
32206
32207
32208
32209
32210
32211
32212
32213
32214
32215
32216
32217
32218
32219
32220
32221
32222
32223
32224
32225
32226
32227
32228
32229
32230
32231
32232
32233
32234
32235
32236
32237
32238
32239
32240
32241
32242
32243
32244
32245
32246
32247
32248
32249
32250
32251
32252
32253
32254
32255
32256
32257
32258
32259
32260
32261
32262
32263
32264
32265
32266
32267
32268
32269
32270
32271
32272
32273
32275
32363
32276
32364
32277
32365
32278
32366
32279
32367
32280
32368
32281
32369
32282
32370
32283
32371
32284
32372
32285
32373
32286
32374
32287
32375
32288
32376
32289
32377
32290
32378
32291
32379
32292
32380
32293
32381
32294
32382
32295
32383
32296
32384
32297
32385
32298
32386
32299
32387
32300
32388
32301
32389
32302
32390
32303
32391
32304
32392
32305
32393
32306
32394
32307
32395
32308
32396
32309
32397
32310
32398
32311
32399
32312
32400
32313
32401
32314
32402
32315
32403
32316
32404
32317
32405
32318
32406
32319
32407
32320
32408
32321
32409
32322
32410
32323
32411
32324
32412
32325
32413
32326
32414
32327
32415
32328
32416
32329
32417
32330
32418
32331
32419
32332
32420
32333
32421
32334
32422
32335
32423
32336
32424
32337
32425
32338
32426
32339
32427
32340
32428
32341
32429
32342
32430
32343
32431
32344
32432
32345
32433
32346
32434
32347
32435
32348
32436
32349
32437
32350
32438
32351
32439
32352
32440
32353
32441
32354
32442
32355
32443
32356
32444
32357
32445
32358
32446
32359
32447
32360
32448
32361
32449
32362
32450
32451
32364
32452
32365
32453
32366
32454
32367
32455
32368
32456
32369
32457
32370
32458
32371
32459
32372
32460
32373
32461
32374
32462
32375
32463
32376
32464
32377
32465
32378
32466
32379
32467
32380
32468
32381
32469
32382
32470
32383
32471
32384
32472
32385
32473
32386
32474
32387
32475
32388
32476
32389
32477
32390
32478
32391
32479
32392
32480
32393
32481
32394
32482
32395
32483
32396
32484
32397
32485
32398
32486
32399
32487
32400
32488
32401
32489
32402
32490
32403
32491
32404
32492
32405
32493
32406
32494
32407
32495
32408
32496
32409
32497
32410
32498
32411
32499
32412
32500
32413
32501
32414
32502
32415
32503
32416
32504
32417
32505
32418
32506
32419
32507
32420
32508
32421
32509
32422
32510
32423
32511
32424
32512
32425
32513
32426
32514
32427
32515
32428
32516
32429
32517
32430
32518
32431
32519
32432
32520
32433
32521
32434
32522
32435
32523
32436
32524
32437
32525
32438
32526
32439
32527
32440
32528
32441
32529
32442
32530
32443
32531
32444
32532
32445
32533
32446
32534
32447
32535
32448
32536
32449
32537
32450
32538
32451
32539
32540
32453
32541
32454
32542
32455
32543
32456
32544
32457
32545
32458
32546
32459
32547
32460
32548
32461
32549
32462
32550
32463
32551
32464
32552
32465
32553
32466
32554
32467
32555
32468
32556
32469
32557
32470
32558
32471
32559
32472
32560
32473
32561
32474
32562
32475
32563
32476
32564
32477
32565
32478
32566
32479
32567
32480
32568
32481
32569
32482
32570
32483
32571
32484
32572
32485
32573
32486
32574
32487
32575
32488
32576
32489
32577
32490
32578
32491
32579
32492
32580
32493
32581
32494
32582
32495
32583
32496
32584
32497
32585
32498
32586
32499
32587
32500
32588
32501
32589
32502
32590
32503
32591
32504
32592
32505
32593
32506
32594
32507
32595
32508
32596
32509
32597
32510
32598
32511
32599
32512
32600
32513
32601
32514
32602
32515
32603
32516
32604
32517
32605
32518
32606
32519
32607
32520
32608
32521
32609
32522
32610
32523
32611
32524
32612
32525
32613
32526
32614
32527
32615
32528
32616
32529
32617
32530
32618
32531
32619
32532
32620
32533
32621
32534
32622
32535
32623
32536
32624
32537
32625
32538
32626
32539
32627
32540
32628
32629
32542
32630
32543
32631
32544
32632
32545
32633
32546
32634
32547
32635
32548
32636
32549
32637
32550
32638
32551
32639
32552
32640
32553
32641
32554
32642
32555
32643
32556
32644
32557
32645
32558
32646
32559
32647
32560
32648
32561
32649
32562
32650
32563
32651
32564
32652
32565
32653
32566
32654
32567
32655
32568
32656
32569
32657
32570
32658
32571
32659
32572
32660
32573
32661
32574
32662
32575
32663
32576
32664
32577
32665
32578
32666
32579
32667
32580
32668
32581
32669
32582
32670
32583
32671
32584
32672
32585
32673
32586
32674
32587
32675
32588
32676
32589
32677
32590
32678
32591
32679
32592
32680
32593
32681
32594
32682
32595
32683
32596
32684
32597
32685
32598
32686
32599
32687
32600
32688
32601
32689
32602
32690
32603
32691
32604
32692
32605
32693
32606
32694
32607
32695
32608
32696
32609
32697
32610
32698
32611
32699
32612
32700
32613
32701
32614
32702
32615
32703
32616
32704
32617
32705
32618
32706
32619
32707
32620
32708
32621
32709
32622
32710
32623
32711
32624
32712
32625
32713
32626
32714
32627
32715
32628
32716
32629
32717
32718
32631
32719
32632
32720
32633
32721
32634
32722
32635
32723
32636
32724
32637
32725
32638
32726
32639
32727
32640
32728
32641
32729
32642
32730
32643
32731
32644
32732
32645
32733
32646
32734
32647
32735
32648
32736
32649
32737
32650
32738
32651
32739
32652
32740
32653
32741
32654
32742
32655
32743
32656
32744
32657
32745
32658
32746
32659
32747
32660
32748
32661
32749
32662
32750
32663
32751
32664
32752
32665
32753
32666
32754
32667
32755
32668
32756
32669
32757
32670
32758
32671
32759
32672
32760
32673
32761
32674
32762
32675
32763
32676
32764
32677
32765
32678
32766
32679
32767
32680
32768
32681
32769
32682
32770
32683
32771
32684
32772
32685
32773
32686
32774
32687
32775
32688
32776
32689
32777
32690
32778
32691
32779
32692
32780
32693
32781
32694
32782
32695
32783
32696
32784
32697
32785
32698
32786
32699
32787
32700
32788
32701
32789
32702
32790
32703
32791
32704
32792
32705
32793
32706
32794
32707
32795
32708
32796
32709
32797
32710
32798
32711
32799
32712
32800
32713
32801
32714
32802
32715
32803
32716
32804
32717
32805
32718
32806
32807
32720
32808
32721
32809
32722
32810
32723
32811
32724
32812
32725
32813
32726
32814
32727
32815
32728
32816
32729
32817
32730
32818
32731
32819
32732
32820
32733
32821
32734
32822
32735
32823
32736
32824
32737
32825
32738
32826
32739
32827
32740
32828
32741
32829
32742
32830
32743
32831
32744
32832
32745
32833
32746
32834
32747
32835
32748
32836
32749
32837
32750
32838
32751
32839
32752
32840
32753
32841
32754
32842
32755
32843
32756
32844
32757
32845
32758
32846
32759
32847
32760
32848
32761
32849
32762
32850
32763
32851
32764
32852
32765
32853
32766
32854
32767
32855
32768
32856
32769
32857
32770
32858
32771
32859
32772
32860
32773
32861
32774
32862
32775
32863
32776
32864
32777
32865
32778
32866
32779
32867
32780
32868
32781
32869
32782
32870
32783
32871
32784
32872
32785
32873
32786
32874
32787
32875
32788
32876
32789
32877
32790
32878
32791
32879
32792
32880
32793
32881
32794
32882
32795
32883
32796
32884
32797
32885
32798
32886
32799
32887
32800
32888
32801
32889
32802
32890
32803
32891
32804
32892
32805
32893
32806
32894
32807
32895
32896
32809
32897
32810
32898
32811
32899
32812
32900
32813
32901
32814
32902
32815
32903
32816
32904
32817
32905
32818
32906
32819
32907
32820
32908
32821
32909
32822
32910
32823
32911
32824
32912
32825
32913
32826
32914
32827
32915
32828
32916
32829
32917
32830
32918
32831
32919
32832
32920
32833
32921
32834
32922
32835
32923
32836
32924
32837
32925
32838
32926
32839
32927
32840
32928
32841
32929
32842
32930
32843
32931
32844
32932
32845
32933
32846
32934
32847
32935
32848
32936
32849
32937
32850
32938
32851
32939
32852
32940
32853
32941
32854
32942
32855
32943
32856
32944
32857
32945
32858
32946
32859
32947
32860
32948
32861
32949
32862
32950
32863
32951
32864
32952
32865
32953
32866
32954
32867
32955
32868
32956
32869
32957
32870
32958
32871
32959
32872
32960
32873
32961
32874
32962
32875
32963
32876
32964
32877
32965
32878
32966
32879
32967
32880
32968
32881
32969
32882
32970
32883
32971
32884
32972
32885
32973
32886
32974
32887
32975
32888
32976
32889
32977
32890
32978
32891
32979
32892
32980
32893
32981
32894
32982
32895
32983
32896
32984
32985
32898
32986
32899
32987
32900
32988
32901
32989
32902
32990
32903
32991
32904
32992
32905
32993
32906
32994
32907
32995
32908
32996
32909
32997
32910
32998
32911
32999
32912
33000
32913
33001
32914
33002
32915
33003
32916
33004
32917
33005
32918
33006
32919
33007
32920
33008
32921
33009
32922
33010
32923
33011
32924
33012
32925
33013
32926
33014
32927
33015
32928
33016
32929
33017
32930
33018
32931
33019
32932
33020
32933
33021
32934
33022
32935
33023
32936
33024
32937
33025
32938
33026
32939
33027
32940
33028
32941
33029
32942
33030
32943
33031
32944
33032
32945
33033
32946
33034
32947
33035
32948
33036
32949
33037
32950
33038
32951
33039
32952
33040
32953
33041
32954
33042
32955
33043
32956
33044
32957
33045
32958
33046
32959
33047
32960
33048
32961
33049
32962
33050
32963
33051
32964
33052
32965
33053
32966
33054
32967
33055
32968
33056
32969
33057
32970
33058
32971
33059
32972
33060
32973
33061
32974
33062
32975
33063
32976
33064
32977
33065
32978
33066
32979
33067
32980
33068
32981
33069
32982
33070
32983
33071
32984
33072
32985
33073
33074
32987
33075
32988
33076
32989
33077
32990
33078
32991
33079
32992
33080
32993
33081
32994
33082
32995
33083
32996
33084
32997
33085
32998
33086
32999
33087
33000
33088
33001
33089
33002
33090
33003
33091
33004
33092
33005
33093
33006
33094
33007
33095
33008
33096
33009
33097
33010
33098
33011
33099
33012
33100
33013
33101
33014
33102
33015
33103
33016
33104
33017
33105
33018
33106
33019
33107
33020
33108
33021
33109
33022
33110
33023
33111
33024
33112
33025
33113
33026
33114
33027
33115
33028
33116
33029
33117
33030
33118
33031
33119
33032
33120
33033
33121
33034
33122
33035
33123
33036
33124
33037
33125
33038
33126
33039
33127
33040
33128
33041
33129
33042
33130
33043
33131
33044
33132
33045
33133
33046
33134
33047
33135
33048
33136
33049
33137
33050
33138
33051
33139
33052
33140
33053
33141
33054
33142
33055
33143
33056
33144
33057
33145
33058
33146
33059
33147
33060
33148
33061
33149
33062
33150
33063
33151
33064
33152
33065
33153
33066
33154
33067
33155
33068
33156
33069
33157
33070
33158
33071
33159
33072
33160
33073
33161
33074
33162
33163
33076
33164
33077
33165
33078
33166
33079
33167
33080
33168
33081
33169
33082
33170
33083
33171
33084
33172
33085
33173
33086
33174
33087
33175
33088
33176
33089
33177
33090
33178
33091
33179
33092
33180
33093
33181
33094
33182
33095
33183
33096
33184
33097
33185
33098
33186
33099
33187
33100
33188
33101
33189
33102
33190
33103
33191
33104
33192
33105
33193
33106
33194
33107
33195
33108
33196
33109
33197
33110
33198
33111
33199
33112
33200
33113
33201
33114
33202
33115
33203
33116
33204
33117
33205
33118
33206
33119
33207
33120
33208
33121
33209
33122
33210
33123
33211
33124
33212
33125
33213
33126
33214
33127
33215
33128
33216
33129
33217
33130
33218
33131
33219
33132
33220
33133
33221
33134
33222
33135
33223
33136
33224
33137
33225
33138
33226
33139
33227
33140
33228
33141
33229
33142
33230
33143
33231
33144
33232
33145
33233
33146
33234
33147
33235
33148
33236
33149
33237
33150
33238
33151
33239
33152
33240
33153
33241
33154
33242
33155
33243
33156
33244
33157
33245
33158
33246
33159
33247
33160
33248
33161
33249
33162
33250
33163
33251
33252
33165
33253
33166
33254
33167
33255
33168
33256
33169
33257
33170
33258
33171
33259
33172
33260
33173
33261
33174
33262
33175
33263
33176
33264
33177
33265
33178
33266
33179
33267
33180
33268
33181
33269
33182
33270
33183
33271
33184
33272
33185
33273
33186
33274
33187
33275
33188
33276
33189
33277
33190
33278
33191
33279
33192
33280
33193
33281
33194
33282
33195
33283
33196
33284
33197
33285
33198
33286
33199
33287
33200
33288
33201
33289
33202
33290
33203
33291
33204
33292
33205
33293
33206
33294
33207
33295
33208
33296
33209
33297
33210
33298
33211
33299
33212
33300
33213
33301
33214
33302
33215
33303
33216
33304
33217
33305
33218
33306
33219
33307
33220
33308
33221
33309
33222
33310
33223
33311
33224
33312
33225
33313
33226
33314
33227
33315
33228
33316
33229
33317
33230
33318
33231
33319
33232
33320
33233
33321
33234
33322
33235
33323
33236
33324
33237
33325
33238
33326
33239
33327
33240
33328
33241
33329
33242
33330
33243
33331
33244
33332
33245
33333
33246
33334
33247
33335
33248
33336
33249
33337
33250
33338
33251
33339
33252
33340
33341
33254
33342
33255
33343
33256
33344
33257
33345
33258
33346
33259
33347
33260
33348
33261
33349
33262
33350
33263
33351
33264
33352
33265
33353
33266
33354
33267
33355
33268
33356
33269
33357
33270
33358
33271
33359
33272
33360
33273
33361
33274
33362
33275
33363
33276
33364
33277
33365
33278
33366
33279
33367
33280
33368
33281
33369
33282
33370
33283
33371
33284
33372
33285
33373
33286
33374
33287
33375
33288
33376
33289
33377
33290
33378
33291
33379
33292
33380
33293
33381
33294
33382
33295
33383
33296
33384
33297
33385
33298
33386
33299
33387
33300
33388
33301
33389
33302
33390
33303
33391
33304
33392
33305
33393
33306
33394
33307
33395
33308
33396
33309
33397
33310
33398
33311
33399
33312
33400
33313
33401
33314
33402
33315
33403
33316
33404
33317
33405
33318
33406
33319
33407
33320
33408
33321
33409
33322
33410
33323
33411
33324
33412
33325
33413
33326
33414
33327
33415
33328
33416
33329
33417
33330
33418
33331
33419
33332
33420
33333
33421
33334
33422
33335
33423
33336
33424
33337
33425
33338
33426
33339
33427
33340
33428
33341
33429
33430
33343
33431
33344
33432
33345
33433
33346
33434
33347
33435
33348
33436
33349
33437
33350
33438
33351
33439
33352
33440
33353
33441
33354
33442
33355
33443
33356
33444
33357
33445
33358
33446
33359
33447
33360
33448
33361
33449
33362
33450
33363
33451
33364
33452
33365
33453
33366
33454
33367
33455
33368
33456
33369
33457
33370
33458
33371
33459
33372
33460
33373
33461
33374
33462
33375
33463
33376
33464
33377
33465
33378
33466
33379
33467
33380
33468
33381
33469
33382
33470
33383
33471
33384
33472
33385
33473
33386
33474
33387
33475
33388
33476
33389
33477
33390
33478
33391
33479
33392
33480
33393
33481
33394
33482
33395
33483
33396
33484
33397
33485
33398
33486
33399
33487
33400
33488
33401
33489
33402
33490
33403
33491
33404
33492
33405
33493
33406
33494
33407
33495
33408
33496
33409
33497
33410
33498
33411
33499
33412
33500
33413
33501
33414
33502
33415
33503
33416
33504
33417
33505
33418
33506
33419
33507
33420
33508
33421
33509
33422
33510
33423
33511
33424
33512
33425
33513
33426
33514
33427
33515
33428
33516
33429
33517
33430
33518
33519
33432
33520
33433
33521
33434
33522
33435
33523
33436
33524
33437
33525
33438
33526
33439
33527
33440
33528
33441
33529
33442
33530
33443
33531
33444
33532
33445
33533
33446
33534
33447
33535
33448
33536
33449
33537
33450
33538
33451
33539
33452
33540
33453
33541
33454
33542
33455
33543
33456
33544
33457
33545
33458
33546
33459
33547
33460
33548
33461
33549
33462
33550
33463
33551
33464
33552
33465
33553
33466
33554
33467
33555
33468
33556
33469
33557
33470
33558
33471
33559
33472
33560
33473
33561
33474
33562
33475
33563
33476
33564
33477
33565
33478
33566
33479
33567
33480
33568
33481
33569
33482
33570
33483
33571
33484
33572
33485
33573
33486
33574
33487
33575
33488
33576
33489
33577
33490
33578
33491
33579
33492
33580
33493
33581
33494
33582
33495
33583
33496
33584
33497
33585
33498
33586
33499
33587
33500
33588
33501
33589
33502
33590
33503
33591
33504
33592
33505
33593
33506
33594
33507
33595
33508
33596
33509
33597
33510
33598
33511
33599
33512
33600
33513
33601
33514
33602
33515
33603
33516
33604
33517
33605
33518
33606
33519
33607
33608
33521
33609
33522
33610
33523
33611
33524
33612
33525
33613
33526
33614
33527
33615
33528
33616
33529
33617
33530
33618
33531
33619
33532
33620
33533
33621
33534
33622
33535
33623
33536
33624
33537
33625
33538
33626
33539
33627
33540
33628
33541
33629
33542
33630
33543
33631
33544
33632
33545
33633
33546
33634
33547
33635
33548
33636
33549
33637
33550
33638
33551
33639
33552
33640
33553
33641
33554
33642
33555
33643
33556
33644
33557
33645
33558
33646
33559
33647
33560
33648
33561
33649
33562
33650
33563
33651
33564
33652
33565
33653
33566
33654
33567
33655
33568
33656
33569
33657
33570
33658
33571
33659
33572
33660
33573
33661
33574
33662
33575
33663
33576
33664
33577
33665
33578
33666
33579
33667
33580
33668
33581
33669
33582
33670
33583
33671
33584
33672
33585
33673
33586
33674
33587
33675
33588
33676
33589
33677
33590
33678
33591
33679
33592
33680
33593
33681
33594
33682
33595
33683
33596
33684
33597
33685
33598
33686
33599
33687
33600
33688
33601
33689
33602
33690
33603
33691
33604
33692
33605
33693
33606
33694
33607
33695
33608
33696
33697
33610
33698
33611
33699
33612
33700
33613
33701
33614
33702
33615
33703
33616
33704
33617
33705
33618
33706
33619
33707
33620
33708
33621
33709
33622
33710
33623
33711
33624
33712
33625
33713
33626
33714
33627
33715
33628
33716
33629
33717
33630
33718
33631
33719
33632
33720
33633
33721
33634
33722
33635
33723
33636
33724
33637
33725
33638
33726
33639
33727
33640
33728
33641
33729
33642
33730
33643
33731
33644
33732
33645
33733
33646
33734
33647
33735
33648
33736
33649
33737
33650
33738
33651
33739
33652
33740
33653
33741
33654
33742
33655
33743
33656
33744
33657
33745
33658
33746
33659
33747
33660
33748
33661
33749
33662
33750
33663
33751
33664
33752
33665
33753
33666
33754
33667
33755
33668
33756
33669
33757
33670
33758
33671
33759
33672
33760
33673
33761
33674
33762
33675
33763
33676
33764
33677
33765
33678
33766
33679
33767
33680
33768
33681
33769
33682
33770
33683
33771
33684
33772
33685
33773
33686
33774
33687
33775
33688
33776
33689
33777
33690
33778
33691
33779
33692
33780
33693
33781
33694
33782
33695
33783
33696
33784
33697
33785
33786
33699
33787
33700
33788
33701
33789
33702
33790
33703
33791
33704
33792
33705
33793
33706
33794
33707
33795
33708
33796
33709
33797
33710
33798
33711
33799
33712
33800
33713
33801
33714
33802
33715
33803
33716
33804
33717
33805
33718
33806
33719
33807
33720
33808
33721
33809
33722
33810
33723
33811
33724
33812
33725
33813
33726
33814
33727
33815
33728
33816
33729
33817
33730
33818
33731
33819
33732
33820
33733
33821
33734
33822
33735
33823
33736
33824
33737
33825
33738
33826
33739
33827
33740
33828
33741
33829
33742
33830
33743
33831
33744
33832
33745
33833
33746
33834
33747
33835
33748
33836
33749
33837
33750
33838
33751
33839
33752
33840
33753
33841
33754
33842
33755
33843
33756
33844
33757
33845
33758
33846
33759
33847
33760
33848
33761
33849
33762
33850
33763
33851
33764
33852
33765
33853
33766
33854
33767
33855
33768
33856
33769
33857
33770
33858
33771
33859
33772
33860
33773
33861
33774
33862
33775
33863
33776
33864
33777
33865
33778
33866
33779
33867
33780
33868
33781
33869
33782
33870
33783
33871
33784
33872
33785
33873
33786
33874
33875
33788
33876
33789
33877
33790
33878
33791
33879
33792
33880
33793
33881
33794
33882
33795
33883
33796
33884
33797
33885
33798
33886
33799
33887
33800
33888
33801
33889
33802
33890
33803
33891
33804
33892
33805
33893
33806
33894
33807
33895
33808
33896
33809
33897
33810
33898
33811
33899
33812
33900
33813
33901
33814
33902
33815
33903
33816
33904
33817
33905
33818
33906
33819
33907
33820
33908
33821
33909
33822
33910
33823
33911
33824
33912
33825
33913
33826
33914
33827
33915
33828
33916
33829
33917
33830
33918
33831
33919
33832
33920
33833
33921
33834
33922
33835
33923
33836
33924
33837
33925
33838
33926
33839
33927
33840
33928
33841
33929
33842
33930
33843
33931
33844
33932
33845
33933
33846
33934
33847
33935
33848
33936
33849
33937
33850
33938
33851
33939
33852
33940
33853
33941
33854
33942
33855
33943
33856
33944
33857
33945
33858
33946
33859
33947
33860
33948
33861
33949
33862
33950
33863
33951
33864
33952
33865
33953
33866
33954
33867
33955
33868
33956
33869
33957
33870
33958
33871
33959
33872
33960
33873
33961
33874
33962
33875
33963
33964
33877
33965
33878
33966
33879
33967
33880
33968
33881
33969
33882
33970
33883
33971
33884
33972
33885
33973
33886
33974
33887
33975
33888
33976
33889
33977
33890
33978
33891
33979
33892
33980
33893
33981
33894
33982
33895
33983
33896
33984
33897
33985
33898
33986
33899
33987
33900
33988
33901
33989
33902
33990
33903
33991
33904
33992
33905
33993
33906
33994
33907
33995
33908
33996
33909
33997
33910
33998
33911
33999
33912
34000
33913
34001
33914
34002
33915
34003
33916
34004
33917
34005
33918
34006
33919
34007
33920
34008
33921
34009
33922
34010
33923
34011
33924
34012
33925
34013
33926
34014
33927
34015
33928
34016
33929
34017
33930
34018
33931
34019
33932
34020
33933
34021
33934
34022
33935
34023
33936
34024
33937
34025
33938
34026
33939
34027
33940
34028
33941
34029
33942
34030
33943
34031
33944
34032
33945
34033
33946
34034
33947
34035
33948
34036
33949
34037
33950
34038
33951
34039
33952
34040
33953
34041
33954
34042
33955
34043
33956
34044
33957
34045
33958
34046
33959
34047
33960
34048
33961
34049
33962
34050
33963
34051
33964
34052
34053
33966
34054
33967
34055
33968
34056
33969
34057
33970
34058
33971
34059
33972
34060
33973
34061
33974
34062
33975
34063
33976
34064
33977
34065
33978
34066
33979
34067
33980
34068
33981
34069
33982
34070
33983
34071
33984
34072
33985
34073
33986
34074
33987
34075
33988
34076
33989
34077
33990
34078
33991
34079
33992
34080
33993
34081
33994
34082
33995
34083
33996
34084
33997
34085
33998
34086
33999
34087
34000
34088
34001
34089
34002
34090
34003
34091
34004
34092
34005
34093
34006
34094
34007
34095
34008
34096
34009
34097
34010
34098
34011
34099
34012
34100
34013
34101
34014
34102
34015
34103
34016
34104
34017
34105
34018
34106
34019
34107
34020
34108
34021
34109
34022
34110
34023
34111
34024
34112
34025
34113
34026
34114
34027
34115
34028
34116
34029
34117
34030
34118
34031
34119
34032
34120
34033
34121
34034
34122
34035
34123
34036
34124
34037
34125
34038
34126
34039
34127
34040
34128
34041
34129
34042
34130
34043
34131
34044
34132
34045
34133
34046
34134
34047
34135
34048
34136
34049
34137
34050
34138
34051
34139
34052
34140
34053
34141
34142
34055
34143
34056
34144
34057
34145
34058
34146
34059
34147
34060
34148
34061
34149
34062
34150
34063
34151
34064
34152
34065
34153
34066
34154
34067
34155
34068
34156
34069
34157
34070
34158
34071
34159
34072
34160
34073
34161
34074
34162
34075
34163
34076
34164
34077
34165
34078
34166
34079
34167
34080
34168
34081
34169
34082
34170
34083
34171
34084
34172
34085
34173
34086
34174
34087
34175
34088
34176
34089
34177
34090
34178
34091
34179
34092
34180
34093
34181
34094
34182
34095
34183
34096
34184
34097
34185
34098
34186
34099
34187
34100
34188
34101
34189
34102
34190
34103
34191
34104
34192
34105
34193
34106
34194
34107
34195
34108
34196
34109
34197
34110
34198
34111
34199
34112
34200
34113
34201
34114
34202
34115
34203
34116
34204
34117
34205
34118
34206
34119
34207
34120
34208
34121
34209
34122
34210
34123
34211
34124
34212
34125
34213
34126
34214
34127
34215
34128
34216
34129
34217
34130
34218
34131
34219
34132
34220
34133
34221
34134
34222
34135
34223
34136
34224
34137
34225
34138
34226
34139
34227
34140
34228
34141
34229
34142
34230
34231
34144
34232
34145
34233
34146
34234
34147
34235
34148
34236
34149
34237
34150
34238
34151
34239
34152
34240
34153
34241
34154
34242
34155
34243
34156
34244
34157
34245
34158
34246
34159
34247
34160
34248
34161
34249
34162
34250
34163
34251
34164
34252
34165
34253
34166
34254
34167
34255
34168
34256
34169
34257
34170
34258
34171
34259
34172
34260
34173
34261
34174
34262
34175
34263
34176
34264
34177
34265
34178
34266
34179
34267
34180
34268
34181
34269
34182
34270
34183
34271
34184
34272
34185
34273
34186
34274
34187
34275
34188
34276
34189
34277
34190
34278
34191
34279
34192
34280
34193
34281
34194
34282
34195
34283
34196
34284
34197
34285
34198
34286
34199
34287
34200
34288
34201
34289
34202
34290
34203
34291
34204
34292
34205
34293
34206
34294
34207
34295
34208
34296
34209
34297
34210
34298
34211
34299
34212
34300
34213
34301
34214
34302
34215
34303
34216
34304
34217
34305
34218
34306
34219
34307
34220
34308
34221
34309
34222
34310
34223
34311
34224
34312
34225
34313
34226
34314
34227
34315
34228
34316
34229
34317
34230
34318
34231
34319
34320
34233
34321
34234
34322
34235
34323
34236
34324
34237
34325
34238
34326
34239
34327
34240
34328
34241
34329
34242
34330
34243
34331
34244
34332
34245
34333
34246
34334
34247
34335
34248
34336
34249
34337
34250
34338
34251
34339
34252
34340
34253
34341
34254
34342
34255
34343
34256
34344
34257
34345
34258
34346
34259
34347
34260
34348
34261
34349
34262
34350
34263
34351
34264
34352
34265
34353
34266
34354
34267
34355
34268
34356
34269
34357
34270
34358
34271
34359
34272
34360
34273
34361
34274
34362
34275
34363
34276
34364
34277
34365
34278
34366
34279
34367
34280
34368
34281
34369
34282
34370
34283
34371
34284
34372
34285
34373
34286
34374
34287
34375
34288
34376
34289
34377
34290
34378
34291
34379
34292
34380
34293
34381
34294
34382
34295
34383
34296
34384
34297
34385
34298
34386
34299
34387
34300
34388
34301
34389
34302
34390
34303
34391
34304
34392
34305
34393
34306
34394
34307
34395
34308
34396
34309
34397
34310
34398
34311
34399
34312
34400
34313
34401
34314
34402
34315
34403
34316
34404
34317
34405
34318
34406
34319
34407
34320
34408
34409
34322
34410
34323
34411
34324
34412
34325
34413
34326
34414
34327
34415
34328
34416
34329
34417
34330
34418
34331
34419
34332
34420
34333
34421
34334
34422
34335
34423
34336
34424
34337
34425
34338
34426
34339
34427
34340
34428
34341
34429
34342
34430
34343
34431
34344
34432
34345
34433
34346
34434
34347
34435
34348
34436
34349
34437
34350
34438
34351
34439
34352
34440
34353
34441
34354
34442
34355
34443
34356
34444
34357
34445
34358
34446
34359
34447
34360
34448
34361
34449
34362
34450
34363
34451
34364
34452
34365
34453
34366
34454
34367
34455
34368
34456
34369
34457
34370
34458
34371
34459
34372
34460
34373
34461
34374
34462
34375
34463
34376
34464
34377
34465
34378
34466
34379
34467
34380
34468
34381
34469
34382
34470
34383
34471
34384
34472
34385
34473
34386
34474
34387
34475
34388
34476
34389
34477
34390
34478
34391
34479
34392
34480
34393
34481
34394
34482
34395
34483
34396
34484
34397
34485
34398
34486
34399
34487
34400
34488
34401
34489
34402
34490
34403
34491
34404
34492
34405
34493
34406
34494
34407
34495
34408
34496
34409
34497
34498
34411
34499
34412
34500
34413
34501
34414
34502
34415
34503
34416
34504
34417
34505
34418
34506
34419
34507
34420
34508
34421
34509
34422
34510
34423
34511
34424
34512
34425
34513
34426
34514
34427
34515
34428
34516
34429
34517
34430
34518
34431
34519
34432
34520
34433
34521
34434
34522
34435
34523
34436
34524
34437
34525
34438
34526
34439
34527
34440
34528
34441
34529
34442
34530
34443
34531
34444
34532
34445
34533
34446
34534
34447
34535
34448
34536
34449
34537
34450
34538
34451
34539
34452
34540
34453
34541
34454
34542
34455
34543
34456
34544
34457
34545
34458
34546
34459
34547
34460
34548
34461
34549
34462
34550
34463
34551
34464
34552
34465
34553
34466
34554
34467
34555
34468
34556
34469
34557
34470
34558
34471
34559
34472
34560
34473
34561
34474
34562
34475
34563
34476
34564
34477
34565
34478
34566
34479
34567
34480
34568
34481
34569
34482
34570
34483
34571
34484
34572
34485
34573
34486
34574
34487
34575
34488
34576
34489
34577
34490
34578
34491
34579
34492
34580
34493
34581
34494
34582
34495
34583
34496
34584
34497
34585
34498
34586
34587
34500
34588
34501
34589
34502
34590
34503
34591
34504
34592
34505
34593
34506
34594
34507
34595
34508
34596
34509
34597
34510
34598
34511
34599
34512
34600
34513
34601
34514
34602
34515
34603
34516
34604
34517
34605
34518
34606
34519
34607
34520
34608
34521
34609
34522
34610
34523
34611
34524
34612
34525
34613
34526
34614
34527
34615
34528
34616
34529
34617
34530
34618
34531
34619
34532
34620
34533
34621
34534
34622
34535
34623
34536
34624
34537
34625
34538
34626
34539
34627
34540
34628
34541
34629
34542
34630
34543
34631
34544
34632
34545
34633
34546
34634
34547
34635
34548
34636
34549
34637
34550
34638
34551
34639
34552
34640
34553
34641
34554
34642
34555
34643
34556
34644
34557
34645
34558
34646
34559
34647
34560
34648
34561
34649
34562
34650
34563
34651
34564
34652
34565
34653
34566
34654
34567
34655
34568
34656
34569
34657
34570
34658
34571
34659
34572
34660
34573
34661
34574
34662
34575
34663
34576
34664
34577
34665
34578
34666
34579
34667
34580
34668
34581
34669
34582
34670
34583
34671
34584
34672
34585
34673
34586
34674
34587
34675
34676
34589
34677
34590
34678
34591
34679
34592
34680
34593
34681
34594
34682
34595
34683
34596
34684
34597
34685
34598
34686
34599
34687
34600
34688
34601
34689
34602
34690
34603
34691
34604
34692
34605
34693
34606
34694
34607
34695
34608
34696
34609
34697
34610
34698
34611
34699
34612
34700
34613
34701
34614
34702
34615
34703
34616
34704
34617
34705
34618
34706
34619
34707
34620
34708
34621
34709
34622
34710
34623
34711
34624
34712
34625
34713
34626
34714
34627
34715
34628
34716
34629
34717
34630
34718
34631
34719
34632
34720
34633
34721
34634
34722
34635
34723
34636
34724
34637
34725
34638
34726
34639
34727
34640
34728
34641
34729
34642
34730
34643
34731
34644
34732
34645
34733
34646
34734
34647
34735
34648
34736
34649
34737
34650
34738
34651
34739
34652
34740
34653
34741
34654
34742
34655
34743
34656
34744
34657
34745
34658
34746
34659
34747
34660
34748
34661
34749
34662
34750
34663
34751
34664
34752
34665
34753
34666
34754
34667
34755
34668
34756
34669
34757
34670
34758
34671
34759
34672
34760
34673
34761
34674
34762
34675
34763
34676
34764
34765
34678
34766
34679
34767
34680
34768
34681
34769
34682
34770
34683
34771
34684
34772
34685
34773
34686
34774
34687
34775
34688
34776
34689
34777
34690
34778
34691
34779
34692
34780
34693
34781
34694
34782
34695
34783
34696
34784
34697
34785
34698
34786
34699
34787
34700
34788
34701
34789
34702
34790
34703
34791
34704
34792
34705
34793
34706
34794
34707
34795
34708
34796
34709
34797
34710
34798
34711
34799
34712
34800
34713
34801
34714
34802
34715
34803
34716
34804
34717
34805
34718
34806
34719
34807
34720
34808
34721
34809
34722
34810
34723
34811
34724
34812
34725
34813
34726
34814
34727
34815
34728
34816
34729
34817
34730
34818
34731
34819
34732
34820
34733
34821
34734
34822
34735
34823
34736
34824
34737
34825
34738
34826
34739
34827
34740
34828
34741
34829
34742
34830
34743
34831
34744
34832
34745
34833
34746
34834
34747
34835
34748
34836
34749
34837
34750
34838
34751
34839
34752
34840
34753
34841
34754
34842
34755
34843
34756
34844
34757
34845
34758
34846
34759
34847
34760
34848
34761
34849
34762
34850
34763
34851
34764
34852
34765
34853
34854
34767
34855
34768
34856
34769
34857
34770
34858
34771
34859
34772
34860
34773
34861
34774
34862
34775
34863
34776
34864
34777
34865
34778
34866
34779
34867
34780
34868
34781
34869
34782
34870
34783
34871
34784
34872
34785
34873
34786
34874
34787
34875
34788
34876
34789
34877
34790
34878
34791
34879
34792
34880
34793
34881
34794
34882
34795
34883
34796
34884
34797
34885
34798
34886
34799
34887
34800
34888
34801
34889
34802
34890
34803
34891
34804
34892
34805
34893
34806
34894
34807
34895
34808
34896
34809
34897
34810
34898
34811
34899
34812
34900
34813
34901
34814
34902
34815
34903
34816
34904
34817
34905
34818
34906
34819
34907
34820
34908
34821
34909
34822
34910
34823
34911
34824
34912
34825
34913
34826
34914
34827
34915
34828
34916
34829
34917
34830
34918
34831
34919
34832
34920
34833
34921
34834
34922
34835
34923
34836
34924
34837
34925
34838
34926
34839
34927
34840
34928
34841
34929
34842
34930
34843
34931
34844
34932
34845
34933
34846
34934
34847
34935
34848
34936
34849
34937
34850
34938
34851
34939
34852
34940
34853
34941
34854
34942
34943
34856
34944
34857
34945
34858
34946
34859
34947
34860
34948
34861
34949
34862
34950
34863
34951
34864
34952
34865
34953
34866
34954
34867
34955
34868
34956
34869
34957
34870
34958
34871
34959
34872
34960
34873
34961
34874
34962
34875
34963
34876
34964
34877
34965
34878
34966
34879
34967
34880
34968
34881
34969
34882
34970
34883
34971
34884
34972
34885
34973
34886
34974
34887
34975
34888
34976
34889
34977
34890
34978
34891
34979
34892
34980
34893
34981
34894
34982
34895
34983
34896
34984
34897
34985
34898
34986
34899
34987
34900
34988
34901
34989
34902
34990
34903
34991
34904
34992
34905
34993
34906
34994
34907
34995
34908
34996
34909
34997
34910
34998
34911
34999
34912
35000
34913
35001
34914
35002
34915
35003
34916
35004
34917
35005
34918
35006
34919
35007
34920
35008
34921
35009
34922
35010
34923
35011
34924
35012
34925
35013
34926
35014
34927
35015
34928
35016
34929
35017
34930
35018
34931
35019
34932
35020
34933
35021
34934
35022
34935
35023
34936
35024
34937
35025
34938
35026
34939
35027
34940
35028
34941
35029
34942
35030
34943
35031
35032
34945
35033
34946
35034
34947
35035
34948
35036
34949
35037
34950
35038
34951
35039
34952
35040
34953
35041
34954
35042
34955
35043
34956
35044
34957
35045
34958
35046
34959
35047
34960
35048
34961
35049
34962
35050
34963
35051
34964
35052
34965
35053
34966
35054
34967
35055
34968
35056
34969
35057
34970
35058
34971
35059
34972
35060
34973
35061
34974
35062
34975
35063
34976
35064
34977
35065
34978
35066
34979
35067
34980
35068
34981
35069
34982
35070
34983
35071
34984
35072
34985
35073
34986
35074
34987
35075
34988
35076
34989
35077
34990
35078
34991
35079
34992
35080
34993
35081
34994
35082
34995
35083
34996
35084
34997
35085
34998
35086
34999
35087
35000
35088
35001
35089
35002
35090
35003
35091
35004
35092
35005
35093
35006
35094
35007
35095
35008
35096
35009
35097
35010
35098
35011
35099
35012
35100
35013
35101
35014
35102
35015
35103
35016
35104
35017
35105
35018
35106
35019
35107
35020
35108
35021
35109
35022
35110
35023
35111
35024
35112
35025
35113
35026
35114
35027
35115
35028
35116
35029
35117
35030
35118
35031
35119
35032
35120
35121
35034
35122
35035
35123
35036
35124
35037
35125
35038
35126
35039
35127
35040
35128
35041
35129
35042
35130
35043
35131
35044
35132
35045
35133
35046
35134
35047
35135
35048
35136
35049
35137
35050
35138
35051
35139
35052
35140
35053
35141
35054
35142
35055
35143
35056
35144
35057
35145
35058
35146
35059
35147
35060
35148
35061
35149
35062
35150
35063
35151
35064
35152
35065
35153
35066
35154
35067
35155
35068
35156
35069
35157
35070
35158
35071
35159
35072
35160
35073
35161
35074
35162
35075
35163
35076
35164
35077
35165
35078
35166
35079
35167
35080
35168
35081
35169
35082
35170
35083
35171
35084
35172
35085
35173
35086
35174
35087
35175
35088
35176
35089
35177
35090
35178
35091
35179
35092
35180
35093
35181
35094
35182
35095
35183
35096
35184
35097
35185
35098
35186
35099
35187
35100
35188
35101
35189
35102
35190
35103
35191
35104
35192
35105
35193
35106
35194
35107
35195
35108
35196
35109
35197
35110
35198
35111
35199
35112
35200
35113
35201
35114
35202
35115
35203
35116
35204
35117
35205
35118
35206
35119
35207
35120
35208
35121
35209
35210
35123
35211
35124
35212
35125
35213
35126
35214
35127
35215
35128
35216
35129
35217
35130
35218
35131
35219
35132
35220
35133
35221
35134
35222
35135
35223
35136
35224
35137
35225
35138
35226
35139
35227
35140
35228
35141
35229
35142
35230
35143
35231
35144
35232
35145
35233
35146
35234
35147
35235
35148
35236
35149
35237
35150
35238
35151
35239
35152
35240
35153
35241
35154
35242
35155
35243
35156
35244
35157
35245
35158
35246
35159
35247
35160
35248
35161
35249
35162
35250
35163
35251
35164
35252
35165
35253
35166
35254
35167
35255
35168
35256
35169
35257
35170
35258
35171
35259
35172
35260
35173
35261
35174
35262
35175
35263
35176
35264
35177
35265
35178
35266
35179
35267
35180
35268
35181
35269
35182
35270
35183
35271
35184
35272
35185
35273
35186
35274
35187
35275
35188
35276
35189
35277
35190
35278
35191
35279
35192
35280
35193
35281
35194
35282
35195
35283
35196
35284
35197
35285
35198
35286
35199
35287
35200
35288
35201
35289
35202
35290
35203
35291
35204
35292
35205
35293
35206
35294
35207
35295
35208
35296
35209
35297
35210
35298
35299
35212
35300
35213
35301
35214
35302
35215
35303
35216
35304
35217
35305
35218
35306
35219
35307
35220
35308
35221
35309
35222
35310
35223
35311
35224
35312
35225
35313
35226
35314
35227
35315
35228
35316
35229
35317
35230
35318
35231
35319
35232
35320
35233
35321
35234
35322
35235
35323
35236
35324
35237
35325
35238
35326
35239
35327
35240
35328
35241
35329
35242
35330
35243
35331
35244
35332
35245
35333
35246
35334
35247
35335
35248
35336
35249
35337
35250
35338
35251
35339
35252
35340
35253
35341
35254
35342
35255
35343
35256
35344
35257
35345
35258
35346
35259
35347
35260
35348
35261
35349
35262
35350
35263
35351
35264
35352
35265
35353
35266
35354
35267
35355
35268
35356
35269
35357
35270
35358
35271
35359
35272
35360
35273
35361
35274
35362
35275
35363
35276
35364
35277
35365
35278
35366
35279
35367
35280
35368
35281
35369
35282
35370
35283
35371
35284
35372
35285
35373
35286
35374
35287
35375
35288
35376
35289
35377
35290
35378
35291
35379
35292
35380
35293
35381
35294
35382
35295
35383
35296
35384
35297
35385
35298
35386
35299
35387
35388
35301
35389
35302
35390
35303
35391
35304
35392
35305
35393
35306
35394
35307
35395
35308
35396
35309
35397
35310
35398
35311
35399
35312
35400
35313
35401
35314
35402
35315
35403
35316
35404
35317
35405
35318
35406
35319
35407
35320
35408
35321
35409
35322
35410
35323
35411
35324
35412
35325
35413
35326
35414
35327
35415
35328
35416
35329
35417
35330
35418
35331
35419
35332
35420
35333
35421
35334
35422
35335
35423
35336
35424
35337
35425
35338
35426
35339
35427
35340
35428
35341
35429
35342
35430
35343
35431
35344
35432
35345
35433
35346
35434
35347
35435
35348
35436
35349
35437
35350
35438
35351
35439
35352
35440
35353
35441
35354
35442
35355
35443
35356
35444
35357
35445
35358
35446
35359
35447
35360
35448
35361
35449
35362
35450
35363
35451
35364
35452
35365
35453
35366
35454
35367
35455
35368
35456
35369
35457
35370
35458
35371
35459
35372
35460
35373
35461
35374
35462
35375
35463
35376
35464
35377
35465
35378
35466
35379
35467
35380
35468
35381
35469
35382
35470
35383
35471
35384
35472
35385
35473
35386
35474
35387
35475
35388
35476
35477
35390
35478
35391
35479
35392
35480
35393
35481
35394
35482
35395
35483
35396
35484
35397
35485
35398
35486
35399
35487
35400
35488
35401
35489
35402
35490
35403
35491
35404
35492
35405
35493
35406
35494
35407
35495
35408
35496
35409
35497
35410
35498
35411
35499
35412
35500
35413
35501
35414
35502
35415
35503
35416
35504
35417
35505
35418
35506
35419
35507
35420
35508
35421
35509
35422
35510
35423
35511
35424
35512
35425
35513
35426
35514
35427
35515
35428
35516
35429
35517
35430
35518
35431
35519
35432
35520
35433
35521
35434
35522
35435
35523
35436
35524
35437
35525
35438
35526
35439
35527
35440
35528
35441
35529
35442
35530
35443
35531
35444
35532
35445
35533
35446
35534
35447
35535
35448
35536
35449
35537
35450
35538
35451
35539
35452
35540
35453
35541
35454
35542
35455
35543
35456
35544
35457
35545
35458
35546
35459
35547
35460
35548
35461
35549
35462
35550
35463
35551
35464
35552
35465
35553
35466
35554
35467
35555
35468
35556
35469
35557
35470
35558
35471
35559
35472
35560
35473
35561
35474
35562
35475
35563
35476
35564
35477
35565
35566
35479
35567
35480
35568
35481
35569
35482
35570
35483
35571
35484
35572
35485
35573
35486
35574
35487
35575
35488
35576
35489
35577
35490
35578
35491
35579
35492
35580
35493
35581
35494
35582
35495
35583
35496
35584
35497
35585
35498
35586
35499
35587
35500
35588
35501
35589
35502
35590
35503
35591
35504
35592
35505
35593
35506
35594
35507
35595
35508
35596
35509
35597
35510
35598
35511
35599
35512
35600
35513
35601
35514
35602
35515
35603
35516
35604
35517
35605
35518
35606
35519
35607
35520
35608
35521
35609
35522
35610
35523
35611
35524
35612
35525
35613
35526
35614
35527
35615
35528
35616
35529
35617
35530
35618
35531
35619
35532
35620
35533
35621
35534
35622
35535
35623
35536
35624
35537
35625
35538
35626
35539
35627
35540
35628
35541
35629
35542
35630
35543
35631
35544
35632
35545
35633
35546
35634
35547
35635
35548
35636
35549
35637
35550
35638
35551
35639
35552
35640
35553
35641
35554
35642
35555
35643
35556
35644
35557
35645
35558
35646
35559
35647
35560
35648
35561
35649
35562
35650
35563
35651
35564
35652
35565
35653
35566
35654
35655
35568
35656
35569
35657
35570
35658
35571
35659
35572
35660
35573
35661
35574
35662
35575
35663
35576
35664
35577
35665
35578
35666
35579
35667
35580
35668
35581
35669
35582
35670
35583
35671
35584
35672
35585
35673
35586
35674
35587
35675
35588
35676
35589
35677
35590
35678
35591
35679
35592
35680
35593
35681
35594
35682
35595
35683
35596
35684
35597
35685
35598
35686
35599
35687
35600
35688
35601
35689
35602
35690
35603
35691
35604
35692
35605
35693
35606
35694
35607
35695
35608
35696
35609
35697
35610
35698
35611
35699
35612
35700
35613
35701
35614
35702
35615
35703
35616
35704
35617
35705
35618
35706
35619
35707
35620
35708
35621
35709
35622
35710
35623
35711
35624
35712
35625
35713
35626
35714
35627
35715
35628
35716
35629
35717
35630
35718
35631
35719
35632
35720
35633
35721
35634
35722
35635
35723
35636
35724
35637
35725
35638
35726
35639
35727
35640
35728
35641
35729
35642
35730
35643
35731
35644
35732
35645
35733
35646
35734
35647
35735
35648
35736
35649
35737
35650
35738
35651
35739
35652
35740
35653
35741
35654
35742
35655
35743
35744
35657
35745
35658
35746
35659
35747
35660
35748
35661
35749
35662
35750
35663
35751
35664
35752
35665
35753
35666
35754
35667
35755
35668
35756
35669
35757
35670
35758
35671
35759
35672
35760
35673
35761
35674
35762
35675
35763
35676
35764
35677
35765
35678
35766
35679
35767
35680
35768
35681
35769
35682
35770
35683
35771
35684
35772
35685
35773
35686
35774
35687
35775
35688
35776
35689
35777
35690
35778
35691
35779
35692
35780
35693
35781
35694
35782
35695
35783
35696
35784
35697
35785
35698
35786
35699
35787
35700
35788
35701
35789
35702
35790
35703
35791
35704
35792
35705
35793
35706
35794
35707
35795
35708
35796
35709
35797
35710
35798
35711
35799
35712
35800
35713
35801
35714
35802
35715
35803
35716
35804
35717
35805
35718
35806
35719
35807
35720
35808
35721
35809
35722
35810
35723
35811
35724
35812
35725
35813
35726
35814
35727
35815
35728
35816
35729
35817
35730
35818
35731
35819
35732
35820
35733
35821
35734
35822
35735
35823
35736
35824
35737
35825
35738
35826
35739
35827
35740
35828
35741
35829
35742
35830
35743
35831
35744
35832
35833
35746
35834
35747
35835
35748
35836
35749
35837
35750
35838
35751
35839
35752
35840
35753
35841
35754
35842
35755
35843
35756
35844
35757
35845
35758
35846
35759
35847
35760
35848
35761
35849
35762
35850
35763
35851
35764
35852
35765
35853
35766
35854
35767
35855
35768
35856
35769
35857
35770
35858
35771
35859
35772
35860
35773
35861
35774
35862
35775
35863
35776
35864
35777
35865
35778
35866
35779
35867
35780
35868
35781
35869
35782
35870
35783
35871
35784
35872
35785
35873
35786
35874
35787
35875
35788
35876
35789
35877
35790
35878
35791
35879
35792
35880
35793
35881
35794
35882
35795
35883
35796
35884
35797
35885
35798
35886
35799
35887
35800
35888
35801
35889
35802
35890
35803
35891
35804
35892
35805
35893
35806
35894
35807
35895
35808
35896
35809
35897
35810
35898
35811
35899
35812
35900
35813
35901
35814
35902
35815
35903
35816
35904
35817
35905
35818
35906
35819
35907
35820
35908
35821
35909
35822
35910
35823
35911
35824
35912
35825
35913
35826
35914
35827
35915
35828
35916
35829
35917
35830
35918
35831
35919
35832
35920
35833
35921
35922
35835
35923
35836
35924
35837
35925
35838
35926
35839
35927
35840
35928
35841
35929
35842
35930
35843
35931
35844
35932
35845
35933
35846
35934
35847
35935
35848
35936
35849
35937
35850
35938
35851
35939
35852
35940
35853
35941
35854
35942
35855
35943
35856
35944
35857
35945
35858
35946
35859
35947
35860
35948
35861
35949
35862
35950
35863
35951
35864
35952
35865
35953
35866
35954
35867
35955
35868
35956
35869
35957
35870
35958
35871
35959
35872
35960
35873
35961
35874
35962
35875
35963
35876
35964
35877
35965
35878
35966
35879
35967
35880
35968
35881
35969
35882
35970
35883
35971
35884
35972
35885
35973
35886
35974
35887
35975
35888
35976
35889
35977
35890
35978
35891
35979
35892
35980
35893
35981
35894
35982
35895
35983
35896
35984
35897
35985
35898
35986
35899
35987
35900
35988
35901
35989
35902
35990
35903
35991
35904
35992
35905
35993
35906
35994
35907
35995
35908
35996
35909
35997
35910
35998
35911
35999
35912
36000
35913
36001
35914
36002
35915
36003
35916
36004
35917
36005
35918
36006
35919
36007
35920
36008
35921
36009
35922
36010
36011
35924
36012
35925
36013
35926
36014
35927
36015
35928
36016
35929
36017
35930
36018
35931
36019
35932
36020
35933
36021
35934
36022
35935
36023
35936
36024
35937
36025
35938
36026
35939
36027
35940
36028
35941
36029
35942
36030
35943
36031
35944
36032
35945
36033
35946
36034
35947
36035
35948
36036
35949
36037
35950
36038
35951
36039
35952
36040
35953
36041
35954
36042
35955
36043
35956
36044
35957
36045
35958
36046
35959
36047
35960
36048
35961
36049
35962
36050
35963
36051
35964
36052
35965
36053
35966
36054
35967
36055
35968
36056
35969
36057
35970
36058
35971
36059
35972
36060
35973
36061
35974
36062
35975
36063
35976
36064
35977
36065
35978
36066
35979
36067
35980
36068
35981
36069
35982
36070
35983
36071
35984
36072
35985
36073
35986
36074
35987
36075
35988
36076
35989
36077
35990
36078
35991
36079
35992
36080
35993
36081
35994
36082
35995
36083
35996
36084
35997
36085
35998
36086
35999
36087
36000
36088
36001
36089
36002
36090
36003
36091
36004
36092
36005
36093
36006
36094
36007
36095
36008
36096
36009
36097
36010
36098
36011
36099
36100
36013
36101
36014
36102
36015
36103
36016
36104
36017
36105
36018
36106
36019
36107
36020
36108
36021
36109
36022
36110
36023
36111
36024
36112
36025
36113
36026
36114
36027
36115
36028
36116
36029
36117
36030
36118
36031
36119
36032
36120
36033
36121
36034
36122
36035
36123
36036
36124
36037
36125
36038
36126
36039
36127
36040
36128
36041
36129
36042
36130
36043
36131
36044
36132
36045
36133
36046
36134
36047
36135
36048
36136
36049
36137
36050
36138
36051
36139
36052
36140
36053
36141
36054
36142
36055
36143
36056
36144
36057
36145
36058
36146
36059
36147
36060
36148
36061
36149
36062
36150
36063
36151
36064
36152
36065
36153
36066
36154
36067
36155
36068
36156
36069
36157
36070
36158
36071
36159
36072
36160
36073
36161
36074
36162
36075
36163
36076
36164
36077
36165
36078
36166
36079
36167
36080
36168
36081
36169
36082
36170
36083
36171
36084
36172
36085
36173
36086
36174
36087
36175
36088
36176
36089
36177
36090
36178
36091
36179
36092
36180
36093
36181
36094
36182
36095
36183
36096
36184
36097
36185
36098
36186
36099
36187
36100
36188
36189
36102
36190
36103
36191
36104
36192
36105
36193
36106
36194
36107
36195
36108
36196
36109
36197
36110
36198
36111
36199
36112
36200
36113
36201
36114
36202
36115
36203
36116
36204
36117
36205
36118
36206
36119
36207
36120
36208
36121
36209
36122
36210
36123
36211
36124
36212
36125
36213
36126
36214
36127
36215
36128
36216
36129
36217
36130
36218
36131
36219
36132
36220
36133
36221
36134
36222
36135
36223
36136
36224
36137
36225
36138
36226
36139
36227
36140
36228
36141
36229
36142
36230
36143
36231
36144
36232
36145
36233
36146
36234
36147
36235
36148
36236
36149
36237
36150
36238
36151
36239
36152
36240
36153
36241
36154
36242
36155
36243
36156
36244
36157
36245
36158
36246
36159
36247
36160
36248
36161
36249
36162
36250
36163
36251
36164
36252
36165
36253
36166
36254
36167
36255
36168
36256
36169
36257
36170
36258
36171
36259
36172
36260
36173
36261
36174
36262
36175
36263
36176
36264
36177
36265
36178
36266
36179
36267
36180
36268
36181
36269
36182
36270
36183
36271
36184
36272
36185
36273
36186
36274
36187
36275
36188
36276
36189
36277
36278
36191
36279
36192
36280
36193
36281
36194
36282
36195
36283
36196
36284
36197
36285
36198
36286
36199
36287
36200
36288
36201
36289
36202
36290
36203
36291
36204
36292
36205
36293
36206
36294
36207
36295
36208
36296
36209
36297
36210
36298
36211
36299
36212
36300
36213
36301
36214
36302
36215
36303
36216
36304
36217
36305
36218
36306
36219
36307
36220
36308
36221
36309
36222
36310
36223
36311
36224
36312
36225
36313
36226
36314
36227
36315
36228
36316
36229
36317
36230
36318
36231
36319
36232
36320
36233
36321
36234
36322
36235
36323
36236
36324
36237
36325
36238
36326
36239
36327
36240
36328
36241
36329
36242
36330
36243
36331
36244
36332
36245
36333
36246
36334
36247
36335
36248
36336
36249
36337
36250
36338
36251
36339
36252
36340
36253
36341
36254
36342
36255
36343
36256
36344
36257
36345
36258
36346
36259
36347
36260
36348
36261
36349
36262
36350
36263
36351
36264
36352
36265
36353
36266
36354
36267
36355
36268
36356
36269
36357
36270
36358
36271
36359
36272
36360
36273
36361
36274
36362
36275
36363
36276
36364
36277
36365
36278
36366
36367
36280
36368
36281
36369
36282
36370
36283
36371
36284
36372
36285
36373
36286
36374
36287
36375
36288
36376
36289
36377
36290
36378
36291
36379
36292
36380
36293
36381
36294
36382
36295
36383
36296
36384
36297
36385
36298
36386
36299
36387
36300
36388
36301
36389
36302
36390
36303
36391
36304
36392
36305
36393
36306
36394
36307
36395
36308
36396
36309
36397
36310
36398
36311
36399
36312
36400
36313
36401
36314
36402
36315
36403
36316
36404
36317
36405
36318
36406
36319
36407
36320
36408
36321
36409
36322
36410
36323
36411
36324
36412
36325
36413
36326
36414
36327
36415
36328
36416
36329
36417
36330
36418
36331
36419
36332
36420
36333
36421
36334
36422
36335
36423
36336
36424
36337
36425
36338
36426
36339
36427
36340
36428
36341
36429
36342
36430
36343
36431
36344
36432
36345
36433
36346
36434
36347
36435
36348
36436
36349
36437
36350
36438
36351
36439
36352
36440
36353
36441
36354
36442
36355
36443
36356
36444
36357
36445
36358
36446
36359
36447
36360
36448
36361
36449
36362
36450
36363
36451
36364
36452
36365
36453
36366
36454
36367
36455
36456
36369
36457
36370
36458
36371
36459
36372
36460
36373
36461
36374
36462
36375
36463
36376
36464
36377
36465
36378
36466
36379
36467
36380
36468
36381
36469
36382
36470
36383
36471
36384
36472
36385
36473
36386
36474
36387
36475
36388
36476
36389
36477
36390
36478
36391
36479
36392
36480
36393
36481
36394
36482
36395
36483
36396
36484
36397
36485
36398
36486
36399
36487
36400
36488
36401
36489
36402
36490
36403
36491
36404
36492
36405
36493
36406
36494
36407
36495
36408
36496
36409
36497
36410
36498
36411
36499
36412
36500
36413
36501
36414
36502
36415
36503
36416
36504
36417
36505
36418
36506
36419
36507
36420
36508
36421
36509
36422
36510
36423
36511
36424
36512
36425
36513
36426
36514
36427
36515
36428
36516
36429
36517
36430
36518
36431
36519
36432
36520
36433
36521
36434
36522
36435
36523
36436
36524
36437
36525
36438
36526
36439
36527
36440
36528
36441
36529
36442
36530
36443
36531
36444
36532
36445
36533
36446
36534
36447
36535
36448
36536
36449
36537
36450
36538
36451
36539
36452
36540
36453
36541
36454
36542
36455
36543
36456
36544
36545
36458
36546
36459
36547
36460
36548
36461
36549
36462
36550
36463
36551
36464
36552
36465
36553
36466
36554
36467
36555
36468
36556
36469
36557
36470
36558
36471
36559
36472
36560
36473
36561
36474
36562
36475
36563
36476
36564
36477
36565
36478
36566
36479
36567
36480
36568
36481
36569
36482
36570
36483
36571
36484
36572
36485
36573
36486
36574
36487
36575
36488
36576
36489
36577
36490
36578
36491
36579
36492
36580
36493
36581
36494
36582
36495
36583
36496
36584
36497
36585
36498
36586
36499
36587
36500
36588
36501
36589
36502
36590
36503
36591
36504
36592
36505
36593
36506
36594
36507
36595
36508
36596
36509
36597
36510
36598
36511
36599
36512
36600
36513
36601
36514
36602
36515
36603
36516
36604
36517
36605
36518
36606
36519
36607
36520
36608
36521
36609
36522
36610
36523
36611
36524
36612
36525
36613
36526
36614
36527
36615
36528
36616
36529
36617
36530
36618
36531
36619
36532
36620
36533
36621
36534
36622
36535
36623
36536
36624
36537
36625
36538
36626
36539
36627
36540
36628
36541
36629
36542
36630
36543
36631
36544
36632
36545
36633
36634
36547
36635
36548
36636
36549
36637
36550
36638
36551
36639
36552
36640
36553
36641
36554
36642
36555
36643
36556
36644
36557
36645
36558
36646
36559
36647
36560
36648
36561
36649
36562
36650
36563
36651
36564
36652
36565
36653
36566
36654
36567
36655
36568
36656
36569
36657
36570
36658
36571
36659
36572
36660
36573
36661
36574
36662
36575
36663
36576
36664
36577
36665
36578
36666
36579
36667
36580
36668
36581
36669
36582
36670
36583
36671
36584
36672
36585
36673
36586
36674
36587
36675
36588
36676
36589
36677
36590
36678
36591
36679
36592
36680
36593
36681
36594
36682
36595
36683
36596
36684
36597
36685
36598
36686
36599
36687
36600
36688
36601
36689
36602
36690
36603
36691
36604
36692
36605
36693
36606
36694
36607
36695
36608
36696
36609
36697
36610
36698
36611
36699
36612
36700
36613
36701
36614
36702
36615
36703
36616
36704
36617
36705
36618
36706
36619
36707
36620
36708
36621
36709
36622
36710
36623
36711
36624
36712
36625
36713
36626
36714
36627
36715
36628
36716
36629
36717
36630
36718
36631
36719
36632
36720
36633
36721
36634
36722
36723
36636
36724
36637
36725
36638
36726
36639
36727
36640
36728
36641
36729
36642
36730
36643
36731
36644
36732
36645
36733
36646
36734
36647
36735
36648
36736
36649
36737
36650
36738
36651
36739
36652
36740
36653
36741
36654
36742
36655
36743
36656
36744
36657
36745
36658
36746
36659
36747
36660
36748
36661
36749
36662
36750
36663
36751
36664
36752
36665
36753
36666
36754
36667
36755
36668
36756
36669
36757
36670
36758
36671
36759
36672
36760
36673
36761
36674
36762
36675
36763
36676
36764
36677
36765
36678
36766
36679
36767
36680
36768
36681
36769
36682
36770
36683
36771
36684
36772
36685
36773
36686
36774
36687
36775
36688
36776
36689
36777
36690
36778
36691
36779
36692
36780
36693
36781
36694
36782
36695
36783
36696
36784
36697
36785
36698
36786
36699
36787
36700
36788
36701
36789
36702
36790
36703
36791
36704
36792
36705
36793
36706
36794
36707
36795
36708
36796
36709
36797
36710
36798
36711
36799
36712
36800
36713
36801
36714
36802
36715
36803
36716
36804
36717
36805
36718
36806
36719
36807
36720
36808
36721
36809
36722
36810
36723
36811
36812
36725
36813
36726
36814
36727
36815
36728
36816
36729
36817
36730
36818
36731
36819
36732
36820
36733
36821
36734
36822
36735
36823
36736
36824
36737
36825
36738
36826
36739
36827
36740
36828
36741
36829
36742
36830
36743
36831
36744
36832
36745
36833
36746
36834
36747
36835
36748
36836
36749
36837
36750
36838
36751
36839
36752
36840
36753
36841
36754
36842
36755
36843
36756
36844
36757
36845
36758
36846
36759
36847
36760
36848
36761
36849
36762
36850
36763
36851
36764
36852
36765
36853
36766
36854
36767
36855
36768
36856
36769
36857
36770
36858
36771
36859
36772
36860
36773
36861
36774
36862
36775
36863
36776
36864
36777
36865
36778
36866
36779
36867
36780
36868
36781
36869
36782
36870
36783
36871
36784
36872
36785
36873
36786
36874
36787
36875
36788
36876
36789
36877
36790
36878
36791
36879
36792
36880
36793
36881
36794
36882
36795
36883
36796
36884
36797
36885
36798
36886
36799
36887
36800
36888
36801
36889
36802
36890
36803
36891
36804
36892
36805
36893
36806
36894
36807
36895
36808
36896
36809
36897
36810
36898
36811
36899
36812
36900
36901
36814
36902
36815
36903
36816
36904
36817
36905
36818
36906
36819
36907
36820
36908
36821
36909
36822
36910
36823
36911
36824
36912
36825
36913
36826
36914
36827
36915
36828
36916
36829
36917
36830
36918
36831
36919
36832
36920
36833
36921
36834
36922
36835
36923
36836
36924
36837
36925
36838
36926
36839
36927
36840
36928
36841
36929
36842
36930
36843
36931
36844
36932
36845
36933
36846
36934
36847
36935
36848
36936
36849
36937
36850
36938
36851
36939
36852
36940
36853
36941
36854
36942
36855
36943
36856
36944
36857
36945
36858
36946
36859
36947
36860
36948
36861
36949
36862
36950
36863
36951
36864
36952
36865
36953
36866
36954
36867
36955
36868
36956
36869
36957
36870
36958
36871
36959
36872
36960
36873
36961
36874
36962
36875
36963
36876
36964
36877
36965
36878
36966
36879
36967
36880
36968
36881
36969
36882
36970
36883
36971
36884
36972
36885
36973
36886
36974
36887
36975
36888
36976
36889
36977
36890
36978
36891
36979
36892
36980
36893
36981
36894
36982
36895
36983
36896
36984
36897
36985
36898
36986
36899
36987
36900
36988
36901
36989
36990
36903
36991
36904
36992
36905
36993
36906
36994
36907
36995
36908
36996
36909
36997
36910
36998
36911
36999
36912
37000
36913
37001
36914
37002
36915
37003
36916
37004
36917
37005
36918
37006
36919
37007
36920
37008
36921
37009
36922
37010
36923
37011
36924
37012
36925
37013
36926
37014
36927
37015
36928
37016
36929
37017
36930
37018
36931
37019
36932
37020
36933
37021
36934
37022
36935
37023
36936
37024
36937
37025
36938
37026
36939
37027
36940
37028
36941
37029
36942
37030
36943
37031
36944
37032
36945
37033
36946
37034
36947
37035
36948
37036
36949
37037
36950
37038
36951
37039
36952
37040
36953
37041
36954
37042
36955
37043
36956
37044
36957
37045
36958
37046
36959
37047
36960
37048
36961
37049
36962
37050
36963
37051
36964
37052
36965
37053
36966
37054
36967
37055
36968
37056
36969
37057
36970
37058
36971
37059
36972
37060
36973
37061
36974
37062
36975
37063
36976
37064
36977
37065
36978
37066
36979
37067
36980
37068
36981
37069
36982
37070
36983
37071
36984
37072
36985
37073
36986
37074
36987
37075
36988
37076
36989
37077
36990
37078
37079
36992
37080
36993
37081
36994
37082
36995
37083
36996
37084
36997
37085
36998
37086
36999
37087
37000
37088
37001
37089
37002
37090
37003
37091
37004
37092
37005
37093
37006
37094
37007
37095
37008
37096
37009
37097
37010
37098
37011
37099
37012
37100
37013
37101
37014
37102
37015
37103
37016
37104
37017
37105
37018
37106
37019
37107
37020
37108
37021
37109
37022
37110
37023
37111
37024
37112
37025
37113
37026
37114
37027
37115
37028
37116
37029
37117
37030
37118
37031
37119
37032
37120
37033
37121
37034
37122
37035
37123
37036
37124
37037
37125
37038
37126
37039
37127
37040
37128
37041
37129
37042
37130
37043
37131
37044
37132
37045
37133
37046
37134
37047
37135
37048
37136
37049
37137
37050
37138
37051
37139
37052
37140
37053
37141
37054
37142
37055
37143
37056
37144
37057
37145
37058
37146
37059
37147
37060
37148
37061
37149
37062
37150
37063
37151
37064
37152
37065
37153
37066
37154
37067
37155
37068
37156
37069
37157
37070
37158
37071
37159
37072
37160
37073
37161
37074
37162
37075
37163
37076
37164
37077
37165
37078
37166
37079
37167
37168
37081
37169
37082
37170
37083
37171
37084
37172
37085
37173
37086
37174
37087
37175
37088
37176
37089
37177
37090
37178
37091
37179
37092
37180
37093
37181
37094
37182
37095
37183
37096
37184
37097
37185
37098
37186
37099
37187
37100
37188
37101
37189
37102
37190
37103
37191
37104
37192
37105
37193
37106
37194
37107
37195
37108
37196
37109
37197
37110
37198
37111
37199
37112
37200
37113
37201
37114
37202
37115
37203
37116
37204
37117
37205
37118
37206
37119
37207
37120
37208
37121
37209
37122
37210
37123
37211
37124
37212
37125
37213
37126
37214
37127
37215
37128
37216
37129
37217
37130
37218
37131
37219
37132
37220
37133
37221
37134
37222
37135
37223
37136
37224
37137
37225
37138
37226
37139
37227
37140
37228
37141
37229
37142
37230
37143
37231
37144
37232
37145
37233
37146
37234
37147
37235
37148
37236
37149
37237
37150
37238
37151
37239
37152
37240
37153
37241
37154
37242
37155
37243
37156
37244
37157
37245
37158
37246
37159
37247
37160
37248
37161
37249
37162
37250
37163
37251
37164
37252
37165
37253
37166
37254
37167
37255
37168
37256
37257
37170
37258
37171
37259
37172
37260
37173
37261
37174
37262
37175
37263
37176
37264
37177
37265
37178
37266
37179
37267
37180
37268
37181
37269
37182
37270
37183
37271
37184
37272
37185
37273
37186
37274
37187
37275
37188
37276
37189
37277
37190
37278
37191
37279
37192
37280
37193
37281
37194
37282
37195
37283
37196
37284
37197
37285
37198
37286
37199
37287
37200
37288
37201
37289
37202
37290
37203
37291
37204
37292
37205
37293
37206
37294
37207
37295
37208
37296
37209
37297
37210
37298
37211
37299
37212
37300
37213
37301
37214
37302
37215
37303
37216
37304
37217
37305
37218
37306
37219
37307
37220
37308
37221
37309
37222
37310
37223
37311
37224
37312
37225
37313
37226
37314
37227
37315
37228
37316
37229
37317
37230
37318
37231
37319
37232
37320
37233
37321
37234
37322
37235
37323
37236
37324
37237
37325
37238
37326
37239
37327
37240
37328
37241
37329
37242
37330
37243
37331
37244
37332
37245
37333
37246
37334
37247
37335
37248
37336
37249
37337
37250
37338
37251
37339
37252
37340
37253
37341
37254
37342
37255
37343
37256
37344
37257
37345
37346
37259
37347
37260
37348
37261
37349
37262
37350
37263
37351
37264
37352
37265
37353
37266
37354
37267
37355
37268
37356
37269
37357
37270
37358
37271
37359
37272
37360
37273
37361
37274
37362
37275
37363
37276
37364
37277
37365
37278
37366
37279
37367
37280
37368
37281
37369
37282
37370
37283
37371
37284
37372
37285
37373
37286
37374
37287
37375
37288
37376
37289
37377
37290
37378
37291
37379
37292
37380
37293
37381
37294
37382
37295
37383
37296
37384
37297
37385
37298
37386
37299
37387
37300
37388
37301
37389
37302
37390
37303
37391
37304
37392
37305
37393
37306
37394
37307
37395
37308
37396
37309
37397
37310
37398
37311
37399
37312
37400
37313
37401
37314
37402
37315
37403
37316
37404
37317
37405
37318
37406
37319
37407
37320
37408
37321
37409
37322
37410
37323
37411
37324
37412
37325
37413
37326
37414
37327
37415
37328
37416
37329
37417
37330
37418
37331
37419
37332
37420
37333
37421
37334
37422
37335
37423
37336
37424
37337
37425
37338
37426
37339
37427
37340
37428
37341
37429
37342
37430
37343
37431
37344
37432
37345
37433
37346
37434
37435
37348
37436
37349
37437
37350
37438
37351
37439
37352
37440
37353
37441
37354
37442
37355
37443
37356
37444
37357
37445
37358
37446
37359
37447
37360
37448
37361
37449
37362
37450
37363
37451
37364
37452
37365
37453
37366
37454
37367
37455
37368
37456
37369
37457
37370
37458
37371
37459
37372
37460
37373
37461
37374
37462
37375
37463
37376
37464
37377
37465
37378
37466
37379
37467
37380
37468
37381
37469
37382
37470
37383
37471
37384
37472
37385
37473
37386
37474
37387
37475
37388
37476
37389
37477
37390
37478
37391
37479
37392
37480
37393
37481
37394
37482
37395
37483
37396
37484
37397
37485
37398
37486
37399
37487
37400
37488
37401
37489
37402
37490
37403
37491
37404
37492
37405
37493
37406
37494
37407
37495
37408
37496
37409
37497
37410
37498
37411
37499
37412
37500
37413
37501
37414
37502
37415
37503
37416
37504
37417
37505
37418
37506
37419
37507
37420
37508
37421
37509
37422
37510
37423
37511
37424
37512
37425
37513
37426
37514
37427
37515
37428
37516
37429
37517
37430
37518
37431
37519
37432
37520
37433
37521
37434
37522
37435
37523
37524
37437
37525
37438
37526
37439
37527
37440
37528
37441
37529
37442
37530
37443
37531
37444
37532
37445
37533
37446
37534
37447
37535
37448
37536
37449
37537
37450
37538
37451
37539
37452
37540
37453
37541
37454
37542
37455
37543
37456
37544
37457
37545
37458
37546
37459
37547
37460
37548
37461
37549
37462
37550
37463
37551
37464
37552
37465
37553
37466
37554
37467
37555
37468
37556
37469
37557
37470
37558
37471
37559
37472
37560
37473
37561
37474
37562
37475
37563
37476
37564
37477
37565
37478
37566
37479
37567
37480
37568
37481
37569
37482
37570
37483
37571
37484
37572
37485
37573
37486
37574
37487
37575
37488
37576
37489
37577
37490
37578
37491
37579
37492
37580
37493
37581
37494
37582
37495
37583
37496
37584
37497
37585
37498
37586
37499
37587
37500
37588
37501
37589
37502
37590
37503
37591
37504
37592
37505
37593
37506
37594
37507
37595
37508
37596
37509
37597
37510
37598
37511
37599
37512
37600
37513
37601
37514
37602
37515
37603
37516
37604
37517
37605
37518
37606
37519
37607
37520
37608
37521
37609
37522
37610
37523
37611
37524
37612
37613
37526
37614
37527
37615
37528
37616
37529
37617
37530
37618
37531
37619
37532
37620
37533
37621
37534
37622
37535
37623
37536
37624
37537
37625
37538
37626
37539
37627
37540
37628
37541
37629
37542
37630
37543
37631
37544
37632
37545
37633
37546
37634
37547
37635
37548
37636
37549
37637
37550
37638
37551
37639
37552
37640
37553
37641
37554
37642
37555
37643
37556
37644
37557
37645
37558
37646
37559
37647
37560
37648
37561
37649
37562
37650
37563
37651
37564
37652
37565
37653
37566
37654
37567
37655
37568
37656
37569
37657
37570
37658
37571
37659
37572
37660
37573
37661
37574
37662
37575
37663
37576
37664
37577
37665
37578
37666
37579
37667
37580
37668
37581
37669
37582
37670
37583
37671
37584
37672
37585
37673
37586
37674
37587
37675
37588
37676
37589
37677
37590
37678
37591
37679
37592
37680
37593
37681
37594
37682
37595
37683
37596
37684
37597
37685
37598
37686
37599
37687
37600
37688
37601
37689
37602
37690
37603
37691
37604
37692
37605
37693
37606
37694
37607
37695
37608
37696
37609
37697
37610
37698
37611
37699
37612
37700
37613
37701
37702
37615
37703
37616
37704
37617
37705
37618
37706
37619
37707
37620
37708
37621
37709
37622
37710
37623
37711
37624
37712
37625
37713
37626
37714
37627
37715
37628
37716
37629
37717
37630
37718
37631
37719
37632
37720
37633
37721
37634
37722
37635
37723
37636
37724
37637
37725
37638
37726
37639
37727
37640
37728
37641
37729
37642
37730
37643
37731
37644
37732
37645
37733
37646
37734
37647
37735
37648
37736
37649
37737
37650
37738
37651
37739
37652
37740
37653
37741
37654
37742
37655
37743
37656
37744
37657
37745
37658
37746
37659
37747
37660
37748
37661
37749
37662
37750
37663
37751
37664
37752
37665
37753
37666
37754
37667
37755
37668
37756
37669
37757
37670
37758
37671
37759
37672
37760
37673
37761
37674
37762
37675
37763
37676
37764
37677
37765
37678
37766
37679
37767
37680
37768
37681
37769
37682
37770
37683
37771
37684
37772
37685
37773
37686
37774
37687
37775
37688
37776
37689
37777
37690
37778
37691
37779
37692
37780
37693
37781
37694
37782
37695
37783
37696
37784
37697
37785
37698
37786
37699
37787
37700
37788
37701
37789
37702
37790
37791
37704
37792
37705
37793
37706
37794
37707
37795
37708
37796
37709
37797
37710
37798
37711
37799
37712
37800
37713
37801
37714
37802
37715
37803
37716
37804
37717
37805
37718
37806
37719
37807
37720
37808
37721
37809
37722
37810
37723
37811
37724
37812
37725
37813
37726
37814
37727
37815
37728
37816
37729
37817
37730
37818
37731
37819
37732
37820
37733
37821
37734
37822
37735
37823
37736
37824
37737
37825
37738
37826
37739
37827
37740
37828
37741
37829
37742
37830
37743
37831
37744
37832
37745
37833
37746
37834
37747
37835
37748
37836
37749
37837
37750
37838
37751
37839
37752
37840
37753
37841
37754
37842
37755
37843
37756
37844
37757
37845
37758
37846
37759
37847
37760
37848
37761
37849
37762
37850
37763
37851
37764
37852
37765
37853
37766
37854
37767
37855
37768
37856
37769
37857
37770
37858
37771
37859
37772
37860
37773
37861
37774
37862
37775
37863
37776
37864
37777
37865
37778
37866
37779
37867
37780
37868
37781
37869
37782
37870
37783
37871
37784
37872
37785
37873
37786
37874
37787
37875
37788
37876
37789
37877
37790
37878
37791
37879
37880
37793
37881
37794
37882
37795
37883
37796
37884
37797
37885
37798
37886
37799
37887
37800
37888
37801
37889
37802
37890
37803
37891
37804
37892
37805
37893
37806
37894
37807
37895
37808
37896
37809
37897
37810
37898
37811
37899
37812
37900
37813
37901
37814
37902
37815
37903
37816
37904
37817
37905
37818
37906
37819
37907
37820
37908
37821
37909
37822
37910
37823
37911
37824
37912
37825
37913
37826
37914
37827
37915
37828
37916
37829
37917
37830
37918
37831
37919
37832
37920
37833
37921
37834
37922
37835
37923
37836
37924
37837
37925
37838
37926
37839
37927
37840
37928
37841
37929
37842
37930
37843
37931
37844
37932
37845
37933
37846
37934
37847
37935
37848
37936
37849
37937
37850
37938
37851
37939
37852
37940
37853
37941
37854
37942
37855
37943
37856
37944
37857
37945
37858
37946
37859
37947
37860
37948
37861
37949
37862
37950
37863
37951
37864
37952
37865
37953
37866
37954
37867
37955
37868
37956
37869
37957
37870
37958
37871
37959
37872
37960
37873
37961
37874
37962
37875
37963
37876
37964
37877
37965
37878
37966
37879
37967
37880
37968
37969
37882
37970
37883
37971
37884
37972
37885
37973
37886
37974
37887
37975
37888
37976
37889
37977
37890
37978
37891
37979
37892
37980
37893
37981
37894
37982
37895
37983
37896
37984
37897
37985
37898
37986
37899
37987
37900
37988
37901
37989
37902
37990
37903
37991
37904
37992
37905
37993
37906
37994
37907
37995
37908
37996
37909
37997
37910
37998
37911
37999
37912
38000
37913
38001
37914
38002
37915
38003
37916
38004
37917
38005
37918
38006
37919
38007
37920
38008
37921
38009
37922
38010
37923
38011
37924
38012
37925
38013
37926
38014
37927
38015
37928
38016
37929
38017
37930
38018
37931
38019
37932
38020
37933
38021
37934
38022
37935
38023
37936
38024
37937
38025
37938
38026
37939
38027
37940
38028
37941
38029
37942
38030
37943
38031
37944
38032
37945
38033
37946
38034
37947
38035
37948
38036
37949
38037
37950
38038
37951
38039
37952
38040
37953
38041
37954
38042
37955
38043
37956
38044
37957
38045
37958
38046
37959
38047
37960
38048
37961
38049
37962
38050
37963
38051
37964
38052
37965
38053
37966
38054
37967
38055
37968
38056
37969
38057
38058
37971
38059
37972
38060
37973
38061
37974
38062
37975
38063
37976
38064
37977
38065
37978
38066
37979
38067
37980
38068
37981
38069
37982
38070
37983
38071
37984
38072
37985
38073
37986
38074
37987
38075
37988
38076
37989
38077
37990
38078
37991
38079
37992
38080
37993
38081
37994
38082
37995
38083
37996
38084
37997
38085
37998
38086
37999
38087
38000
38088
38001
38089
38002
38090
38003
38091
38004
38092
38005
38093
38006
38094
38007
38095
38008
38096
38009
38097
38010
38098
38011
38099
38012
38100
38013
38101
38014
38102
38015
38103
38016
38104
38017
38105
38018
38106
38019
38107
38020
38108
38021
38109
38022
38110
38023
38111
38024
38112
38025
38113
38026
38114
38027
38115
38028
38116
38029
38117
38030
38118
38031
38119
38032
38120
38033
38121
38034
38122
38035
38123
38036
38124
38037
38125
38038
38126
38039
38127
38040
38128
38041
38129
38042
38130
38043
38131
38044
38132
38045
38133
38046
38134
38047
38135
38048
38136
38049
38137
38050
38138
38051
38139
38052
38140
38053
38141
38054
38142
38055
38143
38056
38144
38057
38145
38058
38146
38147
38060
38148
38061
38149
38062
38150
38063
38151
38064
38152
38065
38153
38066
38154
38067
38155
38068
38156
38069
38157
38070
38158
38071
38159
38072
38160
38073
38161
38074
38162
38075
38163
38076
38164
38077
38165
38078
38166
38079
38167
38080
38168
38081
38169
38082
38170
38083
38171
38084
38172
38085
38173
38086
38174
38087
38175
38088
38176
38089
38177
38090
38178
38091
38179
38092
38180
38093
38181
38094
38182
38095
38183
38096
38184
38097
38185
38098
38186
38099
38187
38100
38188
38101
38189
38102
38190
38103
38191
38104
38192
38105
38193
38106
38194
38107
38195
38108
38196
38109
38197
38110
38198
38111
38199
38112
38200
38113
38201
38114
38202
38115
38203
38116
38204
38117
38205
38118
38206
38119
38207
38120
38208
38121
38209
38122
38210
38123
38211
38124
38212
38125
38213
38126
38214
38127
38215
38128
38216
38129
38217
38130
38218
38131
38219
38132
38220
38133
38221
38134
38222
38135
38223
38136
38224
38137
38225
38138
38226
38139
38227
38140
38228
38141
38229
38142
38230
38143
38231
38144
38232
38145
38233
38146
38234
38147
38235
38236
38149
38237
38150
38238
38151
38239
38152
38240
38153
38241
38154
38242
38155
38243
38156
38244
38157
38245
38158
38246
38159
38247
38160
38248
38161
38249
38162
38250
38163
38251
38164
38252
38165
38253
38166
38254
38167
38255
38168
38256
38169
38257
38170
38258
38171
38259
38172
38260
38173
38261
38174
38262
38175
38263
38176
38264
38177
38265
38178
38266
38179
38267
38180
38268
38181
38269
38182
38270
38183
38271
38184
38272
38185
38273
38186
38274
38187
38275
38188
38276
38189
38277
38190
38278
38191
38279
38192
38280
38193
38281
38194
38282
38195
38283
38196
38284
38197
38285
38198
38286
38199
38287
38200
38288
38201
38289
38202
38290
38203
38291
38204
38292
38205
38293
38206
38294
38207
38295
38208
38296
38209
38297
38210
38298
38211
38299
38212
38300
38213
38301
38214
38302
38215
38303
38216
38304
38217
38305
38218
38306
38219
38307
38220
38308
38221
38309
38222
38310
38223
38311
38224
38312
38225
38313
38226
38314
38227
38315
38228
38316
38229
38317
38230
38318
38231
38319
38232
38320
38233
38321
38234
38322
38235
38323
38236
38324
38325
38238
38326
38239
38327
38240
38328
38241
38329
38242
38330
38243
38331
38244
38332
38245
38333
38246
38334
38247
38335
38248
38336
38249
38337
38250
38338
38251
38339
38252
38340
38253
38341
38254
38342
38255
38343
38256
38344
38257
38345
38258
38346
38259
38347
38260
38348
38261
38349
38262
38350
38263
38351
38264
38352
38265
38353
38266
38354
38267
38355
38268
38356
38269
38357
38270
38358
38271
38359
38272
38360
38273
38361
38274
38362
38275
38363
38276
38364
38277
38365
38278
38366
38279
38367
38280
38368
38281
38369
38282
38370
38283
38371
38284
38372
38285
38373
38286
38374
38287
38375
38288
38376
38289
38377
38290
38378
38291
38379
38292
38380
38293
38381
38294
38382
38295
38383
38296
38384
38297
38385
38298
38386
38299
38387
38300
38388
38301
38389
38302
38390
38303
38391
38304
38392
38305
38393
38306
38394
38307
38395
38308
38396
38309
38397
38310
38398
38311
38399
38312
38400
38313
38401
38314
38402
38315
38403
38316
38404
38317
38405
38318
38406
38319
38407
38320
38408
38321
38409
38322
38410
38323
38411
38324
38412
38325
38413
38414
38327
38415
38328
38416
38329
38417
38330
38418
38331
38419
38332
38420
38333
38421
38334
38422
38335
38423
38336
38424
38337
38425
38338
38426
38339
38427
38340
38428
38341
38429
38342
38430
38343
38431
38344
38432
38345
38433
38346
38434
38347
38435
38348
38436
38349
38437
38350
38438
38351
38439
38352
38440
38353
38441
38354
38442
38355
38443
38356
38444
38357
38445
38358
38446
38359
38447
38360
38448
38361
38449
38362
38450
38363
38451
38364
38452
38365
38453
38366
38454
38367
38455
38368
38456
38369
38457
38370
38458
38371
38459
38372
38460
38373
38461
38374
38462
38375
38463
38376
38464
38377
38465
38378
38466
38379
38467
38380
38468
38381
38469
38382
38470
38383
38471
38384
38472
38385
38473
38386
38474
38387
38475
38388
38476
38389
38477
38390
38478
38391
38479
38392
38480
38393
38481
38394
38482
38395
38483
38396
38484
38397
38485
38398
38486
38399
38487
38400
38488
38401
38489
38402
38490
38403
38491
38404
38492
38405
38493
38406
38494
38407
38495
38408
38496
38409
38497
38410
38498
38411
38499
38412
38500
38413
38501
38414
38502
38503
38416
38504
38417
38505
38418
38506
38419
38507
38420
38508
38421
38509
38422
38510
38423
38511
38424
38512
38425
38513
38426
38514
38427
38515
38428
38516
38429
38517
38430
38518
38431
38519
38432
38520
38433
38521
38434
38522
38435
38523
38436
38524
38437
38525
38438
38526
38439
38527
38440
38528
38441
38529
38442
38530
38443
38531
38444
38532
38445
38533
38446
38534
38447
38535
38448
38536
38449
38537
38450
38538
38451
38539
38452
38540
38453
38541
38454
38542
38455
38543
38456
38544
38457
38545
38458
38546
38459
38547
38460
38548
38461
38549
38462
38550
38463
38551
38464
38552
38465
38553
38466
38554
38467
38555
38468
38556
38469
38557
38470
38558
38471
38559
38472
38560
38473
38561
38474
38562
38475
38563
38476
38564
38477
38565
38478
38566
38479
38567
38480
38568
38481
38569
38482
38570
38483
38571
38484
38572
38485
38573
38486
38574
38487
38575
38488
38576
38489
38577
38490
38578
38491
38579
38492
38580
38493
38581
38494
38582
38495
38583
38496
38584
38497
38585
38498
38586
38499
38587
38500
38588
38501
38589
38502
38590
38503
38591
38592
38505
38593
38506
38594
38507
38595
38508
38596
38509
38597
38510
38598
38511
38599
38512
38600
38513
38601
38514
38602
38515
38603
38516
38604
38517
38605
38518
38606
38519
38607
38520
38608
38521
38609
38522
38610
38523
38611
38524
38612
38525
38613
38526
38614
38527
38615
38528
38616
38529
38617
38530
38618
38531
38619
38532
38620
38533
38621
38534
38622
38535
38623
38536
38624
38537
38625
38538
38626
38539
38627
38540
38628
38541
38629
38542
38630
38543
38631
38544
38632
38545
38633
38546
38634
38547
38635
38548
38636
38549
38637
38550
38638
38551
38639
38552
38640
38553
38641
38554
38642
38555
38643
38556
38644
38557
38645
38558
38646
38559
38647
38560
38648
38561
38649
38562
38650
38563
38651
38564
38652
38565
38653
38566
38654
38567
38655
38568
38656
38569
38657
38570
38658
38571
38659
38572
38660
38573
38661
38574
38662
38575
38663
38576
38664
38577
38665
38578
38666
38579
38667
38580
38668
38581
38669
38582
38670
38583
38671
38584
38672
38585
38673
38586
38674
38587
38675
38588
38676
38589
38677
38590
38678
38591
38679
38592
38680
38681
38594
38682
38595
38683
38596
38684
38597
38685
38598
38686
38599
38687
38600
38688
38601
38689
38602
38690
38603
38691
38604
38692
38605
38693
38606
38694
38607
38695
38608
38696
38609
38697
38610
38698
38611
38699
38612
38700
38613
38701
38614
38702
38615
38703
38616
38704
38617
38705
38618
38706
38619
38707
38620
38708
38621
38709
38622
38710
38623
38711
38624
38712
38625
38713
38626
38714
38627
38715
38628
38716
38629
38717
38630
38718
38631
38719
38632
38720
38633
38721
38634
38722
38635
38723
38636
38724
38637
38725
38638
38726
38639
38727
38640
38728
38641
38729
38642
38730
38643
38731
38644
38732
38645
38733
38646
38734
38647
38735
38648
38736
38649
38737
38650
38738
38651
38739
38652
38740
38653
38741
38654
38742
38655
38743
38656
38744
38657
38745
38658
38746
38659
38747
38660
38748
38661
38749
38662
38750
38663
38751
38664
38752
38665
38753
38666
38754
38667
38755
38668
38756
38669
38757
38670
38758
38671
38759
38672
38760
38673
38761
38674
38762
38675
38763
38676
38764
38677
38765
38678
38766
38679
38767
38680
38768
38681
38769
38770
38683
38771
38684
38772
38685
38773
38686
38774
38687
38775
38688
38776
38689
38777
38690
38778
38691
38779
38692
38780
38693
38781
38694
38782
38695
38783
38696
38784
38697
38785
38698
38786
38699
38787
38700
38788
38701
38789
38702
38790
38703
38791
38704
38792
38705
38793
38706
38794
38707
38795
38708
38796
38709
38797
38710
38798
38711
38799
38712
38800
38713
38801
38714
38802
38715
38803
38716
38804
38717
38805
38718
38806
38719
38807
38720
38808
38721
38809
38722
38810
38723
38811
38724
38812
38725
38813
38726
38814
38727
38815
38728
38816
38729
38817
38730
38818
38731
38819
38732
38820
38733
38821
38734
38822
38735
38823
38736
38824
38737
38825
38738
38826
38739
38827
38740
38828
38741
38829
38742
38830
38743
38831
38744
38832
38745
38833
38746
38834
38747
38835
38748
38836
38749
38837
38750
38838
38751
38839
38752
38840
38753
38841
38754
38842
38755
38843
38756
38844
38757
38845
38758
38846
38759
38847
38760
38848
38761
38849
38762
38850
38763
38851
38764
38852
38765
38853
38766
38854
38767
38855
38768
38856
38769
38857
38770
38858
38859
38772
38860
38773
38861
38774
38862
38775
38863
38776
38864
38777
38865
38778
38866
38779
38867
38780
38868
38781
38869
38782
38870
38783
38871
38784
38872
38785
38873
38786
38874
38787
38875
38788
38876
38789
38877
38790
38878
38791
38879
38792
38880
38793
38881
38794
38882
38795
38883
38796
38884
38797
38885
38798
38886
38799
38887
38800
38888
38801
38889
38802
38890
38803
38891
38804
38892
38805
38893
38806
38894
38807
38895
38808
38896
38809
38897
38810
38898
38811
38899
38812
38900
38813
38901
38814
38902
38815
38903
38816
38904
38817
38905
38818
38906
38819
38907
38820
38908
38821
38909
38822
38910
38823
38911
38824
38912
38825
38913
38826
38914
38827
38915
38828
38916
38829
38917
38830
38918
38831
38919
38832
38920
38833
38921
38834
38922
38835
38923
38836
38924
38837
38925
38838
38926
38839
38927
38840
38928
38841
38929
38842
38930
38843
38931
38844
38932
38845
38933
38846
38934
38847
38935
38848
38936
38849
38937
38850
38938
38851
38939
38852
38940
38853
38941
38854
38942
38855
38943
38856
38944
38857
38945
38858
38946
38859
38947
38948
38861
38949
38862
38950
38863
38951
38864
38952
38865
38953
38866
38954
38867
38955
38868
38956
38869
38957
38870
38958
38871
38959
38872
38960
38873
38961
38874
38962
38875
38963
38876
38964
38877
38965
38878
38966
38879
38967
38880
38968
38881
38969
38882
38970
38883
38971
38884
38972
38885
38973
38886
38974
38887
38975
38888
38976
38889
38977
38890
38978
38891
38979
38892
38980
38893
38981
38894
38982
38895
38983
38896
38984
38897
38985
38898
38986
38899
38987
38900
38988
38901
38989
38902
38990
38903
38991
38904
38992
38905
38993
38906
38994
38907
38995
38908
38996
38909
38997
38910
38998
38911
38999
38912
39000
38913
39001
38914
39002
38915
39003
38916
39004
38917
39005
38918
39006
38919
39007
38920
39008
38921
39009
38922
39010
38923
39011
38924
39012
38925
39013
38926
39014
38927
39015
38928
39016
38929
39017
38930
39018
38931
39019
38932
39020
38933
39021
38934
39022
38935
39023
38936
39024
38937
39025
38938
39026
38939
39027
38940
39028
38941
39029
38942
39030
38943
39031
38944
39032
38945
39033
38946
39034
38947
39035
38948
39036
39037
38950
39038
38951
39039
38952
39040
38953
39041
38954
39042
38955
39043
38956
39044
38957
39045
38958
39046
38959
39047
38960
39048
38961
39049
38962
39050
38963
39051
38964
39052
38965
39053
38966
39054
38967
39055
38968
39056
38969
39057
38970
39058
38971
39059
38972
39060
38973
39061
38974
39062
38975
39063
38976
39064
38977
39065
38978
39066
38979
39067
38980
39068
38981
39069
38982
39070
38983
39071
38984
39072
38985
39073
38986
39074
38987
39075
38988
39076
38989
39077
38990
39078
38991
39079
38992
39080
38993
39081
38994
39082
38995
39083
38996
39084
38997
39085
38998
39086
38999
39087
39000
39088
39001
39089
39002
39090
39003
39091
39004
39092
39005
39093
39006
39094
39007
39095
39008
39096
39009
39097
39010
39098
39011
39099
39012
39100
39013
39101
39014
39102
39015
39103
39016
39104
39017
39105
39018
39106
39019
39107
39020
39108
39021
39109
39022
39110
39023
39111
39024
39112
39025
39113
39026
39114
39027
39115
39028
39116
39029
39117
39030
39118
39031
39119
39032
39120
39033
39121
39034
39122
39035
39123
39036
39124
39037
39125
39126
39039
39127
39040
39128
39041
39129
39042
39130
39043
39131
39044
39132
39045
39133
39046
39134
39047
39135
39048
39136
39049
39137
39050
39138
39051
39139
39052
39140
39053
39141
39054
39142
39055
39143
39056
39144
39057
39145
39058
39146
39059
39147
39060
39148
39061
39149
39062
39150
39063
39151
39064
39152
39065
39153
39066
39154
39067
39155
39068
39156
39069
39157
39070
39158
39071
39159
39072
39160
39073
39161
39074
39162
39075
39163
39076
39164
39077
39165
39078
39166
39079
39167
39080
39168
39081
39169
39082
39170
39083
39171
39084
39172
39085
39173
39086
39174
39087
39175
39088
39176
39089
39177
39090
39178
39091
39179
39092
39180
39093
39181
39094
39182
39095
39183
39096
39184
39097
39185
39098
39186
39099
39187
39100
39188
39101
39189
39102
39190
39103
39191
39104
39192
39105
39193
39106
39194
39107
39195
39108
39196
39109
39197
39110
39198
39111
39199
39112
39200
39113
39201
39114
39202
39115
39203
39116
39204
39117
39205
39118
39206
39119
39207
39120
39208
39121
39209
39122
39210
39123
39211
39124
39212
39125
39213
39126
39214
39215
39128
39216
39129
39217
39130
39218
39131
39219
39132
39220
39133
39221
39134
39222
39135
39223
39136
39224
39137
39225
39138
39226
39139
39227
39140
39228
39141
39229
39142
39230
39143
39231
39144
39232
39145
39233
39146
39234
39147
39235
39148
39236
39149
39237
39150
39238
39151
39239
39152
39240
39153
39241
39154
39242
39155
39243
39156
39244
39157
39245
39158
39246
39159
39247
39160
39248
39161
39249
39162
39250
39163
39251
39164
39252
39165
39253
39166
39254
39167
39255
39168
39256
39169
39257
39170
39258
39171
39259
39172
39260
39173
39261
39174
39262
39175
39263
39176
39264
39177
39265
39178
39266
39179
39267
39180
39268
39181
39269
39182
39270
39183
39271
39184
39272
39185
39273
39186
39274
39187
39275
39188
39276
39189
39277
39190
39278
39191
39279
39192
39280
39193
39281
39194
39282
39195
39283
39196
39284
39197
39285
39198
39286
39199
39287
39200
39288
39201
39289
39202
39290
39203
39291
39204
39292
39205
39293
39206
39294
39207
39295
39208
39296
39209
39297
39210
39298
39211
39299
39212
39300
39213
39301
39214
39302
39215
39303
39304
39217
39305
39218
39306
39219
39307
39220
39308
39221
39309
39222
39310
39223
39311
39224
39312
39225
39313
39226
39314
39227
39315
39228
39316
39229
39317
39230
39318
39231
39319
39232
39320
39233
39321
39234
39322
39235
39323
39236
39324
39237
39325
39238
39326
39239
39327
39240
39328
39241
39329
39242
39330
39243
39331
39244
39332
39245
39333
39246
39334
39247
39335
39248
39336
39249
39337
39250
39338
39251
39339
39252
39340
39253
39341
39254
39342
39255
39343
39256
39344
39257
39345
39258
39346
39259
39347
39260
39348
39261
39349
39262
39350
39263
39351
39264
39352
39265
39353
39266
39354
39267
39355
39268
39356
39269
39357
39270
39358
39271
39359
39272
39360
39273
39361
39274
39362
39275
39363
39276
39364
39277
39365
39278
39366
39279
39367
39280
39368
39281
39369
39282
39370
39283
39371
39284
39372
39285
39373
39286
39374
39287
39375
39288
39376
39289
39377
39290
39378
39291
39379
39292
39380
39293
39381
39294
39382
39295
39383
39296
39384
39297
39385
39298
39386
39299
39387
39300
39388
39301
39389
39302
39390
39303
39391
39304
39392
39393
39306
39394
39307
39395
39308
39396
39309
39397
39310
39398
39311
39399
39312
39400
39313
39401
39314
39402
39315
39403
39316
39404
39317
39405
39318
39406
39319
39407
39320
39408
39321
39409
39322
39410
39323
39411
39324
39412
39325
39413
39326
39414
39327
39415
39328
39416
39329
39417
39330
39418
39331
39419
39332
39420
39333
39421
39334
39422
39335
39423
39336
39424
39337
39425
39338
39426
39339
39427
39340
39428
39341
39429
39342
39430
39343
39431
39344
39432
39345
39433
39346
39434
39347
39435
39348
39436
39349
39437
39350
39438
39351
39439
39352
39440
39353
39441
39354
39442
39355
39443
39356
39444
39357
39445
39358
39446
39359
39447
39360
39448
39361
39449
39362
39450
39363
39451
39364
39452
39365
39453
39366
39454
39367
39455
39368
39456
39369
39457
39370
39458
39371
39459
39372
39460
39373
39461
39374
39462
39375
39463
39376
39464
39377
39465
39378
39466
39379
39467
39380
39468
39381
39469
39382
39470
39383
39471
39384
39472
39385
39473
39386
39474
39387
39475
39388
39476
39389
39477
39390
39478
39391
39479
39392
39480
39393
39481
39482
39395
39483
39396
39484
39397
39485
39398
39486
39399
39487
39400
39488
39401
39489
39402
39490
39403
39491
39404
39492
39405
39493
39406
39494
39407
39495
39408
39496
39409
39497
39410
39498
39411
39499
39412
39500
39413
39501
39414
39502
39415
39503
39416
39504
39417
39505
39418
39506
39419
39507
39420
39508
39421
39509
39422
39510
39423
39511
39424
39512
39425
39513
39426
39514
39427
39515
39428
39516
39429
39517
39430
39518
39431
39519
39432
39520
39433
39521
39434
39522
39435
39523
39436
39524
39437
39525
39438
39526
39439
39527
39440
39528
39441
39529
39442
39530
39443
39531
39444
39532
39445
39533
39446
39534
39447
39535
39448
39536
39449
39537
39450
39538
39451
39539
39452
39540
39453
39541
39454
39542
39455
39543
39456
39544
39457
39545
39458
39546
39459
39547
39460
39548
39461
39549
39462
39550
39463
39551
39464
39552
39465
39553
39466
39554
39467
39555
39468
39556
39469
39557
39470
39558
39471
39559
39472
39560
39473
39561
39474
39562
39475
39563
39476
39564
39477
39565
39478
39566
39479
39567
39480
39568
39481
39569
39482
39570
39571
39484
39572
39485
39573
39486
39574
39487
39575
39488
39576
39489
39577
39490
39578
39491
39579
39492
39580
39493
39581
39494
39582
39495
39583
39496
39584
39497
39585
39498
39586
39499
39587
39500
39588
39501
39589
39502
39590
39503
39591
39504
39592
39505
39593
39506
39594
39507
39595
39508
39596
39509
39597
39510
39598
39511
39599
39512
39600
39513
39601
39514
39602
39515
39603
39516
39604
39517
39605
39518
39606
39519
39607
39520
39608
39521
39609
39522
39610
39523
39611
39524
39612
39525
39613
39526
39614
39527
39615
39528
39616
39529
39617
39530
39618
39531
39619
39532
39620
39533
39621
39534
39622
39535
39623
39536
39624
39537
39625
39538
39626
39539
39627
39540
39628
39541
39629
39542
39630
39543
39631
39544
39632
39545
39633
39546
39634
39547
39635
39548
39636
39549
39637
39550
39638
39551
39639
39552
39640
39553
39641
39554
39642
39555
39643
39556
39644
39557
39645
39558
39646
39559
39647
39560
39648
39561
39649
39562
39650
39563
39651
39564
39652
39565
39653
39566
39654
39567
39655
39568
39656
39569
39657
39570
39658
39571
39659
39660
39573
39661
39574
39662
39575
39663
39576
39664
39577
39665
39578
39666
39579
39667
39580
39668
39581
39669
39582
39670
39583
39671
39584
39672
39585
39673
39586
39674
39587
39675
39588
39676
39589
39677
39590
39678
39591
39679
39592
39680
39593
39681
39594
39682
39595
39683
39596
39684
39597
39685
39598
39686
39599
39687
39600
39688
39601
39689
39602
39690
39603
39691
39604
39692
39605
39693
39606
39694
39607
39695
39608
39696
39609
39697
39610
39698
39611
39699
39612
39700
39613
39701
39614
39702
39615
39703
39616
39704
39617
39705
39618
39706
39619
39707
39620
39708
39621
39709
39622
39710
39623
39711
39624
39712
39625
39713
39626
39714
39627
39715
39628
39716
39629
39717
39630
39718
39631
39719
39632
39720
39633
39721
39634
39722
39635
39723
39636
39724
39637
39725
39638
39726
39639
39727
39640
39728
39641
39729
39642
39730
39643
39731
39644
39732
39645
39733
39646
39734
39647
39735
39648
39736
39649
39737
39650
39738
39651
39739
39652
39740
39653
39741
39654
39742
39655
39743
39656
39744
39657
39745
39658
39746
39659
39747
39660
39748
39749
39662
39750
39663
39751
39664
39752
39665
39753
39666
39754
39667
39755
39668
39756
39669
39757
39670
39758
39671
39759
39672
39760
39673
39761
39674
39762
39675
39763
39676
39764
39677
39765
39678
39766
39679
39767
39680
39768
39681
39769
39682
39770
39683
39771
39684
39772
39685
39773
39686
39774
39687
39775
39688
39776
39689
39777
39690
39778
39691
39779
39692
39780
39693
39781
39694
39782
39695
39783
39696
39784
39697
39785
39698
39786
39699
39787
39700
39788
39701
39789
39702
39790
39703
39791
39704
39792
39705
39793
39706
39794
39707
39795
39708
39796
39709
39797
39710
39798
39711
39799
39712
39800
39713
39801
39714
39802
39715
39803
39716
39804
39717
39805
39718
39806
39719
39807
39720
39808
39721
39809
39722
39810
39723
39811
39724
39812
39725
39813
39726
39814
39727
39815
39728
39816
39729
39817
39730
39818
39731
39819
39732
39820
39733
39821
39734
39822
39735
39823
39736
39824
39737
39825
39738
39826
39739
39827
39740
39828
39741
39829
39742
39830
39743
39831
39744
39832
39745
39833
39746
39834
39747
39835
39748
39836
39749
39837
39838
39751
39839
39752
39840
39753
39841
39754
39842
39755
39843
39756
39844
39757
39845
39758
39846
39759
39847
39760
39848
39761
39849
39762
39850
39763
39851
39764
39852
39765
39853
39766
39854
39767
39855
39768
39856
39769
39857
39770
39858
39771
39859
39772
39860
39773
39861
39774
39862
39775
39863
39776
39864
39777
39865
39778
39866
39779
39867
39780
39868
39781
39869
39782
39870
39783
39871
39784
39872
39785
39873
39786
39874
39787
39875
39788
39876
39789
39877
39790
39878
39791
39879
39792
39880
39793
39881
39794
39882
39795
39883
39796
39884
39797
39885
39798
39886
39799
39887
39800
39888
39801
39889
39802
39890
39803
39891
39804
39892
39805
39893
39806
39894
39807
39895
39808
39896
39809
39897
39810
39898
39811
39899
39812
39900
39813
39901
39814
39902
39815
39903
39816
39904
39817
39905
39818
39906
39819
39907
39820
39908
39821
39909
39822
39910
39823
39911
39824
39912
39825
39913
39826
39914
39827
39915
39828
39916
39829
39917
39830
39918
39831
39919
39832
39920
39833
39921
39834
39922
39835
39923
39836
39924
39837
39925
39838
39926
39927
39840
39928
39841
39929
39842
39930
39843
39931
39844
39932
39845
39933
39846
39934
39847
39935
39848
39936
39849
39937
39850
39938
39851
39939
39852
39940
39853
39941
39854
39942
39855
39943
39856
39944
39857
39945
39858
39946
39859
39947
39860
39948
39861
39949
39862
39950
39863
39951
39864
39952
39865
39953
39866
39954
39867
39955
39868
39956
39869
39957
39870
39958
39871
39959
39872
39960
39873
39961
39874
39962
39875
39963
39876
39964
39877
39965
39878
39966
39879
39967
39880
39968
39881
39969
39882
39970
39883
39971
39884
39972
39885
39973
39886
39974
39887
39975
39888
39976
39889
39977
39890
39978
39891
39979
39892
39980
39893
39981
39894
39982
39895
39983
39896
39984
39897
39985
39898
39986
39899
39987
39900
39988
39901
39989
39902
39990
39903
39991
39904
39992
39905
39993
39906
39994
39907
39995
39908
39996
39909
39997
39910
39998
39911
39999
39912
40000
39913
40001
39914
40002
39915
40003
39916
40004
39917
40005
39918
40006
39919
40007
39920
40008
39921
40009
39922
40010
39923
40011
39924
40012
39925
40013
39926
40014
39927
40015
40016
39929
40017
39930
40018
39931
40019
39932
40020
39933
40021
39934
40022
39935
40023
39936
40024
39937
40025
39938
40026
39939
40027
39940
40028
39941
40029
39942
40030
39943
40031
39944
40032
39945
40033
39946
40034
39947
40035
39948
40036
39949
40037
39950
40038
39951
40039
39952
40040
39953
40041
39954
40042
39955
40043
39956
40044
39957
40045
39958
40046
39959
40047
39960
40048
39961
40049
39962
40050
39963
40051
39964
40052
39965
40053
39966
40054
39967
40055
39968
40056
39969
40057
39970
40058
39971
40059
39972
40060
39973
40061
39974
40062
39975
40063
39976
40064
39977
40065
39978
40066
39979
40067
39980
40068
39981
40069
39982
40070
39983
40071
39984
40072
39985
40073
39986
40074
39987
40075
39988
40076
39989
40077
39990
40078
39991
40079
39992
40080
39993
40081
39994
40082
39995
40083
39996
40084
39997
40085
39998
40086
39999
40087
40000
40088
40001
40089
40002
40090
40003
40091
40004
40092
40005
40093
40006
40094
40007
40095
40008
40096
40009
40097
40010
40098
40011
40099
40012
40100
40013
40101
40014
40102
40015
40103
40016
40104
40105
40018
40106
40019
40107
40020
40108
40021
40109
40022
40110
40023
40111
40024
40112
40025
40113
40026
40114
40027
40115
40028
40116
40029
40117
40030
40118
40031
40119
40032
40120
40033
40121
40034
40122
40035
40123
40036
40124
40037
40125
40038
40126
40039
40127
40040
40128
40041
40129
40042
40130
40043
40131
40044
40132
40045
40133
40046
40134
40047
40135
40048
40136
40049
40137
40050
40138
40051
40139
40052
40140
40053
40141
40054
40142
40055
40143
40056
40144
40057
40145
40058
40146
40059
40147
40060
40148
40061
40149
40062
40150
40063
40151
40064
40152
40065
40153
40066
40154
40067
40155
40068
40156
40069
40157
40070
40158
40071
40159
40072
40160
40073
40161
40074
40162
40075
40163
40076
40164
40077
40165
40078
40166
40079
40167
40080
40168
40081
40169
40082
40170
40083
40171
40084
40172
40085
40173
40086
40174
40087
40175
40088
40176
40089
40177
40090
40178
40091
40179
40092
40180
40093
40181
40094
40182
40095
40183
40096
40184
40097
40185
40098
40186
40099
40187
40100
40188
40101
40189
40102
40190
40103
40191
40104
40192
40105
40193
40194
40107
40195
40108
40196
40109
40197
40110
40198
40111
40199
40112
40200
40113
40201
40114
40202
40115
40203
40116
40204
40117
40205
40118
40206
40119
40207
40120
40208
40121
40209
40122
40210
40123
40211
40124
40212
40125
40213
40126
40214
40127
40215
40128
40216
40129
40217
40130
40218
40131
40219
40132
40220
40133
40221
40134
40222
40135
40223
40136
40224
40137
40225
40138
40226
40139
40227
40140
40228
40141
40229
40142
40230
40143
40231
40144
40232
40145
40233
40146
40234
40147
40235
40148
40236
40149
40237
40150
40238
40151
40239
40152
40240
40153
40241
40154
40242
40155
40243
40156
40244
40157
40245
40158
40246
40159
40247
40160
40248
40161
40249
40162
40250
40163
40251
40164
40252
40165
40253
40166
40254
40167
40255
40168
40256
40169
40257
40170
40258
40171
40259
40172
40260
40173
40261
40174
40262
40175
40263
40176
40264
40177
40265
40178
40266
40179
40267
40180
40268
40181
40269
40182
40270
40183
40271
40184
40272
40185
40273
40186
40274
40187
40275
40188
40276
40189
40277
40190
40278
40191
40279
40192
40280
40193
40281
40194
40282
40283
40196
40284
40197
40285
40198
40286
40199
40287
40200
40288
40201
40289
40202
40290
40203
40291
40204
40292
40205
40293
40206
40294
40207
40295
40208
40296
40209
40297
40210
40298
40211
40299
40212
40300
40213
40301
40214
40302
40215
40303
40216
40304
40217
40305
40218
40306
40219
40307
40220
40308
40221
40309
40222
40310
40223
40311
40224
40312
40225
40313
40226
40314
40227
40315
40228
40316
40229
40317
40230
40318
40231
40319
40232
40320
40233
40321
40234
40322
40235
40323
40236
40324
40237
40325
40238
40326
40239
40327
40240
40328
40241
40329
40242
40330
40243
40331
40244
40332
40245
40333
40246
40334
40247
40335
40248
40336
40249
40337
40250
40338
40251
40339
40252
40340
40253
40341
40254
40342
40255
40343
40256
40344
40257
40345
40258
40346
40259
40347
40260
40348
40261
40349
40262
40350
40263
40351
40264
40352
40265
40353
40266
40354
40267
40355
40268
40356
40269
40357
40270
40358
40271
40359
40272
40360
40273
40361
40274
40362
40275
40363
40276
40364
40277
40365
40278
40366
40279
40367
40280
40368
40281
40369
40282
40370
40283
40371
40372
40285
40373
40286
40374
40287
40375
40288
40376
40289
40377
40290
40378
40291
40379
40292
40380
40293
40381
40294
40382
40295
40383
40296
40384
40297
40385
40298
40386
40299
40387
40300
40388
40301
40389
40302
40390
40303
40391
40304
40392
40305
40393
40306
40394
40307
40395
40308
40396
40309
40397
40310
40398
40311
40399
40312
40400
40313
40401
40314
40402
40315
40403
40316
40404
40317
40405
40318
40406
40319
40407
40320
40408
40321
40409
40322
40410
40323
40411
40324
40412
40325
40413
40326
40414
40327
40415
40328
40416
40329
40417
40330
40418
40331
40419
40332
40420
40333
40421
40334
40422
40335
40423
40336
40424
40337
40425
40338
40426
40339
40427
40340
40428
40341
40429
40342
40430
40343
40431
40344
40432
40345
40433
40346
40434
40347
40435
40348
40436
40349
40437
40350
40438
40351
40439
40352
40440
40353
40441
40354
40442
40355
40443
40356
40444
40357
40445
40358
40446
40359
40447
40360
40448
40361
40449
40362
40450
40363
40451
40364
40452
40365
40453
40366
40454
40367
40455
40368
40456
40369
40457
40370
40458
40371
40459
40372
40460
40461
40374
40462
40375
40463
40376
40464
40377
40465
40378
40466
40379
40467
40380
40468
40381
40469
40382
40470
40383
40471
40384
40472
40385
40473
40386
40474
40387
40475
40388
40476
40389
40477
40390
40478
40391
40479
40392
40480
40393
40481
40394
40482
40395
40483
40396
40484
40397
40485
40398
40486
40399
40487
40400
40488
40401
40489
40402
40490
40403
40491
40404
40492
40405
40493
40406
40494
40407
40495
40408
40496
40409
40497
40410
40498
40411
40499
40412
40500
40413
40501
40414
40502
40415
40503
40416
40504
40417
40505
40418
40506
40419
40507
40420
40508
40421
40509
40422
40510
40423
40511
40424
40512
40425
40513
40426
40514
40427
40515
40428
40516
40429
40517
40430
40518
40431
40519
40432
40520
40433
40521
40434
40522
40435
40523
40436
40524
40437
40525
40438
40526
40439
40527
40440
40528
40441
40529
40442
40530
40443
40531
40444
40532
40445
40533
40446
40534
40447
40535
40448
40536
40449
40537
40450
40538
40451
40539
40452
40540
40453
40541
40454
40542
40455
40543
40456
40544
40457
40545
40458
40546
40459
40547
40460
40548
40461
40549
40550
40463
40551
40464
40552
40465
40553
40466
40554
40467
40555
40468
40556
40469
40557
40470
40558
40471
40559
40472
40560
40473
40561
40474
40562
40475
40563
40476
40564
40477
40565
40478
40566
40479
40567
40480
40568
40481
40569
40482
40570
40483
40571
40484
40572
40485
40573
40486
40574
40487
40575
40488
40576
40489
40577
40490
40578
40491
40579
40492
40580
40493
40581
40494
40582
40495
40583
40496
40584
40497
40585
40498
40586
40499
40587
40500
40588
40501
40589
40502
40590
40503
40591
40504
40592
40505
40593
40506
40594
40507
40595
40508
40596
40509
40597
40510
40598
40511
40599
40512
40600
40513
40601
40514
40602
40515
40603
40516
40604
40517
40605
40518
40606
40519
40607
40520
40608
40521
40609
40522
40610
40523
40611
40524
40612
40525
40613
40526
40614
40527
40615
40528
40616
40529
40617
40530
40618
40531
40619
40532
40620
40533
40621
40534
40622
40535
40623
40536
40624
40537
40625
40538
40626
40539
40627
40540
40628
40541
40629
40542
40630
40543
40631
40544
40632
40545
40633
40546
40634
40547
40635
40548
40636
40549
40637
40550
40638
40639
40552
40640
40553
40641
40554
40642
40555
40643
40556
40644
40557
40645
40558
40646
40559
40647
40560
40648
40561
40649
40562
40650
40563
40651
40564
40652
40565
40653
40566
40654
40567
40655
40568
40656
40569
40657
40570
40658
40571
40659
40572
40660
40573
40661
40574
40662
40575
40663
40576
40664
40577
40665
40578
40666
40579
40667
40580
40668
40581
40669
40582
40670
40583
40671
40584
40672
40585
40673
40586
40674
40587
40675
40588
40676
40589
40677
40590
40678
40591
40679
40592
40680
40593
40681
40594
40682
40595
40683
40596
40684
40597
40685
40598
40686
40599
40687
40600
40688
40601
40689
40602
40690
40603
40691
40604
40692
40605
40693
40606
40694
40607
40695
40608
40696
40609
40697
40610
40698
40611
40699
40612
40700
40613
40701
40614
40702
40615
40703
40616
40704
40617
40705
40618
40706
40619
40707
40620
40708
40621
40709
40622
40710
40623
40711
40624
40712
40625
40713
40626
40714
40627
40715
40628
40716
40629
40717
40630
40718
40631
40719
40632
40720
40633
40721
40634
40722
40635
40723
40636
40724
40637
40725
40638
40726
40639
40727
40728
40641
40729
40642
40730
40643
40731
40644
40732
40645
40733
40646
40734
40647
40735
40648
40736
40649
40737
40650
40738
40651
40739
40652
40740
40653
40741
40654
40742
40655
40743
40656
40744
40657
40745
40658
40746
40659
40747
40660
40748
40661
40749
40662
40750
40663
40751
40664
40752
40665
40753
40666
40754
40667
40755
40668
40756
40669
40757
40670
40758
40671
40759
40672
40760
40673
40761
40674
40762
40675
40763
40676
40764
40677
40765
40678
40766
40679
40767
40680
40768
40681
40769
40682
40770
40683
40771
40684
40772
40685
40773
40686
40774
40687
40775
40688
40776
40689
40777
40690
40778
40691
40779
40692
40780
40693
40781
40694
40782
40695
40783
40696
40784
40697
40785
40698
40786
40699
40787
40700
40788
40701
40789
40702
40790
40703
40791
40704
40792
40705
40793
40706
40794
40707
40795
40708
40796
40709
40797
40710
40798
40711
40799
40712
40800
40713
40801
40714
40802
40715
40803
40716
40804
40717
40805
40718
40806
40719
40807
40720
40808
40721
40809
40722
40810
40723
40811
40724
40812
40725
40813
40726
40814
40727
40815
40728
40816
40817
40730
40818
40731
40819
40732
40820
40733
40821
40734
40822
40735
40823
40736
40824
40737
40825
40738
40826
40739
40827
40740
40828
40741
40829
40742
40830
40743
40831
40744
40832
40745
40833
40746
40834
40747
40835
40748
40836
40749
40837
40750
40838
40751
40839
40752
40840
40753
40841
40754
40842
40755
40843
40756
40844
40757
40845
40758
40846
40759
40847
40760
40848
40761
40849
40762
40850
40763
40851
40764
40852
40765
40853
40766
40854
40767
40855
40768
40856
40769
40857
40770
40858
40771
40859
40772
40860
40773
40861
40774
40862
40775
40863
40776
40864
40777
40865
40778
40866
40779
40867
40780
40868
40781
40869
40782
40870
40783
40871
40784
40872
40785
40873
40786
40874
40787
40875
40788
40876
40789
40877
40790
40878
40791
40879
40792
40880
40793
40881
40794
40882
40795
40883
40796
40884
40797
40885
40798
40886
40799
40887
40800
40888
40801
40889
40802
40890
40803
40891
40804
40892
40805
40893
40806
40894
40807
40895
40808
40896
40809
40897
40810
40898
40811
40899
40812
40900
40813
40901
40814
40902
40815
40903
40816
40904
40817
40905
40906
40819
40907
40820
40908
40821
40909
40822
40910
40823
40911
40824
40912
40825
40913
40826
40914
40827
40915
40828
40916
40829
40917
40830
40918
40831
40919
40832
40920
40833
40921
40834
40922
40835
40923
40836
40924
40837
40925
40838
40926
40839
40927
40840
40928
40841
40929
40842
40930
40843
40931
40844
40932
40845
40933
40846
40934
40847
40935
40848
40936
40849
40937
40850
40938
40851
40939
40852
40940
40853
40941
40854
40942
40855
40943
40856
40944
40857
40945
40858
40946
40859
40947
40860
40948
40861
40949
40862
40950
40863
40951
40864
40952
40865
40953
40866
40954
40867
40955
40868
40956
40869
40957
40870
40958
40871
40959
40872
40960
40873
40961
40874
40962
40875
40963
40876
40964
40877
40965
40878
40966
40879
40967
40880
40968
40881
40969
40882
40970
40883
40971
40884
40972
40885
40973
40886
40974
40887
40975
40888
40976
40889
40977
40890
40978
40891
40979
40892
40980
40893
40981
40894
40982
40895
40983
40896
40984
40897
40985
40898
40986
40899
40987
40900
40988
40901
40989
40902
40990
40903
40991
40904
40992
40905
40993
40906
40994
40995
40908
40996
40909
40997
40910
40998
40911
40999
40912
41000
40913
41001
40914
41002
40915
41003
40916
41004
40917
41005
40918
41006
40919
41007
40920
41008
40921
41009
40922
41010
40923
41011
40924
41012
40925
41013
40926
41014
40927
41015
40928
41016
40929
41017
40930
41018
40931
41019
40932
41020
40933
41021
40934
41022
40935
41023
40936
41024
40937
41025
40938
41026
40939
41027
40940
41028
40941
41029
40942
41030
40943
41031
40944
41032
40945
41033
40946
41034
40947
41035
40948
41036
40949
41037
40950
41038
40951
41039
40952
41040
40953
41041
40954
41042
40955
41043
40956
41044
40957
41045
40958
41046
40959
41047
40960
41048
40961
41049
40962
41050
40963
41051
40964
41052
40965
41053
40966
41054
40967
41055
40968
41056
40969
41057
40970
41058
40971
41059
40972
41060
40973
41061
40974
41062
40975
41063
40976
41064
40977
41065
40978
41066
40979
41067
40980
41068
40981
41069
40982
41070
40983
41071
40984
41072
40985
41073
40986
41074
40987
41075
40988
41076
40989
41077
40990
41078
40991
41079
40992
41080
40993
41081
40994
41082
40995
41083
41084
40997
40998
40999
41000
41001
41002
41003
41004
41005
41006
41007
41008
41009
41010
41011
41012
41013
41014
41015
41016
41017
41018
41019
41020
41021
41022
41023
41024
41025
41026
41027
41028
41029
41030
41031
41032
41033
41034
41035
41036
41037
41038
41039
41040
41041
41042
41043
41044
41045
41046
41047
41048
41049
41050
41051
41052
41053
41054
41055
41056
41057
41058
41059
41060
41061
41062
41063
41064
41065
41066
41067
41068
41069
41070
41071
41072
41073
41074
41075
41076
41077
41078
41079
41080
41081
41082
41083
41084
)


// ************************************************************************* //
